Workbook

Sheet Config
A1: Configuration (Edit Weights & Thresholds)
A2: CIE Weight (%) | B2: 50
A3: SEE Weight (%) | B3: 40
A4: Indirect Weight (%) | B4: 10
A5: Level 3 Threshold (%) | B5: 70
A6: Level 2 Threshold (%) | B6: 60
A7: Level 1 Threshold (%) | B7: 40

Sheet Subjects Master
A1: Semester | B1: Subject Code | C1: Subject Title | D1: Credits | E1: CO Count | F1: Default Target (%)
A2: Sem 3 | B2: MA101 | C2: Engineering Mathematics III | D2: 4 | E2: 5 | F2: 60
A3: Sem 3 | B3: CS102 | C3: Data Structures & Algorithms | D3: 4 | E3: 5 | F3: 60
A4: Sem 3 | B4: EC103 | C4: Digital Electronics | D4: 3 | E4: 4 | F4: 60

Sheet Marks Entry
A1: S.No | B1: Semester | C1: Subject Code | D1: Subject Title | E1: Student Roll No | F1: Student Name | G1: Assessment Type (CIE/SEE) | H1: Instrument (MST1/MST2/Assign/Quiz/SEE) | I1: Question/Item | J1: Mapped CO | K1: Bloom Level | L1: Max Marks | M1: Marks Obtained | N1: Target (%) | O1: Attainment (%) | P1: Attained (Y/N)
A2: 1 | B2: Sem 3 | C2: MA101 | D2: Engineering Mathematics III | E2: 23CS001 | F2: Anita Rao | G2: CIE | H2: MST1 | I2: Q1 | J2: CO1 | K2: Understand | L2: 10 | M2: 8 | N2: 60 | O2: =IF(L2>0, M2/L2*100, 0) | P2: =IF(O2>=N2,"Y","N")
A3: 2 | B3: Sem 3 | C3: MA101 | D3: Engineering Mathematics III | E3: 23CS002 | F3: Bhavesh Iyer | G3: CIE | H3: MST1 | I3: Q1 | J3: CO1 | K3: Understand | L3: 10 | M3: 4 | N3: 60 | O3: =IF(L3>0, M3/L3*100, 0) | P3: =IF(O3>=N3,"Y","N")
A4: 3 | B4: Sem 3 | C4: MA101 | D4: Engineering Mathematics III | E4: 23CS001 | F4: Anita Rao | G4: SEE | H4: SEE | I4: Q3 | J4: CO1 | K4: Analyze | L4: 10 | M4: 7 | N4: 60 | O4: =IF(L4>0, M4/L4*100, 0) | P4: =IF(O4>=N4,"Y","N")
A5: 4 | B5: Sem 3 | C5: MA101 | D5: Engineering Mathematics III | E5: 23CS002 | F5: Bhavesh Iyer | G5: SEE | H5: SEE | I5: Q3 | J5: CO1 | K5: Analyze | L5: 10 | M5: 6 | N5: 60 | O5: =IF(L5>0, M5/L5*100, 0) | P5: =IF(O5>=N5,"Y","N")
A6: 5 | B6: Sem 3 | C6: CS102 | D6: Data Structures & Algorithms | E6: 23CS001 | F6: Anita Rao | G6: CIE | H6: MST2 | I6: Q2 | J6: CO2 | K6: Apply | L6: 10 | M6: 6 | N6: 60 | O6: =IF(L6>0, M6/L6*100, 0) | P6: =IF(O6>=N6,"Y","N")
A7: 6 | B7: Sem 3 | C7: CS102 | D7: Data Structures & Algorithms | E7: 23CS002 | F7: Bhavesh Iyer | G7: CIE | H7: Assignment | I7: A1 | J7: CO2 | K7: Apply | L7: 20 | M7: 10 | N7: 60 | O7: =IF(L7>0, M7/L7*100, 0) | P7: =IF(O7>=N7,"Y","N")
A8: 7 | B8: Sem 3 | C8: CS102 | D8: Data Structures & Algorithms | E8: 23CS001 | F8: Anita Rao | G8: SEE | H8: SEE | I8: Q5 | J8: CO2 | K8: Analyze | L8: 10 | M8: 8 | N8: 60 | O8: =IF(L8>0, M8/L8*100, 0) | P8: =IF(O8>=N8,"Y","N")
A9: 8 | B9: Sem 3 | C9: CS102 | D9: Data Structures & Algorithms | E9: 23CS002 | F9: Bhavesh Iyer | G9: SEE | H9: SEE | I9: Q5 | J9: CO2 | K9: Analyze | L9: 10 | M9: 3 | N9: 60 | O9: =IF(L9>0, M9/L9*100, 0) | P9: =IF(O9>=N9,"Y","N")
A10: 9 | B10: Sem 3 | C10: EC103 | D10: Digital Electronics | E10: 23CS001 | F10: Anita Rao | G10: CIE | H10: Quiz | I10: Qz1 | J10: CO3 | K10: Remember | L10: 10 | M10: 9 | N10: 60 | O10: =IF(L10>0, M10/L10*100, 0) | P10: =IF(O10>=N10,"Y","N")
A11: 10 | B11: Sem 3 | C11: EC103 | D11: Digital Electronics | E11: 23CS002 | F11: Bhavesh Iyer | G11: CIE | H11: MST1 | I11: Q1 | J11: CO1 | K11: Understand | L11: 10 | M11: 5 | N11: 60 | O11: =IF(L11>0, M11/L11*100, 0) | P11: =IF(O11>=N11,"Y","N")
A12: 11 | B12: Sem 3 | C12: EC103 | D12: Digital Electronics | E12: 23CS001 | F12: Anita Rao | G12: SEE | H12: SEE | I12: Q2 | J12: CO3 | K12: Apply | L12: 20 | M12: 12 | N12: 60 | O12: =IF(L12>0, M12/L12*100, 0) | P12: =IF(O12>=N12,"Y","N")
A13: 12 | B13: Sem 3 | C13: EC103 | D13: Digital Electronics | E13: 23CS002 | F13: Bhavesh Iyer | G13: SEE | H13: SEE | I13: Q2 | J13: CO3 | K13: Apply | L13: 20 | M13: 8 | N13: 60 | O13: =IF(L13>0, M13/L13*100, 0) | P13: =IF(O13>=N13,"Y","N")

Sheet CO Summary
A1: Semester | B1: Subject Code | C1: Subject Title | D1: CO | E1: Target (%) | F1: CIE Attainment (%) | G1: SEE Attainment (%) | H1: Indirect Attainment (%) | I1: Final Attainment (%) | J1: Attainment Level | K1: Gap (Final-Target) | L1: Status | M1: Suggested Action
A2: Sem 3 | B2: MA101 | C2: Engineering Mathematics III | D2: CO1 | E2: 60 | F2: =IFERROR(COUNTIFS('Marks Entry'!$B:$B,$A2,'Marks Entry'!$C:$C,$B2,'Marks Entry'!$K:$K,$D2,'Marks Entry'!$G:$G,"CIE",'Marks Entry'!$P:$P,"Y")/COUNTIFS('Marks Entry'!$B:$B,$A2,'Marks Entry'!$C:$C,$B2,'Marks Entry'!$K:$K,$D2,'Marks Entry'!$G:$G,"CIE")*100,0) | G2: =IFERROR(COUNTIFS('Marks Entry'!$B:$B,$A2,'Marks Entry'!$C:$C,$B2,'Marks Entry'!$K:$K,$D2,'Marks Entry'!$G:$G,"SEE",'Marks Entry'!$P:$P,"Y")/COUNTIFS('Marks Entry'!$B:$B,$A2,'Marks Entry'!$C:$C,$B2,'Marks Entry'!$K:$K,$D2,'Marks Entry'!$G:$G,"SEE")*100,0) | H2: 65 | I2: =ROUND((F2*$B$2+G2*$B$3+H2*$B$4)/100,2) | J2: =IF(I2>=$B$5,"L3",IF(I2>=$B$6,"L2",IF(I2>=$B$7,"L1","L0"))) | K2: =I2-E2 | L2: =IF(I2>=E2,"Met","Not Met") | M2: If Not Met: remedials, re-teach tricky topics, assessment redesign
A3: Sem 3 | B3: MA101 | C3: Engineering Mathematics III | D3: CO2 | E3: 60 | F3: =IFERROR(COUNTIFS('Marks Entry'!$B:$B,$A3,'Marks Entry'!$C:$C,$B3,'Marks Entry'!$K:$K,$D3,'Marks Entry'!$G:$G,"CIE",'Marks Entry'!$P:$P,"Y")/COUNTIFS('Marks Entry'!$B:$B,$A3,'Marks Entry'!$C:$C,$B3,'Marks Entry'!$K:$K,$D3,'Marks Entry'!$G:$G,"CIE")*100,0) | G3: =IFERROR(COUNTIFS('Marks Entry'!$B:$B,$A3,'Marks Entry'!$C:$C,$B3,'Marks Entry'!$K:$K,$D3,'Marks Entry'!$G:$G,"SEE",'Marks Entry'!$P:$P,"Y")/COUNTIFS('Marks Entry'!$B:$B,$A3,'Marks Entry'!$C:$C,$B3,'Marks Entry'!$K:$K,$D3,'Marks Entry'!$G:$G,"SEE")*100,0) | H3: 65 | I3: =ROUND((F3*$B$2+G3*$B$3+H3*$B$4)/100,2) | J3: =IF(I3>=$B$5,"L3",IF(I3>=$B$6,"L2",IF(I3>=$B$7,"L1","L0"))) | K3: =I3-E3 | L3: =IF(I3>=E3,"Met","Not Met") | M3: If Not Met: remedials, re-teach tricky topics, assessment redesign
A4: Sem 3 | B4: CS102 | C4: Data Structures & Algorithms | D4: CO1 | E4: 60 | F4: =IFERROR(COUNTIFS('Marks Entry'!$B:$B,$A4,'Marks Entry'!$C:$C,$B4,'Marks Entry'!$K:$K,$D4,'Marks Entry'!$G:$G,"CIE",'Marks Entry'!$P:$P,"Y")/COUNTIFS('Marks Entry'!$B:$B,$A4,'Marks Entry'!$C:$C,$B4,'Marks Entry'!$K:$K,$D4,'Marks Entry'!$G:$G,"CIE")*100,0) | G4: =IFERROR(COUNTIFS('Marks Entry'!$B:$B,$A4,'Marks Entry'!$C:$C,$B4,'Marks Entry'!$K:$K,$D4,'Marks Entry'!$G:$G,"SEE",'Marks Entry'!$P:$P,"Y")/COUNTIFS('Marks Entry'!$B:$B,$A4,'Marks Entry'!$C:$C,$B4,'Marks Entry'!$K:$K,$D4,'Marks Entry'!$G:$G,"SEE")*100,0) | H4: 65 | I4: =ROUND((F4*$B$2+G4*$B$3+H4*$B$4)/100,2) | J4: =IF(I4>=$B$5,"L3",IF(I4>=$B$6,"L2",IF(I4>=$B$7,"L1","L0"))) | K4: =I4-E4 | L4: =IF(I4>=E4,"Met","Not Met") | M4: If Not Met: remedials, re-teach tricky topics, assessment redesign
A5: Sem 3 | B5: CS102 | C5: Data Structures & Algorithms | D5: CO2 | E5: 60 | F5: =IFERROR(COUNTIFS('Marks Entry'!$B:$B,$A5,'Marks Entry'!$C:$C,$B5,'Marks Entry'!$K:$K,$D5,'Marks Entry'!$G:$G,"CIE",'Marks Entry'!$P:$P,"Y")/COUNTIFS('Marks Entry'!$B:$B,$A5,'Marks Entry'!$C:$C,$B5,'Marks Entry'!$K:$K,$D5,'Marks Entry'!$G:$G,"CIE")*100,0) | G5: =IFERROR(COUNTIFS('Marks Entry'!$B:$B,$A5,'Marks Entry'!$C:$C,$B5,'Marks Entry'!$K:$K,$D5,'Marks Entry'!$G:$G,"SEE",'Marks Entry'!$P:$P,"Y")/COUNTIFS('Marks Entry'!$B:$B,$A5,'Marks Entry'!$C:$C,$B5,'Marks Entry'!$K:$K,$D5,'Marks Entry'!$G:$G,"SEE")*100,0) | H5: 65 | I5: =ROUND((F5*$B$2+G5*$B$3+H5*$B$4)/100,2) | J5: =IF(I5>=$B$5,"L3",IF(I5>=$B$6,"L2",IF(I5>=$B$7,"L1","L0"))) | K5: =I5-E5 | L5: =IF(I5>=E5,"Met","Not Met") | M5: If Not Met: remedials, re-teach tricky topics, assessment redesign
A6: Sem 3 | B6: EC103 | C6: Digital Electronics | D6: CO1 | E6: 60 | F6: =IFERROR(COUNTIFS('Marks Entry'!$B:$B,$A6,'Marks Entry'!$C:$C,$B6,'Marks Entry'!$K:$K,$D6,'Marks Entry'!$G:$G,"CIE",'Marks Entry'!$P:$P,"Y")/COUNTIFS('Marks Entry'!$B:$B,$A6,'Marks Entry'!$C:$C,$B6,'Marks Entry'!$K:$K,$D6,'Marks Entry'!$G:$G,"CIE")*100,0) | G6: =IFERROR(COUNTIFS('Marks Entry'!$B:$B,$A6,'Marks Entry'!$C:$C,$B6,'Marks Entry'!$K:$K,$D6,'Marks Entry'!$G:$G,"SEE",'Marks Entry'!$P:$P,"Y")/COUNTIFS('Marks Entry'!$B:$B,$A6,'Marks Entry'!$C:$C,$B6,'Marks Entry'!$K:$K,$D6,'Marks Entry'!$G:$G,"SEE")*100,0) | H6: 65 | I6: =ROUND((F6*$B$2+G6*$B$3+H6*$B$4)/100,2) | J6: =IF(I6>=$B$5,"L3",IF(I6>=$B$6,"L2",IF(I6>=$B$7,"L1","L0"))) | K6: =I6-E6 | L6: =IF(I6>=E6,"Met","Not Met") | M6: If Not Met: remedials, re-teach tricky topics, assessment redesign
A7: Sem 3 | B7: EC103 | C7: Digital Electronics | D7: CO3 | E7: 60 | F7: =IFERROR(COUNTIFS('Marks Entry'!$B:$B,$A7,'Marks Entry'!$C:$C,$B7,'Marks Entry'!$K:$K,$D7,'Marks Entry'!$G:$G,"CIE",'Marks Entry'!$P:$P,"Y")/COUNTIFS('Marks Entry'!$B:$B,$A7,'Marks Entry'!$C:$C,$B7,'Marks Entry'!$K:$K,$D7,'Marks Entry'!$G:$G,"CIE")*100,0) | G7: =IFERROR(COUNTIFS('Marks Entry'!$B:$B,$A7,'Marks Entry'!$C:$C,$B7,'Marks Entry'!$K:$K,$D7,'Marks Entry'!$G:$G,"SEE",'Marks Entry'!$P:$P,"Y")/COUNTIFS('Marks Entry'!$B:$B,$A7,'Marks Entry'!$C:$C,$B7,'Marks Entry'!$K:$K,$D7,'Marks Entry'!$G:$G,"SEE")*100,0) | H7: 65 | I7: =ROUND((F7*$B$2+G7*$B$3+H7*$B$4)/100,2) | J7: =IF(I7>=$B$5,"L3",IF(I7>=$B$6,"L2",IF(I7>=$B$7,"L1","L0"))) | K7: =I7-E7 | L7: =IF(I7>=E7,"Met","Not Met") | M7: If Not Met: remedials, re-teach tricky topics, assessment redesign

Sheet Semester Dashboard
A1: Semester | B1: Subject Code | C1: Subject Title | D1: Avg Final Attainment across COs (%) | E1: COs at L3 | F1: COs at L2 | G1: COs at L1/L0 | H1: Subjects Status (All COs Met?)
A2: Sem 3 | B2: MA101 | C2: Engineering Mathematics III | D2: =IFERROR(AVERAGEIF('CO Summary'!$B:$B,$B2,'CO Summary'!$I:$I),0) | E2: =COUNTIFS('CO Summary'!$B:$B,$B2,'CO Summary'!$J:$J,"L3") | F2: =COUNTIFS('CO Summary'!$B:$B,$B2,'CO Summary'!$J:$J,"L2") | G2: =COUNTIFS('CO Summary'!$B:$B,$B2,'CO Summary'!$J:$J,"L1")+COUNTIFS('CO Summary'!$B:$B,$B2,'CO Summary'!$J:$J,"L0") | H2: =IF(MIN(IF('CO Summary'!$B:$B=$B2,'CO Summary'!$I:$I - 'CO Summary'!$E:$E,))>=0,"All COs Met","Pending COs"
A3: Sem 3 | B3: CS102 | C3: Data Structures & Algorithms | D3: =IFERROR(AVERAGEIF('CO Summary'!$B:$B,$B3,'CO Summary'!$I:$I),0) | E3: =COUNTIFS('CO Summary'!$B:$B,$B3,'CO Summary'!$J:$J,"L3") | F3: =COUNTIFS('CO Summary'!$B:$B,$B3,'CO Summary'!$J:$J,"L2") | G3: =COUNTIFS('CO Summary'!$B:$B,$B3,'CO Summary'!$J:$J,"L1")+COUNTIFS('CO Summary'!$B:$B,$B3,'CO Summary'!$J:$J,"L0") | H3: =IF(MIN(IF('CO Summary'!$B:$B=$B3,'CO Summary'!$I:$I - 'CO Summary'!$E:$E,))>=0,"All COs Met","Pending COs"
A4: Sem 3 | B4: EC103 | C4: Digital Electronics | D4: =IFERROR(AVERAGEIF('CO Summary'!$B:$B,$B4,'CO Summary'!$I:$I),0) | E4: =COUNTIFS('CO Summary'!$B:$B,$B4,'CO Summary'!$J:$J,"L3") | F4: =COUNTIFS('CO Summary'!$B:$B,$B4,'CO Summary'!$J:$J,"L2") | G4: =COUNTIFS('CO Summary'!$B:$B,$B4,'CO Summary'!$J:$J,"L1")+COUNTIFS('CO Summary'!$B:$B,$B4,'CO Summary'!$J:$J,"L0") | H4: =IF(MIN(IF('CO Summary'!$B:$B=$B4,'CO Summary'!$I:$I - 'CO Summary'!$E:$E,))>=0,"All COs Met","Pending COs"
