Workbook

Sheet Config
A1: Configuration (Edit Weights & Thresholds for LAB)
A2: CIE_Lab Weight (%) | B2: 60
A3: EndLab Weight (%) | B3: 30
A4: Indirect Weight (%) | B4: 10
A5: Level 3 Threshold (%) | B5: 70
A6: Level 2 Threshold (%) | B6: 60
A7: Level 1 Threshold (%) | B7: 40

Sheet Labs Master
A1: Semester | B1: Lab Code | C1: Lab Title | D1: Credits | E1: CO Count | F1: Default Target (%)
A2: Sem 3 | B2: CSL201 | C2: Data Structures Lab | D2: 1 | E2: 4 | F2: 60
A3: Sem 3 | B3: ECL202 | C3: Digital Systems Lab | D3: 1 | E3: 4 | F3: 60

Sheet Rubrics (Guide)
A1: Suggested Rubric Criteria (edit as needed)
A2: Instrument Type | B2: Criterion | C2: Max Marks (suggested) | D2: Description (editable)
A3: Experiment | B3: Preparation/Setup | C3: 5 | D3: Reads procedure, sets up apparatus correctly
A4: Experiment | B4: Procedure Execution | C4: 5 | D4: Follows steps, safety, timing
A5: Experiment | B5: Observation/Data | C5: 5 | D5: Records accurate observations
A6: Experiment | B6: Analysis/Inference | C6: 5 | D6: Correct calculations & reasoning
A7: Record Book | B7: Record Quality | C7: 10 | D7: Neatness, completeness, structure
A8: Viva (Internal) | B8: Concept Understanding | C8: 10 | D8: Explains theory and application
A9: Mini-Project | B9: Design & Implementation | C9: 20 | D9: Functionality, documentation
A10: EndLab | B10: End-sem Practical + Viva | C10: 30 | D10: Exam performance at semester end

Sheet Marks Entry (Lab)
A1: S.No | B1: Semester | C1: Lab Code | D1: Lab Title | E1: Student Roll No | F1: Student Name | G1: Assessment Type (CIE_Lab/EndLab) | H1: Instrument Type (Experiment/Record/Viva/Project/EndLab) | I1: Experiment/Item | J1: Mapped CO | K1: Criterion | L1: Max Marks | M1: Marks Obtained | N1: Target (%) | O1: Attainment (%) | P1: Attained (Y/N)
A2: 1 | B2: Sem 3 | C2: CSL201 | D2: Data Structures Lab | E2: 23CS001 | F2: Anita Rao | G2: CIE_Lab | H2: Experiment | I2: Exp1-Stacks | J2: CO1 | K2: Procedure Execution | L2: 5 | M2: 4 | N2: 60 | O2: =IF(L2>0, M2/L2*100, 0) | P2: =IF(O2>=N2,"Y","N")
A3: 2 | B3: Sem 3 | C3: CSL201 | D3: Data Structures Lab | E3: 23CS002 | F3: Bhavesh Iyer | G3: CIE_Lab | H3: Experiment | I3: Exp1-Stacks | J3: CO1 | K3: Procedure Execution | L3: 5 | M3: 2 | N3: 60 | O3: =IF(L3>0, M3/L3*100, 0) | P3: =IF(O3>=N3,"Y","N")
A4: 3 | B4: Sem 3 | C4: CSL201 | D4: Data Structures Lab | E4: 23CS001 | F4: Anita Rao | G4: EndLab | H4: EndLab | I4: Prac+Viva | J4: CO1 | K4: End-sem Practical + Viva | L4: 30 | M4: 22 | N4: 60 | O4: =IF(L4>0, M4/L4*100, 0) | P4: =IF(O4>=N4,"Y","N")
A5: 4 | B5: Sem 3 | C5: CSL201 | D5: Data Structures Lab | E5: 23CS002 | F5: Bhavesh Iyer | G5: EndLab | H5: EndLab | I5: Prac+Viva | J5: CO1 | K5: End-sem Practical + Viva | L5: 30 | M5: 14 | N5: 60 | O5: =IF(L5>0, M5/L5*100, 0) | P5: =IF(O5>=N5,"Y","N")
A6: 5 | B6: Sem 3 | C6: ECL202 | D6: Digital Systems Lab | E6: 23CS001 | F6: Anita Rao | G6: CIE_Lab | H6: Viva | I6: Viva-FlipFlops | J6: CO2 | K6: Concept Understanding | L6: 10 | M6: 8 | N6: 60 | O6: =IF(L6>0, M6/L6*100, 0) | P6: =IF(O6>=N6,"Y","N")
A7: 6 | B7: Sem 3 | C7: ECL202 | D7: Digital Systems Lab | E7: 23CS002 | F7: Bhavesh Iyer | G7: CIE_Lab | H7: Viva | I7: Viva-FlipFlops | J7: CO2 | K7: Concept Understanding | L7: 10 | M7: 5 | N7: 60 | O7: =IF(L7>0, M7/L7*100, 0) | P7: =IF(O7>=N7,"Y","N")
A8: 7 | B8: Sem 3 | C8: ECL202 | D8: Digital Systems Lab | E8: 23CS001 | F8: Anita Rao | G8: EndLab | H8: EndLab | I8: Prac+Viva | J8: CO2 | K8: End-sem Practical + Viva | L8: 30 | M8: 21 | N8: 60 | O8: =IF(L8>0, M8/L8*100, 0) | P8: =IF(O8>=N8,"Y","N")
A9: 8 | B9: Sem 3 | C9: ECL202 | D9: Digital Systems Lab | E9: 23CS002 | F9: Bhavesh Iyer | G9: EndLab | H9: EndLab | I9: Prac+Viva | J9: CO2 | K9: End-sem Practical + Viva | L9: 30 | M9: 12 | N9: 60 | O9: =IF(L9>0, M9/L9*100, 0) | P9: =IF(O9>=N9,"Y","N")

Sheet Lab CO Summary
A1: Semester | B1: Lab Code | C1: Lab Title | D1: CO | E1: Target (%) | F1: CIE_Lab Attainment (%) | G1: EndLab Attainment (%) | H1: Indirect Attainment (%) | I1: Final Attainment (%) | J1: Attainment Level | K1: Gap (Final-Target) | L1: Status | M1: Suggested Action
A2: Sem 3 | B2: CSL201 | C2: Data Structures Lab | D2: CO1 | E2: 60 | F2: =IFERROR(COUNTIFS('Marks Entry (Lab)'!$B:$B,$A2,'Marks Entry (Lab)'!$C:$C,$B2,'Marks Entry (Lab)'!$J:$J,$D2,'Marks Entry (Lab)'!$G:$G,"CIE_Lab",'Marks Entry (Lab)'!$P:$P,"Y")/COUNTIFS('Marks Entry (Lab)'!$B:$B,$A2,'Marks Entry (Lab)'!$C:$C,$B2,'Marks Entry (Lab)'!$J:$J,$D2,'Marks Entry (Lab)'!$G:$G,"CIE_Lab")*100,0) | G2: =IFERROR(COUNTIFS('Marks Entry (Lab)'!$B:$B,$A2,'Marks Entry (Lab)'!$C:$C,$B2,'Marks Entry (Lab)'!$J:$J,$D2,'Marks Entry (Lab)'!$G:$G,"EndLab",'Marks Entry (Lab)'!$P:$P,"Y")/COUNTIFS('Marks Entry (Lab)'!$B:$B,$A2,'Marks Entry (Lab)'!$C:$C,$B2,'Marks Entry (Lab)'!$J:$J,$D2,'Marks Entry (Lab)'!$G:$G,"EndLab")*100,0) | H2: 65 | I2: =ROUND((F2*$B$2+G2*$B$3+H2*$B$4)/100,2) | J2: =IF(I2>=$B$5,"L3",IF(I2>=$B$6,"L2",IF(I2>=$B$7,"L1","L0"))) | K2: =I2-E2 | L2: =IF(I2>=E2,"Met","Not Met") | M2: If Not Met: extra trials, demo sessions, rubric feedback, viva practice
A3: Sem 3 | B3: ECL202 | C3: Digital Systems Lab | D3: CO2 | E3: 60 | F3: =IFERROR(COUNTIFS('Marks Entry (Lab)'!$B:$B,$A3,'Marks Entry (Lab)'!$C:$C,$B3,'Marks Entry (Lab)'!$J:$J,$D3,'Marks Entry (Lab)'!$G:$G,"CIE_Lab",'Marks Entry (Lab)'!$P:$P,"Y")/COUNTIFS('Marks Entry (Lab)'!$B:$B,$A3,'Marks Entry (Lab)'!$C:$C,$B3,'Marks Entry (Lab)'!$J:$J,$D3,'Marks Entry (Lab)'!$G:$G,"CIE_Lab")*100,0) | G3: =IFERROR(COUNTIFS('Marks Entry (Lab)'!$B:$B,$A3,'Marks Entry (Lab)'!$C:$C,$B3,'Marks Entry (Lab)'!$J:$J,$D3,'Marks Entry (Lab)'!$G:$G,"EndLab",'Marks Entry (Lab)'!$P:$P,"Y")/COUNTIFS('Marks Entry (Lab)'!$B:$B,$A3,'Marks Entry (Lab)'!$C:$C,$B3,'Marks Entry (Lab)'!$J:$J,$D3,'Marks Entry (Lab)'!$G:$G,"EndLab")*100,0) | H3: 65 | I3: =ROUND((F3*$B$2+G3*$B$3+H3*$B$4)/100,2) | J3: =IF(I3>=$B$5,"L3",IF(I3>=$B$6,"L2",IF(I3>=$B$7,"L1","L0"))) | K3: =I3-E3 | L3: =IF(I3>=E3,"Met","Not Met") | M3: If Not Met: extra trials, demo sessions, rubric feedback, viva practice

Sheet Semester Lab Dashboard
A1: Semester | B1: Lab Code | C1: Lab Title | D1: Avg Final Attainment across COs (%) | E1: COs at L3 | F1: COs at L2 | G1: COs at L1/L0 | H1: Lab Status (All COs Met?)
A2: Sem 3 | B2: CSL201 | C2: Data Structures Lab | D2: =IFERROR(AVERAGEIF('Lab CO Summary'!$B:$B,$B2,'Lab CO Summary'!$I:$I),0) | E2: =COUNTIFS('Lab CO Summary'!$B:$B,$B2,'Lab CO Summary'!$J:$J,"L3") | F2: =COUNTIFS('Lab CO Summary'!$B:$B,$B2,'Lab CO Summary'!$J:$J,"L2") | G2: =COUNTIFS('Lab CO Summary'!$B:$B,$B2,'Lab CO Summary'!$J:$J,"L1")+COUNTIFS('Lab CO Summary'!$B:$B,$B2,'Lab CO Summary'!$J:$J,"L0") | H2: =IF(MIN(IF('Lab CO Summary'!$B:$B=$B2,'Lab CO Summary'!$I:$I-'Lab CO Summary'!$E:$E))>=0,"All COs Met","Pending COs")
A3: Sem 3 | B3: ECL202 | C3: Digital Systems Lab | D3: =IFERROR(AVERAGEIF('Lab CO Summary'!$B:$B,$B3,'Lab CO Summary'!$I:$I),0) | E3: =COUNTIFS('Lab CO Summary'!$B:$B,$B3,'Lab CO Summary'!$J:$J,"L3") | F3: =COUNTIFS('Lab CO Summary'!$B:$B,$B3,'Lab CO Summary'!$J:$J,"L2") | G3: =COUNTIFS('Lab CO Summary'!$B:$B,$B3,'Lab CO Summary'!$J:$J,"L1")+COUNTIFS('Lab CO Summary'!$B:$B,$B3,'Lab CO Summary'!$J:$J,"L0") | H3: =IF(MIN(IF('Lab CO Summary'!$B:$B=$B3,'Lab CO Summary'!$I:$I-'Lab CO Summary'!$E:$E))>=0,"All COs Met","Pending COs")
