Workbook

Sheet CO-PO Mapping
A1: Course Code | B1: CO | C1: CO Attainment (%) | D1: PO1 | E1: PO2 | F1: PO3 | G1: PO4 | H1: PO5 | I1: PO6 | J1: PO7 | K1: PO8 | L1: PO9 | M1: PO10 | N1: PO11 | O1: PSO1 | P1: PSO2 | Q1: PSO3
A2: C101 | B2: CO1 | C2: 72 | D2: 3 | E2: 2 | F2: 0
A3: C101 | B3: CO2 | C3: 68 | D3: 2 | E3: 3 | F3: 1
A4: C102 | B4: CO1 | C4: 65 | D4: 1 | E4: 2 | F4: 2

Sheet PO Direct Attainment
A1: PO/PSO | B1: Sum of Mapping Weights | C1: Sum of (CO Attainment × Weight) | D1: Direct Attainment (%)
A2: PO1 | B2: =SUM('CO-PO Mapping'!D2:D100) | C2: =SUMPRODUCT('CO-PO Mapping'!C2:C100,'CO-PO Mapping'!D2:D100) | D2: =IF(B2>0,C2/B2,"")
A3: PO2 | B3: =SUM('CO-PO Mapping'!E2:E100) | C3: =SUMPRODUCT('CO-PO Mapping'!C2:C100,'CO-PO Mapping'!E2:E100) | D3: =IF(B3>0,C3/B3,"")
A4: PO3 | B4: =SUM('CO-PO Mapping'!F2:F100) | C4: =SUMPRODUCT('CO-PO Mapping'!C2:C100,'CO-PO Mapping'!F2:F100) | D4: =IF(B4>0,C4/B4,"")
A5: PO4 | B5: =SUM('CO-PO Mapping'!G2:G100) | C5: =SUMPRODUCT('CO-PO Mapping'!C2:C100,'CO-PO Mapping'!G2:G100) | D5: =IF(B5>0,C5/B5,"")
A6: PO5 | B6: =SUM('CO-PO Mapping'!H2:H100) | C6: =SUMPRODUCT('CO-PO Mapping'!C2:C100,'CO-PO Mapping'!H2:H100) | D6: =IF(B6>0,C6/B6,"")
A7: PO6 | B7: =SUM('CO-PO Mapping'!I2:I100) | C7: =SUMPRODUCT('CO-PO Mapping'!C2:C100,'CO-PO Mapping'!I2:I100) | D7: =IF(B7>0,C7/B7,"")
A8: PO7 | B8: =SUM('CO-PO Mapping'!J2:J100) | C8: =SUMPRODUCT('CO-PO Mapping'!C2:C100,'CO-PO Mapping'!J2:J100) | D8: =IF(B8>0,C8/B8,"")
A9: PO8 | B9: =SUM('CO-PO Mapping'!K2:K100) | C9: =SUMPRODUCT('CO-PO Mapping'!C2:C100,'CO-PO Mapping'!K2:K100) | D9: =IF(B9>0,C9/B9,"")
A10: PO9 | B10: =SUM('CO-PO Mapping'!L2:L100) | C10: =SUMPRODUCT('CO-PO Mapping'!C2:C100,'CO-PO Mapping'!L2:L100) | D10: =IF(B10>0,C10/B10,"")
A11: PO10 | B11: =SUM('CO-PO Mapping'!M2:M100) | C11: =SUMPRODUCT('CO-PO Mapping'!C2:C100,'CO-PO Mapping'!M2:M100) | D11: =IF(B11>0,C11/B11,"")
A12: PO11 | B12: =SUM('CO-PO Mapping'!N2:N100) | C12: =SUMPRODUCT('CO-PO Mapping'!C2:C100,'CO-PO Mapping'!N2:N100) | D12: =IF(B12>0,C12/B12,"")
A13: PSO1 | B13: =SUM('CO-PO Mapping'!O2:O100) | C13: =SUMPRODUCT('CO-PO Mapping'!C2:C100,'CO-PO Mapping'!O2:O100) | D13: =IF(B13>0,C13/B13,"")
A14: PSO2 | B14: =SUM('CO-PO Mapping'!P2:P100) | C14: =SUMPRODUCT('CO-PO Mapping'!C2:C100,'CO-PO Mapping'!P2:P100) | D14: =IF(B14>0,C14/B14,"")
A15: PSO3 | B15: =SUM('CO-PO Mapping'!Q2:Q100) | C15: =SUMPRODUCT('CO-PO Mapping'!C2:C100,'CO-PO Mapping'!Q2:Q100) | D15: =IF(B15>0,C15/B15,"")

Sheet Notes
A1: Instructions - PO/PSO Direct Attainment Calculator
A3: • Enter each Course Code, CO number, and its CO Attainment % in 'CO-PO Mapping' sheet. • Enter Mapping Weights (1=Low, 2=Medium, 3=High) for the CO vs relevant PO/PSOs. • Leave cells blank where a CO does not map to a PO/PSO. • 'PO Direct Attainment' sheet auto-calculates: - Sum of Mapping Weights per PO/PSO - Weighted contribution (CO Attainment × Weight) - Final Direct Attainment % = (Sum of contributions ÷ Sum of weights) • Extend rows in 'CO-PO Mapping' for more COs (up to row 100 pre-set). • Add more PSO columns if needed; copy formulas in PO Direct Attainment sheet.
