Workbook

Sheet API3_Calculator
A1: ACADEMIC PERFORMANCE OF 3RD-YEAR STUDENTS — NBA ACCREDITATION (Max: 10)
A2: Formula: API = X × (Y ÷ Z) | Average API = (APICAYm1 + APICAYm2 + APICAYm3) ÷ 3
A3: KEY DEFINITIONS
B4: Symbol | C4: Term | D4: Meaning
B5: X | C5: Quality Factor | D5: Mean GPA (10-pt scale) OR Mean % marks ÷ 10 — of SUCCESSFUL students only
B6: Y | C6: Successful Students | D6: Students who cleared 3rd year and were promoted to 4th year (from Pass List)
B7: Z | C7: Appeared Students | D7: Students who appeared in 3rd-year exam (Present; excludes absent / detained / debarred)
A9: SECTION A — DATA INPUT (Blue cells = editable inputs)
A10: # | B10: Metric / Variable | C10: CAYm3 (2021–22) | D10: CAYm2 (2022–23) | E10: CAYm1 (2023–24) | F10: Cohort Average | G10: Notes
A11: 1 | B11: Z — Students appeared in 3rd-year exam | C11: 110 | D11: 108 | E11: 105 | F11: =AVERAGE(C11:E11) -> 107.66667 | G11: Exam Appearance List (Present only)
A12: 2 | B12: Y — Students promoted to 4th year (successful) | C12: 94 | D12: 90 | E12: 92 | F12: =AVERAGE(C12:E12) -> 92 | G12: Official Pass / Promotion List
A13: 3 | B13: X — Mean GPA of successful students (10-pt scale) | C13: 7 | D13: 6.9 | E13: 7.1 | F13: =AVERAGE(C13:E13) -> 7 | G13: 3rd-Year Result Gazette — successful set only
A14: 4 | B14: API = X × (Y ÷ Z) [auto-calculated] | C14: =C13*(C12/C11) -> 5.9818182 | D14: =D13*(D12/D11) -> 5.75 | E14: =E13*(E12/E11) -> 6.2209524 | F14: =AVERAGE(C14:E14) -> 5.9842569 | G14: API = X × (Y/Z) per cohort
A15: SECTION B — FINAL SCORE
A16: Average API (out of 10) = (APICAYm3 + APICAYm2 + APICAYm1) ÷ 3 | F16: =AVERAGE(C14:E14) -> 5.9842569 | G16: ← Final NBA Score (max 10)
A17: Performance band (auto-labelled from average API) | F17: =IF(F16>=8,"≥8.0 → Excellent",IF(F16>=5,"5.0–7.9 → Acceptable","<5.0 → Weak — needs attention")) -> 5.0–7.9 → Acceptable | G17: ← Performance band
A19: SECTION C — SUPPORTING METRICS (auto-calculated)
A20: # | B20: Metric | C20: CAYm3 | D20: CAYm2 | E20: CAYm1 | F20: 3-Yr Avg | G20: Interpretation
A21: 1 | B21: Promotion rate Y/Z (%) | C21: =C12/C11*100 -> 85.454545 | D21: =D12/D11*100 -> 83.333333 | E21: =E12/E11*100 -> 87.619048 | F21: =AVERAGE(C21:E21) -> 85.468975 | G21: Percentage of students who progressed to final year
A22: 2 | B22: Attrition (Z – Y) | C22: =C11-C12 -> 16 | D22: =D11-D12 -> 18 | E22: =E11-E12 -> 13 | F22: =AVERAGE(C22:E22) -> 15.666667 | G22: Students who could not progress (failed / repeat)
A23: 3 | B23: Pass% (Y/Z × 100) | C23: =C12/C11*100 -> 85.454545 | D23: =D12/D11*100 -> 83.333333 | E23: =E12/E11*100 -> 87.619048 | F23: =AVERAGE(C23:E23) -> 85.468975 | G23: Same as promotion rate for 3rd-year cohort
A25: ⚠ COMMON PITFALLS: (1) Do NOT include failed students' GPA in X. (2) Use appeared count (Z), not registered intake. (3) Students with unresolved backlogs are NOT counted in Y. (4) Do not mix GPA and % marks within one cohort.

Sheet SAR_Table
A1: SAR TABLE — ACADEMIC PERFORMANCE OF 3RD-YEAR STUDENTS (NBA Format)
A2: All values auto-linked from API3_Calculator sheet | Cross-referenced against mandatory evidence
A3: # | B3: Metric | C3: CAYm3 (2021–22) | D3: CAYm2 (2022–23) | E3: CAYm1 (2023–24) | F3: Remarks
A4: 1 | B4: X — Mean GPA (or %÷10) of successful 3rd-year students | C4: =API3_Calculator!C13 -> 7 | D4: =API3_Calculator!D13 -> 6.9 | E4: =API3_Calculator!E13 -> 7.1 | F4: From Result Gazette — successful students only
A5: 2 | B5: Y — Successful students promoted to 4th year | C5: =API3_Calculator!C12 -> 94 | D5: =API3_Calculator!D12 -> 90 | E5: =API3_Calculator!E12 -> 92 | F5: From University Pass / Promotion List
A6: 3 | B6: Z — Students appeared in 3rd-year exam | C6: =API3_Calculator!C11 -> 110 | D6: =API3_Calculator!D11 -> 108 | E6: =API3_Calculator!E11 -> 105 | F6: From Exam Appearance List (present only)
A7: 4 | B7: Y/Z — Promotion ratio | C7: =API3_Calculator!C12/API3_Calculator!C11 -> 0.85454545 | D7: =API3_Calculator!D12/API3_Calculator!D11 -> 0.83333333 | E7: =API3_Calculator!E12/API3_Calculator!E11 -> 0.87619048 | F7: Pass rate for the cohort
A8: 5 | B8: API = X × (Y/Z) [auto-calculated] | C8: =API3_Calculator!C14 -> 5.9818182 | D8: =API3_Calculator!D14 -> 5.75 | E8: =API3_Calculator!E14 -> 6.2209524 | F8: Core NBA metric per cohort (out of 10)
A9: Average API (out of 10) = Mean of three cohort APIs | C9: — | D9: — | E9: =API3_Calculator!F16 -> 5.9842569 | F9: ← Final reported NBA score (max 10)
A10: Performance band (auto-labelled) | E10: =API3_Calculator!F17 -> 5.0–7.9 → Acceptable | F10: ← Performance category

Sheet Performance_Bands
A1: ACADEMIC PERFORMANCE INDEX (API) — 3RD YEAR — INTERPRETATION BANDS
A2: Band | B2: Average API Range | C2: NBA Rating | D2: % of Max Score | E2: Interpretation | F2: Recommended Action
A3: A | B3: ≥ 8.0 | C3: Excellent | D3: 80–100% | E3: Strong academic performance; smooth progression to final year | F3: Maintain and document best practices
A4: B | B4: 6.0 – 7.9 | C4: Good | D4: 60–79% | E4: Acceptable performance; minor failures or dropouts present | F4: Identify weak cohort factors; targeted remedial action
A5: C | B5: 5.0 – 5.9 | C5: Acceptable | D5: 50–59% | E5: Moderate performance; noticeable progression gap | F5: Investigate causes; improve tutorial and mentoring
A6: D | B6: < 5.0 | C6: Weak | D6: < 50% | E6: Poor progression rate or low GPA; signals systemic issues | F6: Immediate corrective action; NBA will flag this
A8: FORMULA QUICK REFERENCE
A9: Formula Name | B9: Expression | C9: Note | D9: — | E9: — | F9: —
A10: API (per cohort) | B10: API = X × (Y ÷ Z) | C10: X = Mean GPA of successful students (Y-set)
A11: Average API | B11: (APICAYm1 + APICAYm2 + APICAYm3) ÷ 3 | C11: Average across three cohorts (max = 10)
A12: Promotion rate | B12: (Y ÷ Z) × 100 | C12: Percentage of appeared students who progressed
A13: Attrition | B13: Z − Y | C13: Students who could not progress to 4th year

Sheet RollNo_Tracker
A1: ROLL-NUMBER MAPPING SHEET — 3RD YEAR COHORT TRACKER (Mandatory NBA Evidence)
A2: Enter one row per student. Status columns auto-label. Use one sheet per cohort — duplicate this sheet for CAYm2 and CAYm3.
A3: # | B3: Roll Number | C3: Student Name | D3: Appeared (Y/N) | E3: Result (Pass/Fail) | F3: GPA / % Marks (if passed) | G3: Promoted to 4th yr? | H3: Counted in Y? | I3: Remarks
A4: 1 | B4: 1001 | C4: Aarav Sharma | D4: Y | E4: Pass | F4: 7.8 | G4: =IF(AND(D4="Y",E4="Pass"),"Yes","No") -> Yes | H4: =IF(AND(D4="Y",E4="Pass"),"✔ Yes","✘ No") -> ✔ Yes | I4: Counts in Y and GPA
A5: 2 | B5: 1002 | C5: Priya Nair | D5: Y | E5: Pass | F5: 8.1 | G5: =IF(AND(D5="Y",E5="Pass"),"Yes","No") -> Yes | H5: =IF(AND(D5="Y",E5="Pass"),"✔ Yes","✘ No") -> ✔ Yes | I5: Counts in Y and GPA
A6: 3 | B6: 1003 | C6: Kiran Menon | D6: Y | E6: Fail | F6: — | G6: =IF(AND(D6="Y",E6="Pass"),"Yes","No") -> No | H6: =IF(AND(D6="Y",E6="Pass"),"✔ Yes","✘ No") -> ✘ No | I6: Failed — counted in Z, not Y
A7: 4 | B7: 1004 | C7: Deepa Thomas | D7: N | E7: — | F7: — | G7: =IF(AND(D7="Y",E7="Pass"),"Yes","No") -> No | H7: =IF(AND(D7="Y",E7="Pass"),"✔ Yes","✘ No") -> ✘ No | I7: Absent — excluded from Z
A8: 5 | B8: 1005 | C8: Anand Pillai | D8: Y | E8: Pass | F8: 6.9 | G8: =IF(AND(D8="Y",E8="Pass"),"Yes","No") -> Yes | H8: =IF(AND(D8="Y",E8="Pass"),"✔ Yes","✘ No") -> ✔ Yes | I8: Counts in Y and GPA
A10: COHORT SUMMARY (auto-calculated from above rows)
A11: Z (appeared) | B11: Y (promoted) | C11: X (mean GPA of Y) | D11: API | E11: — | F11: — | G11: — | H11: — | I11: —
A12: =COUNTIF(D4:D8,"Y") -> 4 | B12: =COUNTIFS(D4:D8,"Y",E4:E8,"Pass") -> 3 | C12: =IFERROR(AVERAGEIFS(F4:F8,D4:D8,"Y",E4:E8,"Pass"),0) -> 7.6 | D12: =C12*(B12/A12) -> 5.7
A14: NOTE: Blue cells are manual inputs. This sheet is the 'Mapping sheet' required as mandatory NBA evidence. Extend rows 4 onwards to cover all students in the cohort. Duplicate this sheet and rename for CAYm2 and CAYm3.

Sheet API_Trend_Chart
A1: 3RD-YEAR API — THREE-YEAR TREND (auto-linked from Calculator)
A2: Metric | B2: CAYm3 (2021–22) | C2: CAYm2 (2022–23) | D2: CAYm1 (2023–24) | E2: 3-Yr Avg
A3: X (Mean GPA of successful) | B3: =API3_Calculator!C13 -> 7 | C3: =API3_Calculator!D13 -> 6.9 | D3: =API3_Calculator!E13 -> 7.1 | E3: =AVERAGE(B3:D3) -> 7
A4: Y (Successful students) | B4: =API3_Calculator!C12 -> 94 | C4: =API3_Calculator!D12 -> 90 | D4: =API3_Calculator!E12 -> 92 | E4: =AVERAGE(B4:D4) -> 92
A5: Z (Appeared students) | B5: =API3_Calculator!C11 -> 110 | C5: =API3_Calculator!D11 -> 108 | D5: =API3_Calculator!E11 -> 105 | E5: =AVERAGE(B5:D5) -> 107.66667
A6: API = X × (Y/Z) | B6: =API3_Calculator!C14 -> 5.9818182 | C6: =API3_Calculator!D14 -> 5.75 | D6: =API3_Calculator!E14 -> 6.2209524 | E6: =AVERAGE(B6:D6) -> 5.9842569
A7: Promotion rate (%) | B7: =API3_Calculator!C12/API3_Calculator!C11*100 -> 85.454545 | C7: =API3_Calculator!D12/API3_Calculator!D11*100 -> 83.333333 | D7: =API3_Calculator!E12/API3_Calculator!E11*100 -> 87.619048 | E7: =AVERAGE(B7:D7) -> 85.468975

Sheet Evidence_Checklist
A1: MANDATORY EVIDENCE CHECKLIST — 3RD-YEAR ACADEMIC PERFORMANCE (NBA Audit)
A2: Mark each document as Available / Pending / N-A for all three cohort years
A3: # | B3: Evidence Document | C3: CAYm3 (2021–22) | D3: CAYm2 (2022–23) | E3: CAYm1 (2023–24) | F3: Purpose
A4: 1 | B4: 3rd-Year Result Gazette | C4: ☐ Available | D4: ☐ Available | E4: ☐ Available | F4: Used to compute X (mean GPA of successful students)
A5: 2 | B5: Official Pass / Promotion List | C5: ☐ Available | D5: ☐ Available | E5: ☐ Available | F5: Confirms Y (students promoted to 4th year)
A6: 3 | B6: Exam Appearance List | C6: ☐ Available | D6: ☐ Available | E6: ☐ Available | F6: Confirms Z (appeared students; present only)
A7: 4 | B7: Roll-number Mapping Sheet (Sheet 4 of this workbook) | C7: ☐ Available | D7: ☐ Available | E7: ☐ Available | F7: Links Gazette, Pass List, and Attendance by roll number
A8: 5 | B8: University Affiliation / Autonomous Exam Notification | C8: ☐ Available | D8: ☐ Available | E8: ☐ Available | F8: Validates examination authority and year/semester
A9: 6 | B9: Academic Regulation / Promotion Rules | C9: ☐ Available | D9: ☐ Available | E9: ☐ Available | F9: Clarifies criteria for 3rd → 4th year promotion
A10: 7 | B10: Backlog Resolution Records (if applicable) | C10: ☐ Available | D10: ☐ Available | E10: ☐ Available | F10: Explains students counted in Z but not in Y (with remarks)
A11: 8 | B11: Consolidated API Summary Table (SAR format, Sheet 2) | C11: ☐ Available | D11: ☐ Available | E11: ☐ Available | F11: Final computed API submitted to NBA in SAR
A13: IMPORTANT: All three documents (Gazette, Pass List, Appearance List) must be cross-verified roll-number-wise. Any student appearing in the Pass List but absent from the Appearance List must be explained in Remarks.
