Workbook

Sheet Placement_Calculator
A1: PLACEMENT, HIGHER STUDIES & ENTREPRENEURSHIP — NBA SCORE CALCULATOR (Max: 30 Marks)
A2: Formula: P = ((X + Y + Z) / FS*) × 100 | Avg P = (P₁+P₂+P₃)/3 | Points = 0.3 × Avg P
A3: KEY VARIABLES
B4: Symbol | C4: Variable | D4: Definition
B5: FS* | C5: Final-year students (denominator) | D5: Total final-year students OR (N + N2), whichever is HIGHER. N = sanctioned intake; N2 = lateral entry incl. leftover seats.
B6: X | C6: Placed students | D6: Campus placements + job offers accepted (each student counted once)
B7: Y | C7: Higher studies admits | D7: PG admissions in India or abroad (each student counted once)
B8: Z | C8: Entrepreneurs | D8: Startup founders, self-employed, incubatee students (each counted once)
B9: P | C9: Placement Index (per year) | D9: P = ((X + Y + Z) / FS*) × 100 — combined outcome rate
A11: SECTION A — DATA INPUT (Blue cells = editable inputs | N, N2 → FS* auto-corrected)
A12: # | B12: Variable / Metric | C12: N (Sanctioned Intake) | D12: N2 (Lateral Entry) | E12: LYGm2 (Batch −2) | F12: LYGm1 (Batch −1) | G12: LYG (Latest Batch) | H12: 3-Yr Avg | I12: Notes
A13: 1 | B13: N — Sanctioned intake (from AICTE approval) | C13: — | D13: — | E13: 200 | F13: 220 | G13: 240 | H13: =AVERAGE(E13:G13) -> 220 | I13: AICTE / University approval letter
A14: 2 | B14: N2 — Lateral entry incl. leftover seats | C14: — | D14: — | E14: 20 | F14: 22 | G14: 24 | H14: =AVERAGE(E14:G14) -> 22 | I14: Admission register — lateral batch
A15: 3 | B15: FS — Actual final-year students (raw headcount) | C15: — | D15: — | E15: 195 | F15: 218 | G15: 235 | H15: =AVERAGE(E15:G15) -> 216 | I15: Final year attendance / university rolls
A16: 4 | B16: FS* — Corrected denominator [MAX(FS, N+N2)] ← auto | C16: — | D16: — | E16: =MAX(E15,E13+E14) -> 220 | F16: =MAX(F15,F13+F14) -> 242 | G16: =MAX(G15,G13+G14) -> 264 | H16: =AVERAGE(E16:G16) -> 242 | I16: NBA rule: if FS < N+N2 use N+N2
A17: 5 | B17: X — Students placed (campus + institutional) | C17: — | D17: — | E17: 78 | F17: 99 | G17: 120 | H17: =AVERAGE(E17:G17) -> 99 | I17: Offer / appointment letters (T&P cell verified)
A18: 6 | B18: Y — Students admitted to higher studies | C18: — | D18: — | E18: 50 | F18: 44 | G18: 36 | H18: =AVERAGE(E18:G18) -> 43.333333 | I18: Admission / enrolment letters from PG institution
A19: 7 | B19: Z — Entrepreneurs / self-employed | C19: — | D19: — | E19: 8 | F19: 11 | G19: 12 | H19: =AVERAGE(E19:G19) -> 10.333333 | I19: Startup reg / UDYAM / incubation / self-declaration
A20: SECTION B — COMPUTED INDICES (auto-calculated)
A21: PI | B21: Placement Index = (X / FS*) × 100 | C21: — | D21: — | E21: =E17/E16*100 -> 35.454545 | F21: =F17/F16*100 -> 40.909091 | G21: =G17/G16*100 -> 45.454545 | H21: =AVERAGE(E21:G21) -> 40.606061 | I21: Percentage of FS* placed
A22: HSI | B22: Higher Studies Index = (Y / FS*) × 100 | C22: — | D22: — | E22: =E18/E16*100 -> 22.727273 | F22: =F18/F16*100 -> 18.181818 | G22: =G18/G16*100 -> 13.636364 | H22: =AVERAGE(E22:G22) -> 18.181818 | I22: Percentage of FS* in PG/higher studies
A23: EI | B23: Entrepreneurship Index = (Z / FS*) × 100 | C23: — | D23: — | E23: =E19/E16*100 -> 3.6363636 | F23: =F19/F16*100 -> 4.5454545 | G23: =G19/G16*100 -> 4.5454545 | H23: =AVERAGE(E23:G23) -> 4.2424242 | I23: Percentage of FS* as entrepreneurs
A24: P | B24: P = PI + HSI + EI (Combined Placement Index) | C24: — | D24: — | E24: =E21+E22+E23 -> 61.818182 | F24: =F21+F22+F23 -> 63.636364 | G24: =G21+G22+G23 -> 63.636364 | H24: =AVERAGE(E24:G24) -> 63.030303
A25: ✔ | B25: Validation: (X+Y+Z) ≤ FS* (integrity check) | C25: — | D25: — | E25: =IF(E20<=E16,"✔ OK","⚠ EXCEEDS FS*") -> ✔ OK | F25: =IF(F20<=F16,"✔ OK","⚠ EXCEEDS FS*") -> ✔ OK | G25: =IF(G20<=G16,"✔ OK","⚠ EXCEEDS FS*") -> ✔ OK | I25: X+Y+Z must not exceed FS*
A26: SECTION C — FINAL NBA SCORE
A27: Average P = (P_LYGm2 + P_LYGm1 + P_LYG) ÷ 3 | E27: =AVERAGE(E24:G24) -> 63.030303 | F27: ← Average P (combined index out of 100)
A28: NBA Points = 0.3 × Average P [Max = 30] | E28: =MIN(0.3*E27,30) -> 18.909091 | F28: ← Final NBA Points (out of 30)
A29: Score band (auto-labelled) | E29: =IF(E27>=80,"≥80% → 24–30 pts (Strong)",IF(E27>=60,"60–79% → 18–23 pts (Good)",IF(E27>=40,"40–59% → 12–17 pts (Moderate)","<40% → <12 pts (Weak — needs attention)"))) -> 60–79% → 18–23 pts (Good) | F29: ← Score band
A31: ⚠ VALIDATION RULES: (1) A student counted in only ONE of X, Y, Z. (2) X+Y+Z ≤ FS* — the checker row above flags any violation. (3) If FS < N+N2, use N+N2 as denominator (FS* auto-applies this rule). (4) Use consistent data across all three graduating batches (LYGm2, LYGm1, LYG).

Sheet SAR_Table
A1: SAR TABLE — PLACEMENT, HIGHER STUDIES & ENTREPRENEURSHIP (NBA Format)
A2: All values auto-linked from Placement_Calculator | Edit inputs only in that sheet
A3: # | B3: Metric | C3: LYGm2 | D3: LYGm1 | E3: LYG | F3: Remarks
A4: 1 | B4: N — Sanctioned Intake | C4: =Placement_Calculator!E13 -> 200 | D4: =Placement_Calculator!F13 -> 220 | E4: =Placement_Calculator!G13 -> 240 | F4: AICTE / University approval letter
A5: 2 | B5: N2 — Lateral Entry | C5: =Placement_Calculator!E14 -> 20 | D5: =Placement_Calculator!F14 -> 22 | E5: =Placement_Calculator!G14 -> 24 | F5: Admission records
A6: 3 | B6: FS — Actual Final-Year Students | C6: =Placement_Calculator!E15 -> 195 | D6: =Placement_Calculator!F15 -> 218 | E6: =Placement_Calculator!G15 -> 235 | F6: University rolls / final year attendance
A7: 4 | B7: FS* — Corrected Denominator [MAX(FS, N+N2)] | C7: =Placement_Calculator!E16 -> 220 | D7: =Placement_Calculator!F16 -> 242 | E7: =Placement_Calculator!G16 -> 264 | F7: Auto-corrected; NBA rule applied
A8: 5 | B8: X — Students Placed | C8: =Placement_Calculator!E17 -> 78 | D8: =Placement_Calculator!F17 -> 99 | E8: =Placement_Calculator!G17 -> 120 | F8: Offer / appointment letters
A9: 6 | B9: Y — Higher Studies Admits | C9: =Placement_Calculator!E18 -> 50 | D9: =Placement_Calculator!F18 -> 44 | E9: =Placement_Calculator!G18 -> 36 | F9: Admission / enrolment letters
A10: 7 | B10: Z — Entrepreneurs | C10: =Placement_Calculator!E19 -> 8 | D10: =Placement_Calculator!F19 -> 11 | E10: =Placement_Calculator!G19 -> 12 | F10: Startup / UDYAM / incubation proof
A11: 8 | B11: X + Y + Z — Total Positive Outcomes | C11: =Placement_Calculator!E20 -> 0 | D11: =Placement_Calculator!F20 -> 0 | E11: =Placement_Calculator!G20 -> 0 | F11: Must be ≤ FS*; each student counted once
A12: 9 | B12: PI — Placement Index (X/FS*×100) | C12: =Placement_Calculator!E21 -> 35.454545 | D12: =Placement_Calculator!F21 -> 40.909091 | E12: =Placement_Calculator!G21 -> 45.454545 | F12: % of FS* placed
A13: 10 | B13: HSI — Higher Studies Index (Y/FS*×100) | C13: =Placement_Calculator!E22 -> 22.727273 | D13: =Placement_Calculator!F22 -> 18.181818 | E13: =Placement_Calculator!G22 -> 13.636364 | F13: % of FS* in higher studies
A14: 11 | B14: EI — Entrepreneurship Index (Z/FS*×100) | C14: =Placement_Calculator!E23 -> 3.6363636 | D14: =Placement_Calculator!F23 -> 4.5454545 | E14: =Placement_Calculator!G23 -> 4.5454545 | F14: % of FS* as entrepreneurs
A15: 12 | B15: P = PI + HSI + EI (Combined Index) | C15: =Placement_Calculator!E24 -> 61.818182 | D15: =Placement_Calculator!F24 -> 63.636364 | E15: =Placement_Calculator!G24 -> 63.636364 | F15: Combined outcome index for the batch
A17: Average P = (P_LYGm2 + P_LYGm1 + P_LYG) ÷ 3 | C17: — | D17: — | E17: =Placement_Calculator!E27 -> 63.030303 | F17: ← Final Average P (used for marks)
A18: NBA Points = 0.3 × Average P [Max = 30] | C18: — | D18: — | E18: =Placement_Calculator!E28 -> 18.909091 | F18: ← Final NBA Score (out of 30)

Sheet Student_Tracker
A1: STUDENT-LEVEL OUTCOME TRACKER — Final Year Graduating Batch (Mandatory NBA Evidence)
A2: One row per student. Category auto-assigned. Duplicate this sheet for each graduating year.
A3: # | B3: Roll No. | C3: Student Name | D3: Passed? (Y/N) | E3: Outcome (P/H/E/None) | F3: Placed (X) | G3: Higher Study (Y) | H3: Entrepreneur (Z) | I3: Evidence Reference
A4: 1 | B4: 2001 | C4: Aarav Sharma | D4: Y | E4: P | F4: =IF(AND(D4="Y",E4="P"),1,0) -> 1 | G4: =IF(AND(D4="Y",E4="H"),1,0) -> 0 | H4: =IF(AND(D4="Y",E4="E"),1,0) -> 0 | I4: Offer letter – Infosys, dated 05-Jun-2024
A5: 2 | B5: 2002 | C5: Priya Nair | D5: Y | E5: H | F5: =IF(AND(D5="Y",E5="P"),1,0) -> 0 | G5: =IF(AND(D5="Y",E5="H"),1,0) -> 1 | H5: =IF(AND(D5="Y",E5="E"),1,0) -> 0 | I5: Admission letter – IITB M.Tech, Jul 2024
A6: 3 | B6: 2003 | C6: Kiran Menon | D6: Y | E6: E | F6: =IF(AND(D6="Y",E6="P"),1,0) -> 0 | G6: =IF(AND(D6="Y",E6="H"),1,0) -> 0 | H6: =IF(AND(D6="Y",E6="E"),1,0) -> 1 | I6: UDYAM Reg. No. MH-02-0XXXXX
A7: 4 | B7: 2004 | C7: Deepa Thomas | D7: Y | E7: P | F7: =IF(AND(D7="Y",E7="P"),1,0) -> 1 | G7: =IF(AND(D7="Y",E7="H"),1,0) -> 0 | H7: =IF(AND(D7="Y",E7="E"),1,0) -> 0 | I7: Offer letter – Infosys, dated 05-Jun-2024
A8: 5 | B8: 2005 | C8: Anand Pillai | D8: Y | E8: None | F8: =IF(AND(D8="Y",E8="P"),1,0) -> 0 | G8: =IF(AND(D8="Y",E8="H"),1,0) -> 0 | H8: =IF(AND(D8="Y",E8="E"),1,0) -> 0 | I8: No outcome reported
A9: 6 | B9: 2006 | C9: Sneha Varma | D9: N | E9: — | F9: =IF(AND(D9="Y",E9="P"),1,0) -> 0 | G9: =IF(AND(D9="Y",E9="H"),1,0) -> 0 | H9: =IF(AND(D9="Y",E9="E"),1,0) -> 0 | I9: Did not pass – excluded from denominator
A11: COHORT SUMMARY (auto-calculated)
A12: FS (passed) | B12: X (placed) | C12: Y (higher) | D12: Z (entrep.) | E12: X+Y+Z | F12: P = (X+Y+Z)/FS×100 | G12: — | H12: — | I12: —
A13: =COUNTIF(D4:D9,"Y") -> 5 | B13: =SUM(F4:F9) -> 2 | C13: =SUM(G4:G9) -> 1 | D13: =SUM(H4:H9) -> 1 | E13: =B13+C13+D13 -> 4 | F13: =IFERROR((E13/A13)*100,0) -> 80

Sheet Trend_Chart
A1: PLACEMENT OUTCOME TRENDS — THREE-YEAR COMPARISON
A2: Metric | B2: LYGm2 | C2: LYGm1 | D2: LYG | E2: 3-Yr Avg
A3: PI — Placement Index (%) | B3: =Placement_Calculator!E21 -> 35.454545 | C3: =Placement_Calculator!F21 -> 40.909091 | D3: =Placement_Calculator!G21 -> 45.454545 | E3: =AVERAGE(B3:D3) -> 40.606061
A4: HSI — Higher Studies Index (%) | B4: =Placement_Calculator!E22 -> 22.727273 | C4: =Placement_Calculator!F22 -> 18.181818 | D4: =Placement_Calculator!G22 -> 13.636364 | E4: =AVERAGE(B4:D4) -> 18.181818
A5: EI — Entrepreneurship Index (%) | B5: =Placement_Calculator!E23 -> 3.6363636 | C5: =Placement_Calculator!F23 -> 4.5454545 | D5: =Placement_Calculator!G23 -> 4.5454545 | E5: =AVERAGE(B5:D5) -> 4.2424242
A6: P — Combined Index (%) | B6: =Placement_Calculator!E24 -> 61.818182 | C6: =Placement_Calculator!F24 -> 63.636364 | D6: =Placement_Calculator!G24 -> 63.636364 | E6: =AVERAGE(B6:D6) -> 63.030303
A7: FS* (students) | B7: =Placement_Calculator!E16 -> 220 | C7: =Placement_Calculator!F16 -> 242 | D7: =Placement_Calculator!G16 -> 264 | E7: =AVERAGE(B7:D7) -> 242
A8: X Placed | B8: =Placement_Calculator!E17 -> 78 | C8: =Placement_Calculator!F17 -> 99 | D8: =Placement_Calculator!G17 -> 120 | E8: =AVERAGE(B8:D8) -> 99
A9: Y Higher Studies | B9: =Placement_Calculator!E18 -> 50 | C9: =Placement_Calculator!F18 -> 44 | D9: =Placement_Calculator!G18 -> 36 | E9: =AVERAGE(B9:D9) -> 43.333333
A10: Z Entrepreneurs | B10: =Placement_Calculator!E19 -> 8 | C10: =Placement_Calculator!F19 -> 11 | D10: =Placement_Calculator!G19 -> 12 | E10: =AVERAGE(B10:D10) -> 10.333333

Sheet Evidence_Checklist
A1: MANDATORY EVIDENCE CHECKLIST — PLACEMENT, HIGHER STUDIES & ENTREPRENEURSHIP
A2: Tick each document as Available / Pending / N/A for all three graduating batches
A3: # | B3: Evidence Document | C3: LYGm2 | D3: LYGm1 | E3: LYG | F3: Purpose / NBA Requirement
A4: 1 | B4: Campus Placement / Offer Letters (X) | C4: ☐ Available | D4: ☐ Available | E4: ☐ Available | F4: Signed appointment / offer letters from recruiting companies (T&P verified)
A5: 2 | B5: Company Joining Proofs (X) | C5: ☐ Available | D5: ☐ Available | E5: ☐ Available | F5: Date-of-joining proof / employee ID confirmation for placed students
A6: 3 | B6: Higher Studies Admission Letters (Y) | C6: ☐ Available | D6: ☐ Available | E6: ☐ Available | F6: PG / MS admission / enrolment letter from institution in India or abroad
A7: 4 | B7: Fee Payment Receipts (Y) | C7: ☐ Available | D7: ☐ Available | E7: ☐ Available | F7: Confirms active enrolment in higher studies programme
A8: 5 | B8: Startup Registration / Udyam Certificate (Z) | C8: ☐ Available | D8: ☐ Available | E8: ☐ Available | F8: UDYAM, ROC, MCA21, Startup India, or LLP registration document
A9: 6 | B9: Incubation / Accelerator Letter (Z) | C9: ☐ Available | D9: ☐ Available | E9: ☐ Available | F9: Acceptance letter from institutional or external incubator / accelerator
A10: 7 | B10: GST Registration / Self-Declaration (Z) | C10: ☐ Available | D10: ☐ Available | E10: ☐ Available | F10: GST certificate or self-declaration for micro/home-based entrepreneurs
A11: 8 | B11: AICTE Sanction Letter (N) | C11: ☐ Available | D11: ☐ Available | E11: ☐ Available | F11: Confirms sanctioned intake (N) for each graduating batch
A12: 9 | B12: Lateral Entry Admission Records (N2) | C12: ☐ Available | D12: ☐ Available | E12: ☐ Available | F12: Confirms N2 for FS* denominator correction
A13: 10 | B13: Final Year Student Roll List (FS) | C13: ☐ Available | D13: ☐ Available | E13: ☐ Available | F13: University rolls confirming total final-year headcount for the batch
A14: 11 | B14: Student-Level Tracker (Sheet 3 of this workbook) | C14: ☐ Available | D14: ☐ Available | E14: ☐ Available | F14: Roll-number-wise linkage of outcomes; mandatory cross-verification sheet
A15: 12 | B15: Consolidated SAR Table (Sheet 2 of this workbook) | C15: ☐ Available | D15: ☐ Available | E15: ☐ Available | F15: Final NBA-format table with P, Avg P, and Points
A17: IMPORTANT: A student can appear in ONLY ONE category (X, Y, or Z). The Student Tracker (Sheet 3) enforces this rule. X+Y+Z ≤ FS* must hold for every batch — the Validation row in Sheet 1 checks this automatically.
