Workbook

Sheet Graduation_Performance
A1: STUDENTS GRADUATED WITHIN STIPULATED PERIOD OF THE PROGRAMME
A2: NBA Criterion 4 — Students' Performance | B.Tech Electronics & Communication Engineering | Graduation Performance Indicator
A3: Stipulated Period: 4 years (UG) | Batch Size = N1 + N2 + N3 + N4 + N5 − N6 | On-time Graduation = Graduated Without Backlogs + Graduated With Backlogs
D5: BATCH COMPOSITION (Formula Inputs) | J5: BATCH STRENGTH | K5: GRADUATION SPLIT — ON-TIME (within 4 yrs) | N5: EFFICIENCY % | O5: STATUS
A6: S.No | B6: Year of Entry (Batch) | C6: Academic Year | D6: N1 (Regular 1st Yr) | E6: N2 (Lateral Entry) | F6: N3 (Separate Division) | G6: N4 (Supernumerary TFWS/EWS) | H6: N5 (MEES Entry) | I6: N6 (MEES Exit) | J6: Total Batch (N1+N2+N3 +N4+N5−N6) | K6: Graduated Without Backlogs | L6: Graduated With Backlogs | M6: Total Graduated (On-time) | N6: Graduation Efficiency (%) | O6: Remarks
A7: 1 | B7: CAY | C7: 2024-25 | D7: 118 | E7: 8 | F7: 0 | G7: 4 | H7: 0 | I7: 0 | J7: =D7+E7+F7+G7+H7-I7 -> 130 | K7: — | L7: — | M7: — | N7: — | O7: Still Studying
A8: 2 | B8: CAYm1 | C8: 2023-24 | D8: 115 | E8: 7 | F8: 0 | G8: 6 | H8: 2 | I8: 1 | J8: =D8+E8+F8+G8+H8-I8 -> 129 | K8: — | L8: — | M8: — | N8: — | O8: Still Studying
A9: 3 | B9: CAYm2 | C9: 2022-23 | D9: 112 | E9: 8 | F9: 0 | G9: 6 | H9: 3 | I9: 1 | J9: =D9+E9+F9+G9+H9-I9 -> 128 | K9: — | L9: — | M9: — | N9: — | O9: Still Studying
A10: 4 | B10: CAYm3 | C10: 2021-22 | D10: 106 | E10: 9 | F10: 0 | G10: 5 | H10: 4 | I10: 2 | J10: =D10+E10+F10+G10+H10-I10 -> 122 | K10: 80 | L10: 30 | M10: =K10+L10 -> 110 | N10: =IF(J10=0,0,M10/J10) -> 0.90163934 | O10: Graduated (On-time)
A11: 5 | B11: CAYm4 (LYG) | C11: 2020-21 | D11: 101 | E11: 10 | F11: 0 | G11: 5 | H11: 4 | I11: 2 | J11: =D11+E11+F11+G11+H11-I11 -> 118 | K11: 90 | L11: 20 | M11: =K11+L11 -> 110 | N11: =IF(J11=0,0,M11/J11) -> 0.93220339 | O11: Graduated (On-time)
A12: 6 | B12: CAYm5 (LYGm1) | C12: 2019-20 | D12: 103 | E12: 9 | F12: 0 | G12: 6 | H12: 4 | I12: 2 | J12: =D12+E12+F12+G12+H12-I12 -> 120 | K12: 85 | L12: 25 | M12: =K12+L12 -> 110 | N12: =IF(J12=0,0,M12/J12) -> 0.91666667 | O12: Graduated (On-time)
A13: 7 | B13: CAYm6 (LYGm2) | C13: 2018-19 | D13: 97 | E13: 10 | F13: 0 | G13: 6 | H13: 4 | I13: 2 | J13: =D13+E13+F13+G13+H13-I13 -> 115 | K13: 82 | L13: 28 | M13: =K13+L13 -> 110 | N13: =IF(J13=0,0,M13/J13) -> 0.95652174 | O13: Graduated (On-time)
A14: SUMMARY — Graduated Batches Only (CAYm3 to CAYm6) | D14: =SUM(D7:D13) -> 752 | E14: =SUM(E7:E13) -> 61 | F14: =SUM(F7:F13) -> 0 | G14: =SUM(G7:G13) -> 38 | H14: =SUM(H7:H13) -> 21 | I14: =SUM(I7:I13) -> 10 | J14: =SUM(J7:J13) -> 862 | K14: =SUM(K10:K13) -> 337 | L14: =SUM(L10:L13) -> 103 | M14: =SUM(M10:M13) -> 440 | N14: =IF(SUM(J10:J13)=0,0,SUM(M10:M13)/SUM(J10:J13)) -> 0.92631579 | O14: 4-Batch Combined
A16: GRADUATION TREND ANALYSIS — Completed Batches
A17: Batch | B17: Year | C17: Batch Strength | D17: On-Time Graduates | E17: Efficiency % | F17: Without Backlogs | G17: With Backlogs | H17: Backlog Share % | I17: Non-Grad. / Drop | J17: Drop Rate % | K17: Trend vs Prior | L17: — | M17: — | N17: — | O17: —
A18: CAYm3 | B18: 2021-22 | C18: =J10 -> 122 | D18: =M10 -> 110 | E18: =N10 -> 0.90163934 | F18: =K10 -> 80 | G18: =L10 -> 30 | H18: =IF(M10=0,0,L10/M10) -> 0.27272727 | I18: =J10-M10 -> 12 | J18: =IF(J10=0,0,(J10-M10)/J10) -> 0.098360656 | K18: Baseline
A19: CAYm4 (LYG) | B19: 2020-21 | C19: =J11 -> 118 | D19: =M11 -> 110 | E19: =N11 -> 0.93220339 | F19: =K11 -> 90 | G19: =L11 -> 20 | H19: =IF(M11=0,0,L11/M11) -> 0.18181818 | I19: =J11-M11 -> 8 | J19: =IF(J11=0,0,(J11-M11)/J11) -> 0.06779661 | K19: =IF(E19>E18,"▲ Improving",IF(E19<E18,"▼ Declining","→ Stable")) -> ▲ Improving
A20: CAYm5 (LYGm1) | B20: 2019-20 | C20: =J12 -> 120 | D20: =M12 -> 110 | E20: =N12 -> 0.91666667 | F20: =K12 -> 85 | G20: =L12 -> 25 | H20: =IF(M12=0,0,L12/M12) -> 0.22727273 | I20: =J12-M12 -> 10 | J20: =IF(J12=0,0,(J12-M12)/J12) -> 0.083333333 | K20: =IF(E20>E19,"▲ Improving",IF(E20<E19,"▼ Declining","→ Stable")) -> ▼ Declining
A21: CAYm6 (LYGm2) | B21: 2018-19 | C21: =J13 -> 115 | D21: =M13 -> 110 | E21: =N13 -> 0.95652174 | F21: =K13 -> 82 | G21: =L13 -> 28 | H21: =IF(M13=0,0,L13/M13) -> 0.25454545 | I21: =J13-M13 -> 5 | J21: =IF(J13=0,0,(J13-M13)/J13) -> 0.043478261 | K21: =IF(E21>E20,"▲ Improving",IF(E21<E20,"▼ Declining","→ Stable")) -> ▲ Improving
A23: COLOUR KEY & CONVENTION
A24: Blue text | B24: Hardcoded input values (N1–N6, graduation counts) — change per batch
A25: Black / Gold bg | B25: Excel formula cells — auto-calculated totals and percentages
A26: White on Green | B26: On-time graduation section (graduated batches)
A27: Grey / Light Blue | B27: Still-studying batches — graduation data not yet available
A28: Red | B28: Non-graduated / drop-out count and rate

Sheet N_Component_Breakdown
A1: BATCH COMPOSITION — N1 TO N6 DETAILED BREAKDOWN (All Batches)
A2: Formula: Total Batch Strength = N1 + N2 + N3 + N4 + N5 − N6 | N5 = MEES Multiple Entries | N6 = MEES Multiple Exits
A4: S.No | B4: Batch | C4: Year | D4: N1 Regular 1st Yr | E4: N2 Lateral Entry | F4: N3 Sep. Division | G4: N4 Super- numerary | H4: N5 MEES Entry (+) | I4: N6 MEES Exit (−) | J4: Total Batch Strength | K4: Calculation Shown
A5: 1 | B5: CAY | C5: 2024-25 | D5: 118 | E5: 8 | F5: 0 | G5: 4 | H5: 0 | I5: 0 | J5: =D5+E5+F5+G5+H5-I5 -> 130 | K5: 118+8+0+4+0−0 = 130
A6: 2 | B6: CAYm1 | C6: 2023-24 | D6: 115 | E6: 7 | F6: 0 | G6: 6 | H6: 2 | I6: 1 | J6: =D6+E6+F6+G6+H6-I6 -> 129 | K6: 115+7+0+6+2−1 = 129
A7: 3 | B7: CAYm2 | C7: 2022-23 | D7: 112 | E7: 8 | F7: 0 | G7: 6 | H7: 3 | I7: 1 | J7: =D7+E7+F7+G7+H7-I7 -> 128 | K7: 112+8+0+6+3−1 = 128
A8: 4 | B8: CAYm3 | C8: 2021-22 | D8: 106 | E8: 9 | F8: 0 | G8: 5 | H8: 4 | I8: 2 | J8: =D8+E8+F8+G8+H8-I8 -> 122 | K8: 106+9+0+5+4−2 = 122
A9: 5 | B9: CAYm4 (LYG) | C9: 2020-21 | D9: 101 | E9: 10 | F9: 0 | G9: 5 | H9: 4 | I9: 2 | J9: =D9+E9+F9+G9+H9-I9 -> 118 | K9: 101+10+0+5+4−2 = 118
A10: 6 | B10: CAYm5 (LYGm1) | C10: 2019-20 | D10: 103 | E10: 9 | F10: 0 | G10: 6 | H10: 4 | I10: 2 | J10: =D10+E10+F10+G10+H10-I10 -> 120 | K10: 103+9+0+6+4−2 = 120
A11: 7 | B11: CAYm6 (LYGm2) | C11: 2018-19 | D11: 97 | E11: 10 | F11: 0 | G11: 6 | H11: 4 | I11: 2 | J11: =D11+E11+F11+G11+H11-I11 -> 115 | K11: 97+10+0+6+4−2 = 115
A12: COLUMN TOTALS | D12: =SUM(D5:D11) -> 752 | E12: =SUM(E5:E11) -> 61 | F12: =SUM(F5:F11) -> 0 | G12: =SUM(G5:G11) -> 38 | H12: =SUM(H5:H11) -> 21 | I12: =SUM(I5:I11) -> 10 | J12: =SUM(J5:J11) -> 862 | K12: Sum of all batches
A14: N-COMPONENT DEFINITIONS (NBA SAR Criterion 4)
A15: Variable | B15: Full Name | D15: Definition / Source | H15: Impact on Batch Size | K15: —
A16: N1 | B16: Regular 1st Year Admissions | D16: Students admitted through normal entrance process (JEE/State CET). Adjusted for any migrations in/out during first year. | H16: Additive (+). Primary component of batch strength.
A17: N2 | B17: Lateral Entry Admissions | D17: Diploma holders admitted directly to 2nd year via AICTE lateral entry route. Not the same as MEES N5 entries. | H17: Additive (+). Increases batch strength.
A18: N3 | B18: Separate Division Admissions | D18: Students admitted through special quotas forming a separate division (e.g., evening shift, special scheme). Zero for most programmes. | H18: Additive (+). Usually zero for standard UG programmes.
A19: N4 | B19: Supernumerary Admissions | D19: Additional seats granted above sanctioned intake: TFWS (Tuition Fee Waiver), EWS, PMSSS (PM Special Scholarship). Count as additional students. | H19: Additive (+). Beyond sanctioned intake but included in batch.
A20: N5 | B20: MEES Multiple Entries | D20: Students who re-join the programme at 2nd, 3rd, or 4th year under the Multiple Entry & Exit System (NEP 2020/ABC). Tracked separately. | H20: Additive (+). N5 = N52 + N53 + N54.
A21: N6 | B21: MEES Multiple Exits | D21: Students who exit early after 1st, 2nd, or 3rd year with Certificate/Diploma/Advanced Diploma under ABC framework. Deducted from batch. | H21: Subtractive (−). N6 = N61 + N62 + N63.

Sheet LYG_Batch_DeepDive
A1: LYG BATCH DEEP-DIVE — GRADUATION PERFORMANCE (CAYm4 · CAYm5 · CAYm6)
A2: Detailed analysis of the three Last Year Graduated (LYG) batches — the primary batches evaluated by NBA assessors
A4: S.No | B4: Metric | C4: CAYm4 (LYG) 2020-21 | D4: CAYm5 (LYGm1) 2019-20 | E4: CAYm6 (LYGm2) 2018-19 | F4: LYG Avg | G4: Best Batch | H4: Worst Batch | I4: Trend
A5: 1 | B5: Total Batch Strength | C5: =Graduation_Performance!J11 -> 118 | D5: =Graduation_Performance!J12 -> 120 | E5: =Graduation_Performance!J13 -> 115 | F5: =AVERAGE(C5:E5) -> 117.66667 | G5: =MAX(C5:E5) -> 120 | H5: =MIN(C5:E5) -> 115 | I5: —
A6: 2 | B6: Graduated Without Backlogs | C6: =Graduation_Performance!K11 -> 90 | D6: =Graduation_Performance!K12 -> 85 | E6: =Graduation_Performance!K13 -> 82 | F6: =AVERAGE(C6:E6) -> 85.666667 | G6: =MIN(C6:E6) -> 82 | H6: =MAX(C6:E6) -> 90 | I6: —
A7: 3 | B7: Graduated With Backlogs | C7: =Graduation_Performance!L11 -> 20 | D7: =Graduation_Performance!L12 -> 25 | E7: =Graduation_Performance!L13 -> 28 | F7: =AVERAGE(C7:E7) -> 24.333333 | G7: =MIN(C7:E7) -> 20 | H7: =MAX(C7:E7) -> 28 | I7: —
A8: 4 | B8: Total Graduated (On-time) | C8: =Graduation_Performance!M11 -> 110 | D8: =Graduation_Performance!M12 -> 110 | E8: =Graduation_Performance!M13 -> 110 | F8: =AVERAGE(C8:E8) -> 110 | G8: =MIN(C8:E8) -> 110 | H8: =MAX(C8:E8) -> 110 | I8: —
A9: 5 | B9: Graduation Efficiency (%) | C9: =Graduation_Performance!N11 -> 0.93220339 | D9: =Graduation_Performance!N12 -> 0.91666667 | E9: =Graduation_Performance!N13 -> 0.95652174 | F9: =AVERAGE(C9:E9) -> 0.9351306 | G9: =MAX(C9:E9) -> 0.95652174 | H9: =MIN(C9:E9) -> 0.91666667 | I9: =IF(E9>C9,"▲ Improving",IF(E9<C9,"▼ Declining","→ Stable")) -> ▲ Improving
A10: 6 | B10: Non-Graduated / Dropped | C10: =J11-M11 -> 0 | D10: =J12-M12 -> 0 | E10: =J13-M13 -> 0 | F10: =AVERAGE(C10:E10) -> 0 | G10: =MIN(C10:E10) -> 0 | H10: =MAX(C10:E10) -> 0 | I10: —
A11: 7 | B11: Drop Rate (%) | C11: =1-N11 -> 1 | D11: =1-N12 -> 1 | E11: =1-N13 -> 1 | F11: =AVERAGE(C11:E11) -> 1 | G11: =MIN(C11:E11) -> 1 | H11: =MAX(C11:E11) -> 1 | I11: =IF(E11<C11,"▲ Improving (lower is better)",IF(E11>C11,"▼ Worsening","→ Stable")) -> → Stable
A12: 8 | B12: Backlog Share (% of graduates) | C12: =IF(C8=0,0,C7/C8) -> 0.18181818 | D12: =IF(D8=0,0,D7/D8) -> 0.22727273 | E12: =IF(E8=0,0,E7/E8) -> 0.25454545 | F12: =AVERAGE(C12:E12) -> 0.22121212 | G12: =MAX(C12:E12) -> 0.25454545 | H12: =MIN(C12:E12) -> 0.18181818 | I12: =IF(E12<C12,"▲ Improving (lower is better)",IF(E12>C12,"▼ Worsening","→ Stable")) -> ▼ Worsening
A15: CASE STUDY — LYGm2 (CAYm6 / 2018-19 Batch) | NBA SAR Illustration
A16: S.No | B16: Metric | D16: Value | F16: Interpretation
A17: 1 | B17: Total Batch Strength | D17: =Graduation_Performance!J13 -> 115 | F17: N1+N2+N3+N4+N5−N6 = 115
A18: 2 | B18: Graduated Without Backlogs | D18: =Graduation_Performance!K13 -> 82 | F18: 82 students cleared all papers without carryover
A19: 3 | B19: Graduated With Backlogs | D19: =Graduation_Performance!L13 -> 28 | F19: 28 students had backlogs but cleared within 4 years
A20: 4 | B20: Total Graduated On-Time | D20: =Graduation_Performance!M13 -> 110 | F20: 82 + 28 = 110
A21: 5 | B21: Graduation Efficiency | D21: =Graduation_Performance!N13 -> 0.95652174 | F21: (110 ÷ 115) × 100 = 95.7%
A22: 6 | B22: Non-Graduated / Dropped | D22: =Graduation_Performance!J13-Graduation_Performance!M13 -> 5 | F22: 115 − 110 = 5 students did not graduate on time

Sheet Evidence_Checklist
A1: EVIDENCE & PROOF REQUIRED — GRADUATION PERFORMANCE (NBA Criterion 4)
A2: Documents required to substantiate the graduation data reported in this table
A4: S.No | B4: Evidence Document | C4: Relevant For | D4: Issuing Authority | E4: Status | F4: Remarks
A5: 1 | B5: University Result Gazette / Passing Board Report | C5: N1–N4 total, graduation counts | D5: University / Examination Board | E5: Mandatory | F5: Year-wise; must cover LYG, LYGm1, LYGm2
A6: 2 | B6: Degree Award Lists | C6: Total Graduated (with & without backlogs) | D6: University / Autonomous Institution | E6: Mandatory | F6: Separate lists if possible for clean/backlog graduates
A7: 3 | B7: Backlog Clearance Records | C7: Graduated With Backlogs count | D7: Examination Cell / Institution | E7: Mandatory | F7: Shows carryover students who cleared within stipulated period
A8: 4 | B8: Admission Register Extracts (Year-wise) | C8: N1 base count per batch | D8: Academic Section / Institution | E8: Mandatory | F8: Certified extracts matching SAR N1 values
A9: 5 | B9: Lateral Entry Admission List | C9: N2 — Lateral Entry count | D9: DTE / Institution Admission Office | E9: Mandatory | F9: Verified against DTE portal if applicable
A10: 6 | B10: Supernumerary Admission Records (TFWS/EWS/PMSSS) | C10: N4 — Supernumerary count | D10: Institution Admission Office | E10: Mandatory | F10: Allocation letters + fee payment records
A11: 7 | B11: MEES Multiple Entry Approval Letters | C11: N5 — MEES Entry count | D11: University / DTE / Institution | E11: Mandatory (if N5 > 0) | F11: Entry approval letters for each MEES student
A12: 8 | B12: MEES Exit Certificates (Certificate/Diploma/Adv. Diploma) | C12: N6 — MEES Exit count | D12: University / Institution | E12: Mandatory (if N6 > 0) | F12: Credential issued + ABC ledger entry
A13: 9 | B13: ABC Ledger / Credit Records for MEES students | C13: N5 and N6 verification | D13: ABC Portal (DigiLocker) | E13: Mandatory (if MEES applicable) | F13: Credit records for re-entry/exit students
A14: 10 | B14: Migration Certificates (if applicable) | C14: Adjustments to N1 | D14: Originating / Receiving Institution | E14: If applicable | F14: Students who migrated in/out in Year 1
A15: 11 | B15: NBA SAR Narrative Statement (Cross-verified) | C15: All N values and graduation totals | D15: HoD / NBA Coordinator | E15: Mandatory | F15: Narrative must match table data; reviewed by IQAC

Sheet Table_4C_YearWise
A1: TABLE 4C — NO. OF STUDENTS GRADUATED WITHIN THE STIPULATED PERIOD OF THE PROGRAMME
A2: NBA Criterion 4 | B.Tech Electronics & Communication Engineering | Stipulated Period: 4 Years | Auto-linked from Graduation_Performance sheet
A3: Grey cells = N/A (students have not yet completed that year of study) | Yellow = Editable input | Blue = Auto-calculated total | Total = With Backlogs + Without Backlogs
A5: S. No | B5: Year of Entry (Batch) | C5: Total N (N1+N2+N3 +N4+N5−N6) | D5: Number of students who have successfully graduated in the stipulated period of study [Total of with Backlogs + without Backlogs] | P5: Graduation Efficiency (%) | Q5: Remarks
D6: I Year | G6: II Year | J6: III Year | M6: IV Year
D7: With Backlogs | E7: Without Backlogs | F7: Total (Auto) | G7: With Backlogs | H7: Without Backlogs | I7: Total (Auto) | J7: With Backlogs | K7: Without Backlogs | L7: Total (Auto) | M7: With Backlogs | N7: Without Backlogs | O7: Total (Auto)
A8: 1 | B8: CAY 2024-25 | C8: =Graduation_Performance!J7 -> 130 | P8: — | Q8: ⏳ Still Studying
A9: 2 | B9: CAYm1 2023-24 | C9: =Graduation_Performance!J8 -> 129 | F9: =IFERROR(D9+E9,"") -> 0 | P9: — | Q9: ⏳ Still Studying
A10: 3 | B10: CAYm2 2022-23 | C10: =Graduation_Performance!J9 -> 128 | F10: =IFERROR(D10+E10,"") -> 0 | I10: =IFERROR(G10+H10,"") -> 0 | P10: — | Q10: ⏳ Still Studying
A11: 4 | B11: CAYm3 2021-22 | C11: =Graduation_Performance!J10 -> 122 | F11: =IFERROR(D11+E11,"") -> 0 | I11: =IFERROR(G11+H11,"") -> 0 | L11: =IFERROR(J11+K11,"") -> 0 | P11: — | Q11: ⏳ Still Studying
A12: 5 | B12: CAYm4 (LYG) 2020-21 | C12: =Graduation_Performance!J11 -> 118 | F12: =IFERROR(D12+E12,"") -> 0 | I12: =IFERROR(G12+H12,"") -> 0 | L12: =IFERROR(J12+K12,"") -> 0 | O12: =IFERROR(M12+N12,"") -> 0 | P12: =IFERROR(ROUND(O12/C12*100,2),"") -> 0 | Q12: ✔ Graduated On-time
A13: 6 | B13: CAYm5 (LYGm1) 2019-20 | C13: =Graduation_Performance!J12 -> 120 | F13: =IFERROR(D13+E13,"") -> 0 | I13: =IFERROR(G13+H13,"") -> 0 | L13: =IFERROR(J13+K13,"") -> 0 | O13: =IFERROR(M13+N13,"") -> 0 | P13: =IFERROR(ROUND(O13/C13*100,2),"") -> 0 | Q13: ✔ Graduated On-time
A14: 7 | B14: CAYm6 (LYGm2) 2018-19 | C14: =Graduation_Performance!J13 -> 115 | F14: =IFERROR(D14+E14,"") -> 0 | I14: =IFERROR(G14+H14,"") -> 0 | L14: =IFERROR(J14+K14,"") -> 0 | O14: =IFERROR(M14+N14,"") -> 0 | P14: =IFERROR(ROUND(O14/C14*100,2),"") -> 0 | Q14: ✔ Graduated On-time
A15: TOTAL / AVERAGE | C15: =IFERROR(SUM(C8:C14),"") -> 862 | D15: =IFERROR(SUM(D8:D14),"") -> 0 | E15: =IFERROR(SUM(E8:E14),"") -> 0 | F15: =IFERROR(SUM(F8:F14),"") -> 0 | G15: =IFERROR(SUM(G8:G14),"") -> 0 | H15: =IFERROR(SUM(H8:H14),"") -> 0 | I15: =IFERROR(SUM(I8:I14),"") -> 0 | J15: =IFERROR(SUM(J8:J14),"") -> 0 | ... O15: =IFERROR(SUM(O8:O14),"") -> 0 | P15: =IFERROR(ROUND(AVERAGE(P12:P14),2),"") -> 0 | Q15: 3-Batch Avg Efficiency
A16: GRADUATION RATE (Graduated Batches) | C16: =IFERROR(ROUND(SUM(O12:O14)/SUM(C12:C14)*100,2),"") -> 0 | F16: Formula: IV Year Total Graduates (CAYm4+CAYm5+CAYm6) ÷ Total Batch Strength (CAYm4+CAYm5+CAYm6) × 100
A17: COLOUR CODING GUIDE
B18: YELLOW = Editable input (With Backlogs & Without Backlogs — enter your data here)
B19: LIGHT BLUE = Auto-calculated Total (With Backlogs + Without Backlogs)
B20: GREY = N/A — students have not yet completed that year of study (matches Table 4C grey pattern)
B21: GREEN rows = Graduated batches (CAYm4/LYG, CAYm5/LYGm1, CAYm6/LYGm2) — all 4 years available
A23: Prepared by — IQAC / NBA Coordinator | F23: Verified by — HoD | L23: Approved by — Principal / Dean
