Workbook

Sheet API Calc (Input)
A1: Academic Year Label | B1: Cohort (1st/2nd/3rd) | C1: Students Appeared | D1: Students Passed | E1: Pass % | F1: Avg GPA (out of 10) | G1: API
A2: CAYm3 (2021-22) | B2: 1st Year | C2: 120 | D2: 95 | E2: =IFERROR(D2/C2,"") | F2: 6.8 | G2: =IFERROR((F2/10)*E2,"")
A3: CAYm2 (2022-23) | B3: 1st Year | C3: 125 | D3: 108 | E3: =IFERROR(D3/C3,"") | F3: 7.2 | G3: =IFERROR((F3/10)*E3,"")
A4: CAYm1 (2023-24) | B4: 1st Year | C4: 130 | D4: 120 | E4: =IFERROR(D4/C4,"") | F4: 7.8 | G4: =IFERROR((F4/10)*E4,"")
A5: CAYm3 (2021-22) | B5: 2nd Year | C5: 110 | D5: 87 | E5: =IFERROR(D5/C5,"") | F5: 6.7 | G5: =IFERROR((F5/10)*E5,"")
A6: CAYm2 (2022-23) | B6: 2nd Year | C6: 115 | D6: 97 | E6: =IFERROR(D6/C6,"") | F6: 7.1 | G6: =IFERROR((F6/10)*E6,"")
A7: CAYm1 (2023-24) | B7: 2nd Year | C7: 118 | D7: 104 | E7: =IFERROR(D7/C7,"") | F7: 7.5 | G7: =IFERROR((F7/10)*E7,"")
A8: CAYm3 (2021-22) | B8: 3rd Year | C8: 105 | D8: 82 | E8: =IFERROR(D8/C8,"") | F8: 6.6 | G8: =IFERROR((F8/10)*E8,"")
A9: CAYm2 (2022-23) | B9: 3rd Year | C9: 108 | D9: 91 | E9: =IFERROR(D9/C9,"") | F9: 7 | G9: =IFERROR((F9/10)*E9,"")
A10: CAYm1 (2023-24) | B10: 3rd Year | C10: 112 | D10: 101 | E10: =IFERROR(D10/C10,"") | F10: 7.6 | G10: =IFERROR((F10/10)*E10,"")

Sheet API Summary (Year-wise)
A1: Item | B1: CAYm1 (2023-24) API | C1: CAYm2 (2022-23) API | D1: CAYm3 (2021-22) API | E1: YoY Δ (CAYm2→CAYm1) | F1: YoY Δ (CAYm3→CAYm2) | G1: 3-Year Improvement % (CAYm3→CAYm1) | H1: Remarks
A2: Academic Performance Index (API) of the First-Year Students in the Program (Ref 4.3) | B2: =IFERROR(SUMIFS('API Calc (Input)'!$G:$G,'API Calc (Input)'!$A:$A,"CAYm1 (2023-24)",'API Calc (Input)'!$B:$B,"1st Year"),"") | C2: =IFERROR(SUMIFS('API Calc (Input)'!$G:$G,'API Calc (Input)'!$A:$A,"CAYm2 (2022-23)",'API Calc (Input)'!$B:$B,"1st Year"),"") | D2: =IFERROR(SUMIFS('API Calc (Input)'!$G:$G,'API Calc (Input)'!$A:$A,"CAYm3 (2021-22)",'API Calc (Input)'!$B:$B,"1st Year"),"") | E2: =IF(AND(B2<>"",C2<>""),B2-C2,"") | F2: =IF(AND(C2<>"",D2<>""),C2-D2,"") | G2: =IF(D2=0,"",ROUND(((B2-D2)/D2)*100,1))
A3: Academic Performance Index of the Second-Year Students in the Program (Ref 4.4) | B3: =IFERROR(SUMIFS('API Calc (Input)'!$G:$G,'API Calc (Input)'!$A:$A,"CAYm1 (2023-24)",'API Calc (Input)'!$B:$B,"2nd Year"),"") | C3: =IFERROR(SUMIFS('API Calc (Input)'!$G:$G,'API Calc (Input)'!$A:$A,"CAYm2 (2022-23)",'API Calc (Input)'!$B:$B,"2nd Year"),"") | D3: =IFERROR(SUMIFS('API Calc (Input)'!$G:$G,'API Calc (Input)'!$A:$A,"CAYm3 (2021-22)",'API Calc (Input)'!$B:$B,"2nd Year"),"") | E3: =IF(AND(B3<>"",C3<>""),B3-C3,"") | F3: =IF(AND(C3<>"",D3<>""),C3-D3,"") | G3: =IF(D3=0,"",ROUND(((B3-D3)/D3)*100,1))
A4: Academic Performance Index of the Third-Year Students in the Program (Ref 4.5) | B4: =IFERROR(SUMIFS('API Calc (Input)'!$G:$G,'API Calc (Input)'!$A:$A,"CAYm1 (2023-24)",'API Calc (Input)'!$B:$B,"3rd Year"),"") | C4: =IFERROR(SUMIFS('API Calc (Input)'!$G:$G,'API Calc (Input)'!$A:$A,"CAYm2 (2022-23)",'API Calc (Input)'!$B:$B,"3rd Year"),"") | D4: =IFERROR(SUMIFS('API Calc (Input)'!$G:$G,'API Calc (Input)'!$A:$A,"CAYm3 (2021-22)",'API Calc (Input)'!$B:$B,"3rd Year"),"") | E4: =IF(AND(B4<>"",C4<>""),B4-C4,"") | F4: =IF(AND(C4<>"",D4<>""),C4-D4,"") | G4: =IF(D4=0,"",ROUND(((B4-D4)/D4)*100,1))
