Workbook

Sheet Student_Master
A1: Year of Entry (Label: CAY/CAYm1/.../CAYm6) | B1: Academic Year of Entry (e.g., 2020-21) | C1: Roll No | D1: Student Name | E1: Graduated Status (On-time/Delayed) | F1: Remarks

Sheet Backlog_Records
A1: Year of Entry (Label) | B1: Roll No | C1: Course Code | D1: Course Name | E1: Attempt Date (YYYY-MM-DD) | F1: Result (PASS/FAIL) | G1: Cleared Date (Auto) | H1: Cleared Before Cutoff? (Auto Y/N) | I1: Remarks
G2: =IF(F2="PASS", E2, "") -> 0 | H2: =IF(AND(F2="PASS", G2<=IFERROR(VLOOKUP(A2,Graduation_Cutoff!$A$2:$B$8,2,FALSE),DATE(9999,12,31))),"Y","") -> 0
G3: =IF(F3="PASS", E3, "") -> 0 | H3: =IF(AND(F3="PASS", G3<=IFERROR(VLOOKUP(A3,Graduation_Cutoff!$A$2:$B$8,2,FALSE),DATE(9999,12,31))),"Y","") -> 0
G4: =IF(F4="PASS", E4, "") -> 0 | H4: =IF(AND(F4="PASS", G4<=IFERROR(VLOOKUP(A4,Graduation_Cutoff!$A$2:$B$8,2,FALSE),DATE(9999,12,31))),"Y","") -> 0
G5: =IF(F5="PASS", E5, "") -> 0 | H5: =IF(AND(F5="PASS", G5<=IFERROR(VLOOKUP(A5,Graduation_Cutoff!$A$2:$B$8,2,FALSE),DATE(9999,12,31))),"Y","") -> 0
G6: =IF(F6="PASS", E6, "") -> 0 | H6: =IF(AND(F6="PASS", G6<=IFERROR(VLOOKUP(A6,Graduation_Cutoff!$A$2:$B$8,2,FALSE),DATE(9999,12,31))),"Y","") -> 0
G7: =IF(F7="PASS", E7, "") -> 0 | H7: =IF(AND(F7="PASS", G7<=IFERROR(VLOOKUP(A7,Graduation_Cutoff!$A$2:$B$8,2,FALSE),DATE(9999,12,31))),"Y","") -> 0
G8: =IF(F8="PASS", E8, "") -> 0 | H8: =IF(AND(F8="PASS", G8<=IFERROR(VLOOKUP(A8,Graduation_Cutoff!$A$2:$B$8,2,FALSE),DATE(9999,12,31))),"Y","") -> 0
G9: =IF(F9="PASS", E9, "") -> 0 | H9: =IF(AND(F9="PASS", G9<=IFERROR(VLOOKUP(A9,Graduation_Cutoff!$A$2:$B$8,2,FALSE),DATE(9999,12,31))),"Y","") -> 0
G10: =IF(F10="PASS", E10, "") -> 0 | H10: =IF(AND(F10="PASS", G10<=IFERROR(VLOOKUP(A10,Graduation_Cutoff!$A$2:$B$8,2,FALSE),DATE(9999,12,31))),"Y","") -> 0
G11: =IF(F11="PASS", E11, "") -> 0 | H11: =IF(AND(F11="PASS", G11<=IFERROR(VLOOKUP(A11,Graduation_Cutoff!$A$2:$B$8,2,FALSE),DATE(9999,12,31))),"Y","") -> 0
G12: =IF(F12="PASS", E12, "") -> 0 | H12: =IF(AND(F12="PASS", G12<=IFERROR(VLOOKUP(A12,Graduation_Cutoff!$A$2:$B$8,2,FALSE),DATE(9999,12,31))),"Y","") -> 0
G13: =IF(F13="PASS", E13, "") -> 0 | H13: =IF(AND(F13="PASS", G13<=IFERROR(VLOOKUP(A13,Graduation_Cutoff!$A$2:$B$8,2,FALSE),DATE(9999,12,31))),"Y","") -> 0
... G2001: =IF(F2001="PASS", E2001, "") -> 0 | H2001: =IF(AND(F2001="PASS", G2001<=IFERROR(VLOOKUP(A2001,Graduation_Cutoff!$A$2:$B$8,2,FALSE),DATE(9999,12,31))),"Y","") -> 0

Sheet Graduation_Cutoff
A1: Year of Entry (Label) | B1: Graduation Cutoff Date (YYYY-MM-DD)
A2: CAY
A3: CAYm1
A4: CAYm2
A5: CAYm3
A6: CAYm4 (LYG)
A7: CAYm5 (LYGm1)
A8: CAYm6 (LYGm2)

Sheet Summary
A1: Year of Entry (Label) | B1: Academic Year (e.g., 2020-21) | C1: Total Graduates (Auto) | D1: Graduated WITH Backlogs (Auto) | E1: Graduated WITHOUT Backlogs (Auto)
A2: CAY | C2: {=IFERROR(ROWS(_xlfn.UNIQUE(_xlfn._xlws.FILTER(Student_Master!$C$2:$C$1001,Student_Master!$A$2:$A$1001="CAY"))),0)} -> 0 | D2: {=IFERROR(ROWS(_xlfn.UNIQUE(_xlfn._xlws.FILTER(Backlog_Records!$B$2:$B$2001,(Backlog_Records!$A$2:$A$2001="CAY")*(Backlog_Records!$H$2:$H$2001="Y")))),0)} -> 0 | E2: =MAX(0,C2-D2) -> 0
A3: CAYm1 | C3: {=IFERROR(ROWS(_xlfn.UNIQUE(_xlfn._xlws.FILTER(Student_Master!$C$2:$C$1001,Student_Master!$A$2:$A$1001="CAYm1"))),0)} -> 0 | D3: {=IFERROR(ROWS(_xlfn.UNIQUE(_xlfn._xlws.FILTER(Backlog_Records!$B$2:$B$2001,(Backlog_Records!$A$2:$A$2001="CAYm1")*(Backlog_Records!$H$2:$H$2001="Y")))),0)} -> 0 | E3: =MAX(0,C3-D3) -> 0
A4: CAYm2 | C4: {=IFERROR(ROWS(_xlfn.UNIQUE(_xlfn._xlws.FILTER(Student_Master!$C$2:$C$1001,Student_Master!$A$2:$A$1001="CAYm2"))),0)} -> 0 | D4: {=IFERROR(ROWS(_xlfn.UNIQUE(_xlfn._xlws.FILTER(Backlog_Records!$B$2:$B$2001,(Backlog_Records!$A$2:$A$2001="CAYm2")*(Backlog_Records!$H$2:$H$2001="Y")))),0)} -> 0 | E4: =MAX(0,C4-D4) -> 0
A5: CAYm3 | C5: {=IFERROR(ROWS(_xlfn.UNIQUE(_xlfn._xlws.FILTER(Student_Master!$C$2:$C$1001,Student_Master!$A$2:$A$1001="CAYm3"))),0)} -> 0 | D5: {=IFERROR(ROWS(_xlfn.UNIQUE(_xlfn._xlws.FILTER(Backlog_Records!$B$2:$B$2001,(Backlog_Records!$A$2:$A$2001="CAYm3")*(Backlog_Records!$H$2:$H$2001="Y")))),0)} -> 0 | E5: =MAX(0,C5-D5) -> 0
A6: CAYm4 (LYG) | C6: {=IFERROR(ROWS(_xlfn.UNIQUE(_xlfn._xlws.FILTER(Student_Master!$C$2:$C$1001,Student_Master!$A$2:$A$1001="CAYm4 (LYG)"))),0)} -> 0 | D6: {=IFERROR(ROWS(_xlfn.UNIQUE(_xlfn._xlws.FILTER(Backlog_Records!$B$2:$B$2001,(Backlog_Records!$A$2:$A$2001="CAYm4 (LYG)")*(Backlog_Records!$H$2:$H$2001="Y")))),0)} -> 0 | E6: =MAX(0,C6-D6) -> 0
A7: CAYm5 (LYGm1) | C7: {=IFERROR(ROWS(_xlfn.UNIQUE(_xlfn._xlws.FILTER(Student_Master!$C$2:$C$1001,Student_Master!$A$2:$A$1001="CAYm5 (LYGm1)"))),0)} -> 0 | D7: {=IFERROR(ROWS(_xlfn.UNIQUE(_xlfn._xlws.FILTER(Backlog_Records!$B$2:$B$2001,(Backlog_Records!$A$2:$A$2001="CAYm5 (LYGm1)")*(Backlog_Records!$H$2:$H$2001="Y")))),0)} -> 0 | E7: =MAX(0,C7-D7) -> 0
A8: CAYm6 (LYGm2) | C8: {=IFERROR(ROWS(_xlfn.UNIQUE(_xlfn._xlws.FILTER(Student_Master!$C$2:$C$1001,Student_Master!$A$2:$A$1001="CAYm6 (LYGm2)"))),0)} -> 0 | D8: {=IFERROR(ROWS(_xlfn.UNIQUE(_xlfn._xlws.FILTER(Backlog_Records!$B$2:$B$2001,(Backlog_Records!$A$2:$A$2001="CAYm6 (LYGm2)")*(Backlog_Records!$H$2:$H$2001="Y")))),0)} -> 0 | E8: =MAX(0,C8-D8) -> 0

Sheet ReadMe
A1: Instructions
A2: Backlog Clearance Mapping Sheet – NBA Criterion 4
A4: Goal: Separate 'with backlog' vs 'without backlog' graduates for each Year of Entry using evidence from backlog/clearance records.
A6: How to use:
A7: 1) Paste the graduates list into 'Student_Master' (use Year of Entry labels CAY..CAYm6).
A8: 2) Paste all backlog attempts into 'Backlog_Records' with Attempt Date and Result.
A9: - 'Cleared Date' and 'Cleared Before Cutoff?' will auto-compute via formulas.
A10: 3) Set the graduation cutoff date per batch in 'Graduation_Cutoff' (e.g., final results approval date).
A11: 4) See 'Summary' for per-batch counts: Total Graduates, Graduated WITH Backlogs (cleared before cutoff), and Graduated WITHOUT Backlogs.
A13: Notes:
A14: - This sheet relies on Excel dynamic array functions (UNIQUE, FILTER). Use Microsoft 365 or Excel 2021+.
A15: - 'Graduated WITH Backlogs' counts unique students with a PASS recorded on or before the cutoff date.
... A17: - Ensure Year of Entry labels and Roll Nos are consistent across sheets.
