Workbook

Sheet Course CO Data
A1: S.No | B1: Academic Year | C1: Semester | D1: Course Code | E1: Course Title | F1: Student Roll No | G1: Student Name | H1: Assessment Type (CIE/SEE) | I1: Instrument (MST1/MST2/Assign/Lab/SEE) | J1: Question/Item | K1: Mapped CO | L1: Bloom Level | M1: Max Marks | N1: Marks Obtained | O1: Target (%) | P1: Attainment (%) | Q1: Attained (Y/N)
A2: 1 | B2: 2025-26 | C2: Sem 1 | D2: AI101 | E2: Intro to AI | F2: 23AI001 | G2: A. Kumar | H2: CIE | I2: MST1 | J2: Q1 | K2: CO1 | L2: Understand | M2: 10 | N2: 7 | O2: 50 | P2: =IF(N2>0, M2/N2*100, 0) | Q2: =IF(P2>=O2,"Y","N")
A3: 2 | B3: 2025-26 | C3: Sem 1 | D3: AI101 | E3: Intro to AI | F3: 23AI002 | G3: B. Singh | H3: CIE | I3: MST1 | J3: Q1 | K3: CO1 | L3: Understand | M3: 10 | N3: 6 | O3: 50 | P3: =IF(N3>0, M3/N3*100, 0) | Q3: =IF(P3>=O3,"Y","N")
A4: 3 | B4: 2025-26 | C4: Sem 1 | D4: AI101 | E4: Intro to AI | F4: 23AI001 | G4: A. Kumar | H4: CIE | I4: Assignment | J4: A1 | K4: CO2 | L4: Apply | M4: 20 | N4: 18 | O4: 50 | P4: =IF(N4>0, M4/N4*100, 0) | Q4: =IF(P4>=O4,"Y","N")
A5: 4 | B5: 2025-26 | C5: Sem 1 | D5: AI101 | E5: Intro to AI | F5: 23AI002 | G5: B. Singh | H5: CIE | I5: Assignment | J5: A1 | K5: CO2 | L5: Apply | M5: 20 | N5: 9 | O5: 50 | P5: =IF(N5>0, M5/N5*100, 0) | Q5: =IF(P5>=O5,"Y","N")
A6: 5 | B6: 2025-26 | C6: Sem 1 | D6: AI101 | E6: Intro to AI | F6: 23AI001 | G6: A. Kumar | H6: SEE | I6: SEE | J6: Q3 | K6: CO1 | L6: Analyze | M6: 10 | N6: 9 | O6: 50 | P6: =IF(N6>0, M6/N6*100, 0) | Q6: =IF(P6>=O6,"Y","N")
A7: 6 | B7: 2025-26 | C7: Sem 1 | D7: AI101 | E7: Intro to AI | F7: 23AI002 | G7: B. Singh | H7: SEE | I7: SEE | J7: Q3 | K7: CO1 | L7: Analyze | M7: 10 | N7: 4 | O7: 50 | P7: =IF(N7>0, M7/N7*100, 0) | Q7: =IF(P7>=O7,"Y","N")
A8: 7 | B8: 2025-26 | C8: Sem 1 | D8: DS102 | E8: Data Structures | F8: 23AI001 | G8: A. Kumar | H8: CIE | I8: MST1 | J8: Q2 | K8: CO1 | L8: Remember | M8: 10 | N8: 8 | O8: 50 | P8: =IF(N8>0, M8/N8*100, 0) | Q8: =IF(P8>=O8,"Y","N")
A9: 8 | B9: 2025-26 | C9: Sem 1 | D9: DS102 | E9: Data Structures | F9: 23AI002 | G9: B. Singh | H9: CIE | I9: MST1 | J9: Q2 | K9: CO1 | L9: Remember | M9: 10 | N9: 3 | O9: 50 | P9: =IF(N9>0, M9/N9*100, 0) | Q9: =IF(P9>=O9,"Y","N")
A10: 9 | B10: 2025-26 | C10: Sem 1 | D10: DS102 | E10: Data Structures | F10: 23AI001 | G10: A. Kumar | H10: SEE | I10: SEE | J10: Q5 | K10: CO2 | L10: Apply | M10: 20 | N10: 14 | O10: 50 | P10: =IF(N10>0, M10/N10*100, 0) | Q10: =IF(P10>=O10,"Y","N")
A11: 10 | B11: 2025-26 | C11: Sem 1 | D11: DS102 | E11: Data Structures | F11: 23AI002 | G11: B. Singh | H11: SEE | I11: SEE | J11: Q5 | K11: CO2 | L11: Apply | M11: 20 | N11: 6 | O11: 50 | P11: =IF(N11>0, M11/N11*100, 0) | Q11: =IF(P11>=O11,"Y","N")

Sheet CO Consolidated Summary
A1: Configuration (Edit as needed)
A2: CIE Weight (%) | B2: 40
A3: SEE Weight (%) | B3: 50
A4: Indirect Weight (%) | B4: 10
A5: Level 3 Threshold (%) | B5: 70
A6: Level 2 Threshold (%) | B6: 60
A7: Level 1 Threshold (%) | B7: 40
A10: Course Code | B10: Course Title | C10: CO | D10: Target (%) | E10: CIE Attainment (%) | F10: SEE Attainment (%) | G10: Indirect Attainment (%) | H10: Final Attainment (%) | I10: Attainment Level | J10: Gap (Final - Target) | K10: Status (Met/Not Met) | L10: Suggested Action (Editable)
A11: AI101 | B11: Intro to AI | C11: CO1 | D11: 60 | E11: =IFERROR(COUNTIFS('Course CO Data'!$D:$D,$A11,'Course CO Data'!$K:$K,$C11,'Course CO Data'!$H:$H,"CIE",'Course CO Data'!$Q:$Q,"Y")/COUNTIFS('Course CO Data'!$D:$D,$A11,'Course CO Data'!$K:$K,$C11,'Course CO Data'!$H:$H,"CIE")*100,0) | F11: =IFERROR(COUNTIFS('Course CO Data'!$D:$D,$A11,'Course CO Data'!$K:$K,$C11,'Course CO Data'!$H:$H,"SEE",'Course CO Data'!$Q:$Q,"Y")/COUNTIFS('Course CO Data'!$D:$D,$A11,'Course CO Data'!$K:$K,$C11,'Course CO Data'!$H:$H,"SEE")*100,0) | G11: 0 | H11: =ROUND((E11*$B$2 + F11*$B$3 + G11*$B$4)/100,2) | I11: =IF(H11>=$B$5,"L3",IF(H11>=$B$6,"L2",IF(H11>=$B$7,"L1","L0"))) | J11: =H11-D11 | K11: =IF(H11>=D11,"Met","Not Met") | L11: (Auto-note: If Not Met, plan remedials / tutorial hours / question bank revision)
A12: AI101 | B12: Intro to AI | C12: CO2 | D12: 60 | E12: =IFERROR(COUNTIFS('Course CO Data'!$D:$D,$A12,'Course CO Data'!$K:$K,$C12,'Course CO Data'!$H:$H,"CIE",'Course CO Data'!$Q:$Q,"Y")/COUNTIFS('Course CO Data'!$D:$D,$A12,'Course CO Data'!$K:$K,$C12,'Course CO Data'!$H:$H,"CIE")*100,0) | F12: =IFERROR(COUNTIFS('Course CO Data'!$D:$D,$A12,'Course CO Data'!$K:$K,$C12,'Course CO Data'!$H:$H,"SEE",'Course CO Data'!$Q:$Q,"Y")/COUNTIFS('Course CO Data'!$D:$D,$A12,'Course CO Data'!$K:$K,$C12,'Course CO Data'!$H:$H,"SEE")*100,0) | G12: 0 | H12: =ROUND((E12*$B$2 + F12*$B$3 + G12*$B$4)/100,2) | I12: =IF(H12>=$B$5,"L3",IF(H12>=$B$6,"L2",IF(H12>=$B$7,"L1","L0"))) | J12: =H12-D12 | K12: =IF(H12>=D12,"Met","Not Met") | L12: (Auto-note: If Not Met, plan remedials / tutorial hours / question bank revision)
A13: DS102 | B13: Data Structures | C13: CO1 | D13: 60 | E13: =IFERROR(COUNTIFS('Course CO Data'!$D:$D,$A13,'Course CO Data'!$K:$K,$C13,'Course CO Data'!$H:$H,"CIE",'Course CO Data'!$Q:$Q,"Y")/COUNTIFS('Course CO Data'!$D:$D,$A13,'Course CO Data'!$K:$K,$C13,'Course CO Data'!$H:$H,"CIE")*100,0) | F13: =IFERROR(COUNTIFS('Course CO Data'!$D:$D,$A13,'Course CO Data'!$K:$K,$C13,'Course CO Data'!$H:$H,"SEE",'Course CO Data'!$Q:$Q,"Y")/COUNTIFS('Course CO Data'!$D:$D,$A13,'Course CO Data'!$K:$K,$C13,'Course CO Data'!$H:$H,"SEE")*100,0) | G13: 0 | H13: =ROUND((E13*$B$2 + F13*$B$3 + G13*$B$4)/100,2) | I13: =IF(H13>=$B$5,"L3",IF(H13>=$B$6,"L2",IF(H13>=$B$7,"L1","L0"))) | J13: =H13-D13 | K13: =IF(H13>=D13,"Met","Not Met") | L13: (Auto-note: If Not Met, plan remedials / tutorial hours / question bank revision)
A14: DS102 | B14: Data Structures | C14: CO2 | D14: 60 | E14: =IFERROR(COUNTIFS('Course CO Data'!$D:$D,$A14,'Course CO Data'!$K:$K,$C14,'Course CO Data'!$H:$H,"CIE",'Course CO Data'!$Q:$Q,"Y")/COUNTIFS('Course CO Data'!$D:$D,$A14,'Course CO Data'!$K:$K,$C14,'Course CO Data'!$H:$H,"CIE")*100,0) | F14: =IFERROR(COUNTIFS('Course CO Data'!$D:$D,$A14,'Course CO Data'!$K:$K,$C14,'Course CO Data'!$H:$H,"SEE",'Course CO Data'!$Q:$Q,"Y")/COUNTIFS('Course CO Data'!$D:$D,$A14,'Course CO Data'!$K:$K,$C14,'Course CO Data'!$H:$H,"SEE")*100,0) | G14: 0 | H14: =ROUND((E14*$B$2 + F14*$B$3 + G14*$B$4)/100,2) | I14: =IF(H14>=$B$5,"L3",IF(H14>=$B$6,"L2",IF(H14>=$B$7,"L1","L0"))) | J14: =H14-D14 | K14: =IF(H14>=D14,"Met","Not Met") | L14: (Auto-note: If Not Met, plan remedials / tutorial hours / question bank revision)
