Workbook

Sheet Course-wise CO Attainment
A1: Course Code & Title | B1: Academic Year | C1: Semester | D1: Faculty Name | E1: CO No. | F1: CO Description | G1: Target Attainment (%) | H1: Direct Attainment (%) | I1: Indirect Attainment (%) | J1: Overall Attainment (%) | K1: Attainment Gap (%) | L1: Weakness Identified | M1: Actions Taken | N1: Implementation Evidence (Link/Path) | O1: Remarks / Impact
A2: CS301 – Data Structures | B2: 2023-24 | C2: Odd | D2: Dr. A. Sharma | E2: CO1 | F2: Apply recursion and divide-and-conquer to solve problems | G2: 70 | H2: 55 | I2: 60 | J2: =ROUND(0.8*H2+0.2*I2,1) | K2: =G2-J2 | L2: Conceptual gaps in recursion | M2: Extra tutorials + video lectures | N2: https://drive.example.com/recursion_evidence | O2: Improved to 68% in CAYm1
A3: CS301 – Data Structures | B3: 2023-24 | C3: Odd | D3: Dr. A. Sharma | E3: CO2 | F3: Implement linear and non-linear data structures | G3: 70 | H3: 52 | I3: 58 | J3: =ROUND(0.8*H3+0.2*I3,1) | K3: =G3-J3 | L3: Insufficient coding practice | M3: Weekly coding challenges in lab | N3: https://drive.example.com/coding_challenge | O3: Improved programming success rate by 20%
A4: EE205 – Circuit Theory | B4: 2023-24 | C4: Even | D4: Prof. N. Rao | E4: CO3 | F4: Analyze circuits using network theorems and simulations | G4: 65 | H4: 50 | I4: 55 | J4: =ROUND(0.8*H4+0.2*I4,1) | K4: =G4-J4 | L4: Weak circuit analysis skills | M4: Simulation-based assignments (PSPICE/MATLAB) | N4: https://drive.example.com/circuit_sim | O4: Attainment improved to 64% in CAYm1
A5: ME210 – Thermodynamics | B5: 2023-24 | C5: Odd | D5: Dr. S. Gupta | E5: CO4 | F5: Explain entropy and apply laws of thermodynamics | G5: 75 | H5: 60 | I5: 65 | J5: =ROUND(0.8*H5+0.2*I5,1) | K5: =G5-J5 | L5: Conceptual clarity issues | M5: Bridge course + guest lecture | N5: https://drive.example.com/thermo_bridge | O5: Reached 72% in CAYm1
A6: CS301 – Data Structures | B6: 2024-25 | C6: Odd | D6: Dr. A. Sharma | E6: CO1 | F6: Apply recursion and divide-and-conquer to solve problems | G6: 72 | H6: 66 | I6: 70 | J6: =ROUND(0.8*H6+0.2*I6,1) | K6: =G6-J6 | L6: — | M6: Sustained practice + problem sheets | N6: https://drive.example.com/2024_recursion | O6: On target in CAY
A7: CS301 – Data Structures | B7: 2024-25 | C7: Odd | D7: Dr. A. Sharma | E7: CO2 | F7: Implement linear and non-linear data structures | G7: 72 | H7: 69 | I7: 71 | J7: =ROUND(0.8*H7+0.2*I7,1) | K7: =G7-J7 | L7: — | M7: Weekly coding + peer code reviews | N7: https://drive.example.com/2024_coding | O7: On target in CAY

Sheet Year-wise Consolidation
A1: Course Code & Title | B1: CO No. | C1: CAY (2024-25) Overall (%) | D1: CAYm1 (2023-24) Overall (%) | E1: CAYm2 (2022-23) Overall (%) | F1: Trend | G1: Remarks
A2: CS301 – Data Structures | B2: CO1 | C2: =IFERROR(ROUND(AVERAGEIFS('Course-wise CO Attainment'!J:J,'Course-wise CO Attainment'!A:A,A2,'Course-wise CO Attainment'!E:E,B2,'Course-wise CO Attainment'!B:B,"2024-25"),1),"") | D2: =IFERROR(ROUND(AVERAGEIFS('Course-wise CO Attainment'!J:J,'Course-wise CO Attainment'!A:A,A2,'Course-wise CO Attainment'!E:E,B2,'Course-wise CO Attainment'!B:B,"2023-24"),1),"") | E2: =IFERROR(ROUND(AVERAGEIFS('Course-wise CO Attainment'!J:J,'Course-wise CO Attainment'!A:A,A2,'Course-wise CO Attainment'!E:E,B2,'Course-wise CO Attainment'!B:B,"2022-23"),1),"") | F2: =IF(C2>D2,"↑",IF(C2<D2,"↓","→")) | G2: Steady improvement expected
A3: CS301 – Data Structures | B3: CO2 | C3: =IFERROR(ROUND(AVERAGEIFS('Course-wise CO Attainment'!J:J,'Course-wise CO Attainment'!A:A,A3,'Course-wise CO Attainment'!E:E,B3,'Course-wise CO Attainment'!B:B,"2024-25"),1),"") | D3: =IFERROR(ROUND(AVERAGEIFS('Course-wise CO Attainment'!J:J,'Course-wise CO Attainment'!A:A,A3,'Course-wise CO Attainment'!E:E,B3,'Course-wise CO Attainment'!B:B,"2023-24"),1),"") | E3: =IFERROR(ROUND(AVERAGEIFS('Course-wise CO Attainment'!J:J,'Course-wise CO Attainment'!A:A,A3,'Course-wise CO Attainment'!E:E,B3,'Course-wise CO Attainment'!B:B,"2022-23"),1),"") | F3: =IF(C3>D3,"↑",IF(C3<D3,"↓","→")) | G3: Improvement due to coding practice
A4: EE205 – Circuit Theory | B4: CO3 | C4: =IFERROR(ROUND(AVERAGEIFS('Course-wise CO Attainment'!J:J,'Course-wise CO Attainment'!A:A,A4,'Course-wise CO Attainment'!E:E,B4,'Course-wise CO Attainment'!B:B,"2024-25"),1),"") | D4: =IFERROR(ROUND(AVERAGEIFS('Course-wise CO Attainment'!J:J,'Course-wise CO Attainment'!A:A,A4,'Course-wise CO Attainment'!E:E,B4,'Course-wise CO Attainment'!B:B,"2023-24"),1),"") | E4: =IFERROR(ROUND(AVERAGEIFS('Course-wise CO Attainment'!J:J,'Course-wise CO Attainment'!A:A,A4,'Course-wise CO Attainment'!E:E,B4,'Course-wise CO Attainment'!B:B,"2022-23"),1),"") | F4: =IF(C4>D4,"↑",IF(C4<D4,"↓","→")) | G4: Focus on simulations
A5: ME210 – Thermodynamics | B5: CO4 | C5: =IFERROR(ROUND(AVERAGEIFS('Course-wise CO Attainment'!J:J,'Course-wise CO Attainment'!A:A,A5,'Course-wise CO Attainment'!E:E,B5,'Course-wise CO Attainment'!B:B,"2024-25"),1),"") | D5: =IFERROR(ROUND(AVERAGEIFS('Course-wise CO Attainment'!J:J,'Course-wise CO Attainment'!A:A,A5,'Course-wise CO Attainment'!E:E,B5,'Course-wise CO Attainment'!B:B,"2023-24"),1),"") | E5: =IFERROR(ROUND(AVERAGEIFS('Course-wise CO Attainment'!J:J,'Course-wise CO Attainment'!A:A,A5,'Course-wise CO Attainment'!E:E,B5,'Course-wise CO Attainment'!B:B,"2022-23"),1),"") | F5: =IF(C5>D5,"↑",IF(C5<D5,"↓","→")) | G5: Concept reinforcement
