Workbook

Sheet Course1_DataStructures
A1: Course Outcomes (COs) | B1: PO1 | C1: PO2 | D1: PO3 | E1: PO4 | F1: PO5 | G1: PO6 | H1: PO7 | I1: PO8 | J1: PO9 | K1: PO10 | L1: PO11 | M1: PO12
A2: CO1: [Define outcome]
A3: CO2: [Define outcome]
A4: CO3: [Define outcome]
A5: CO4: [Define outcome]

Sheet Course2_ProfessionalEthics
A1: Course Outcomes (COs) | B1: PO1 | C1: PO2 | D1: PO3 | E1: PO4 | F1: PO5 | G1: PO6 | H1: PO7 | I1: PO8 | J1: PO9 | K1: PO10 | L1: PO11 | M1: PO12
A2: CO1: [Define outcome]
A3: CO2: [Define outcome]
A4: CO3: [Define outcome]
A5: CO4: [Define outcome]

Sheet Course3_ProjectWork
A1: Course Outcomes (COs) | B1: PO1 | C1: PO2 | D1: PO3 | E1: PO4 | F1: PO5 | G1: PO6 | H1: PO7 | I1: PO8 | J1: PO9 | K1: PO10 | L1: PO11 | M1: PO12
A2: CO1: [Define outcome]
A3: CO2: [Define outcome]
A4: CO3: [Define outcome]
A5: CO4: [Define outcome]

Sheet Summary
A1: Course Name | B1: PO1 | C1: PO2 | D1: PO3 | E1: PO4 | F1: PO5 | G1: PO6 | H1: PO7 | I1: PO8 | J1: PO9 | K1: PO10 | L1: PO11 | M1: PO12
A2: Course1_DataStructures | B2: =COUNTA('Course1_DataStructures'!B2:B5) | C2: =COUNTA('Course1_DataStructures'!C2:C5) | D2: =COUNTA('Course1_DataStructures'!D2:D5) | E2: =COUNTA('Course1_DataStructures'!E2:E5) | F2: =COUNTA('Course1_DataStructures'!F2:F5) | G2: =COUNTA('Course1_DataStructures'!G2:G5) | H2: =COUNTA('Course1_DataStructures'!H2:H5) | I2: =COUNTA('Course1_DataStructures'!I2:I5) | ... M2: =COUNTA('Course1_DataStructures'!M2:M5)
A3: Course2_ProfessionalEthics | B3: =COUNTA('Course2_ProfessionalEthics'!B2:B5) | C3: =COUNTA('Course2_ProfessionalEthics'!C2:C5) | D3: =COUNTA('Course2_ProfessionalEthics'!D2:D5) | E3: =COUNTA('Course2_ProfessionalEthics'!E2:E5) | F3: =COUNTA('Course2_ProfessionalEthics'!F2:F5) | G3: =COUNTA('Course2_ProfessionalEthics'!G2:G5) | H3: =COUNTA('Course2_ProfessionalEthics'!H2:H5) | I3: =COUNTA('Course2_ProfessionalEthics'!I2:I5) | ... M3: =COUNTA('Course2_ProfessionalEthics'!M2:M5)
A4: Course3_ProjectWork | B4: =COUNTA('Course3_ProjectWork'!B2:B5) | C4: =COUNTA('Course3_ProjectWork'!C2:C5) | D4: =COUNTA('Course3_ProjectWork'!D2:D5) | E4: =COUNTA('Course3_ProjectWork'!E2:E5) | F4: =COUNTA('Course3_ProjectWork'!F2:F5) | G4: =COUNTA('Course3_ProjectWork'!G2:G5) | H4: =COUNTA('Course3_ProjectWork'!H2:H5) | I4: =COUNTA('Course3_ProjectWork'!I2:I5) | ... M4: =COUNTA('Course3_ProjectWork'!M2:M5)
A5: Total Coverage | B5: =SUM(B2:B4) | C5: =SUM(C2:C4) | D5: =SUM(D2:D4) | E5: =SUM(E2:E4) | F5: =SUM(F2:F4) | G5: =SUM(G2:G4) | H5: =SUM(H2:H4) | I5: =SUM(I2:I4) | ... M5: =SUM(M2:M4)
