Workbook

Sheet Continuous Assessment Records
A1: Course Code | B1: Course Name | C1: Assessment Type (Assignment/Unit Test/Mid-Term) | D1: Assessment No. | E1: Question No. | F1: CO Mapped | G1: PO(s) Mapped | H1: PSO(s) Mapped | I1: Bloom’s Level | J1: Max Marks | K1: Obtained Marks | L1: Class Avg % (as 0.00-1.00) | M1: Attainment Level (Auto) | N1: Evidence Link (URL/File)
A2: CSE301 | B2: Data Mining | C2: Assignment | D2: A1 | E2: Q1 | F2: CO1 | G2: PO1, PO2 | H2: PSO1 | I2: Apply | J2: 10 | K2: 8 | L2: 0.75 | M2: =IF(L2="","",IF(L2>=0.7,3,IF(L2>=0.6,2,IF(L2>=0.5,1,0)))) | N2: A1_Q1.pdf
A3: CSE301 | B3: Data Mining | C3: Unit Test | D3: UT1 | E3: Q2 | F3: CO2 | G3: PO3 | H3: PSO2 | I3: Analyze | J3: 15 | K3: 12 | L3: 0.7 | M3: =IF(L3="","",IF(L3>=0.7,3,IF(L3>=0.6,2,IF(L3>=0.5,1,0)))) | N3: UT1_Q2.pdf
A4: CSE301 | B4: Data Mining | C4: Mid-Term | D4: MT1 | E4: Q3 | F4: CO3 | G4: PO4, PO5 | H4: PSO3 | I4: Evaluate | J4: 20 | K4: 14 | L4: 0.65 | M4: =IF(L4="","",IF(L4>=0.7,3,IF(L4>=0.6,2,IF(L4>=0.5,1,0)))) | N4: MT1_Q3.pdf
M5: =IF(L5="","",IF(L5>=0.7,3,IF(L5>=0.6,2,IF(L5>=0.5,1,0))))
M6: =IF(L6="","",IF(L6>=0.7,3,IF(L6>=0.6,2,IF(L6>=0.5,1,0))))
M7: =IF(L7="","",IF(L7>=0.7,3,IF(L7>=0.6,2,IF(L7>=0.5,1,0))))
M8: =IF(L8="","",IF(L8>=0.7,3,IF(L8>=0.6,2,IF(L8>=0.5,1,0))))
M9: =IF(L9="","",IF(L9>=0.7,3,IF(L9>=0.6,2,IF(L9>=0.5,1,0))))
M10: =IF(L10="","",IF(L10>=0.7,3,IF(L10>=0.6,2,IF(L10>=0.5,1,0))))
M11: =IF(L11="","",IF(L11>=0.7,3,IF(L11>=0.6,2,IF(L11>=0.5,1,0))))
M12: =IF(L12="","",IF(L12>=0.7,3,IF(L12>=0.6,2,IF(L12>=0.5,1,0))))
M13: =IF(L13="","",IF(L13>=0.7,3,IF(L13>=0.6,2,IF(L13>=0.5,1,0))))
M14: =IF(L14="","",IF(L14>=0.7,3,IF(L14>=0.6,2,IF(L14>=0.5,1,0))))
M15: =IF(L15="","",IF(L15>=0.7,3,IF(L15>=0.6,2,IF(L15>=0.5,1,0))))
M16: =IF(L16="","",IF(L16>=0.7,3,IF(L16>=0.6,2,IF(L16>=0.5,1,0))))
... M501: =IF(L501="","",IF(L501>=0.7,3,IF(L501>=0.6,2,IF(L501>=0.5,1,0))))

Sheet CO–PO Attainment Summary
A1: Course Code | B1: CO | C1: Assessment Tools (Assignment/UT/MT) | D1: Attainment Level (Direct) | E1: Attainment Level (Indirect - Feedback/Survey) | F1: Final Attainment Level (Auto) | G1: PO(s) Addressed | H1: PSO(s) Addressed
A2: CSE301 | B2: CO1 | C2: A1, A2 | D2: =IFERROR(AVERAGEIFS('Continuous Assessment Records'!M:M,'Continuous Assessment Records'!A:A,A2,'Continuous Assessment Records'!F:F,B2), "") | F2: =IF(E2="",D2,ROUND(0.8*D2+0.2*E2,0)) | G2: PO1, PO2 | H2: PSO1
A3: CSE301 | B3: CO2 | C3: UT1, UT2 | D3: =IFERROR(AVERAGEIFS('Continuous Assessment Records'!M:M,'Continuous Assessment Records'!A:A,A3,'Continuous Assessment Records'!F:F,B3), "") | F3: =IF(E3="",D3,ROUND(0.8*D3+0.2*E3,0)) | G3: PO3 | H3: PSO2
A4: CSE301 | B4: CO3 | C4: MT1, MT2 | D4: =IFERROR(AVERAGEIFS('Continuous Assessment Records'!M:M,'Continuous Assessment Records'!A:A,A4,'Continuous Assessment Records'!F:F,B4), "") | F4: =IF(E4="",D4,ROUND(0.8*D4+0.2*E4,0)) | G4: PO4, PO5 | H4: PSO3
D5: =IFERROR(AVERAGEIFS('Continuous Assessment Records'!M:M,'Continuous Assessment Records'!A:A,A5,'Continuous Assessment Records'!F:F,B5), "") | F5: =IF(E5="",D5,ROUND(0.8*D5+0.2*E5,0))
D6: =IFERROR(AVERAGEIFS('Continuous Assessment Records'!M:M,'Continuous Assessment Records'!A:A,A6,'Continuous Assessment Records'!F:F,B6), "") | F6: =IF(E6="",D6,ROUND(0.8*D6+0.2*E6,0))
D7: =IFERROR(AVERAGEIFS('Continuous Assessment Records'!M:M,'Continuous Assessment Records'!A:A,A7,'Continuous Assessment Records'!F:F,B7), "") | F7: =IF(E7="",D7,ROUND(0.8*D7+0.2*E7,0))
D8: =IFERROR(AVERAGEIFS('Continuous Assessment Records'!M:M,'Continuous Assessment Records'!A:A,A8,'Continuous Assessment Records'!F:F,B8), "") | F8: =IF(E8="",D8,ROUND(0.8*D8+0.2*E8,0))
D9: =IFERROR(AVERAGEIFS('Continuous Assessment Records'!M:M,'Continuous Assessment Records'!A:A,A9,'Continuous Assessment Records'!F:F,B9), "") | F9: =IF(E9="",D9,ROUND(0.8*D9+0.2*E9,0))
D10: =IFERROR(AVERAGEIFS('Continuous Assessment Records'!M:M,'Continuous Assessment Records'!A:A,A10,'Continuous Assessment Records'!F:F,B10), "") | F10: =IF(E10="",D10,ROUND(0.8*D10+0.2*E10,0))
D11: =IFERROR(AVERAGEIFS('Continuous Assessment Records'!M:M,'Continuous Assessment Records'!A:A,A11,'Continuous Assessment Records'!F:F,B11), "") | F11: =IF(E11="",D11,ROUND(0.8*D11+0.2*E11,0))
D12: =IFERROR(AVERAGEIFS('Continuous Assessment Records'!M:M,'Continuous Assessment Records'!A:A,A12,'Continuous Assessment Records'!F:F,B12), "") | F12: =IF(E12="",D12,ROUND(0.8*D12+0.2*E12,0))
D13: =IFERROR(AVERAGEIFS('Continuous Assessment Records'!M:M,'Continuous Assessment Records'!A:A,A13,'Continuous Assessment Records'!F:F,B13), "") | F13: =IF(E13="",D13,ROUND(0.8*D13+0.2*E13,0))
D14: =IFERROR(AVERAGEIFS('Continuous Assessment Records'!M:M,'Continuous Assessment Records'!A:A,A14,'Continuous Assessment Records'!F:F,B14), "") | F14: =IF(E14="",D14,ROUND(0.8*D14+0.2*E14,0))
D15: =IFERROR(AVERAGEIFS('Continuous Assessment Records'!M:M,'Continuous Assessment Records'!A:A,A15,'Continuous Assessment Records'!F:F,B15), "") | F15: =IF(E15="",D15,ROUND(0.8*D15+0.2*E15,0))
D16: =IFERROR(AVERAGEIFS('Continuous Assessment Records'!M:M,'Continuous Assessment Records'!A:A,A16,'Continuous Assessment Records'!F:F,B16), "") | F16: =IF(E16="",D16,ROUND(0.8*D16+0.2*E16,0))
... D101: =IFERROR(AVERAGEIFS('Continuous Assessment Records'!M:M,'Continuous Assessment Records'!A:A,A101,'Continuous Assessment Records'!F:F,B101), "") | F101: =IF(E101="",D101,ROUND(0.8*D101+0.2*E101,0))

Sheet Evidence Tracker
A1: Course Code | B1: Assessment Type | C1: Assessment No. | D1: Document/File Name | E1: Evidence Link (Drive/SharePoint/Folder) | F1: Verified (Y/N)
A2: CSE301 | B2: Assignment | C2: A1 | D2: A1_Q1.pdf | E2: https://drive.google.com/… | F2: Y
A3: CSE301 | B3: Unit Test | C3: UT1 | D3: UT1_Q2.pdf | E3: https://drive.google.com/… | F3: Y
A4: CSE301 | B4: Mid-Term | C4: MT1 | D4: MT1_Q3.pdf | E4: https://drive.google.com/… | F4: Y

Sheet README
A1: Continuous Assessment Mapping — How to Use
A2: 1) Enter records in 'Continuous Assessment Records' (rows 2..500). Keep Class Avg as a decimal (e.g., 0.72 = 72%).
A3: 2) Attainment Level (Auto) uses thresholds: ≥70% → 3, ≥60% → 2, ≥50% → 1, else 0.
A4: 3) In 'CO–PO Attainment Summary', list COs per course. 'Attainment Level (Direct)' auto-averages from Records.
A5: 4) Optionally enter 'Indirect' (e.g., survey results on 0–3 scale). Final = ROUND(0.8*Direct + 0.2*Indirect, 0).
A6: 5) Track evidence links in 'Evidence Tracker' (Drive/SharePoint paths).
A7: 6) Use filters and freeze panes for quick NBA presentation. Adjust thresholds/weights as per departmental policy.

Sheet Assignment Mapping
A1: Course Code | B1: Course Name | C1: Assignment No. | D1: Topic / Question | E1: Bloom’s Taxonomy Level | F1: CO Mapped | G1: PO(s) Mapped | H1: PSO(s) Mapped | I1: Weightage (%) | J1: Attainment Level (0–3) | K1: Evidence (File/Link)
A2: CSE301 | B2: Data Mining | C2: A1 | D2: Implement Apriori algorithm for market basket analysis | E2: Apply | F2: CO1 | G2: PO1, PO2 | H2: PSO1 | I2: 10 | J2: 2 | K2: A1_Solution.pdf
A3: CSE301 | B3: Data Mining | C3: A2 | D3: Review clustering algorithms and applications in big data | E3: Analyze | F3: CO2 | G3: PO3 | H3: PSO2 | I3: 15 | J3: 2 | K3: A2_Report.pdf
A4: CSE301 | B4: Data Mining | C4: A3 | D4: Design and evaluate a recommender system | E4: Create | F4: CO3 | G4: PO4, PO5 | H4: PSO3 | I4: 20 | J4: 3 | K4: A3_Project.zip

Sheet Unit Test Mapping
A1: Course Code | B1: Course Name | C1: Unit Test No. | D1: Q. No. | E1: Question | F1: Marks | G1: CO Mapped | H1: PO(s) Mapped | I1: PSO(s) Mapped | J1: Bloom’s Level | K1: Difficulty Level (L/M/H) | L1: Evidence (File/Link)
A2: CSE301 | B2: Data Mining | C2: UT1 | D2: 1(a) | E2: Define data mining and list its applications | F2: 4 | G2: CO1 | H2: PO1 | I2: PSO1 | J2: Remember/Understand | K2: L | L2: UT1_Q1a.pdf
A3: CSE301 | B3: Data Mining | C3: UT1 | D3: 1(b) | E3: Differentiate between classification and clustering | F3: 6 | G3: CO2 | H3: PO2, PO3 | I3: PSO2 | J3: Analyze | K3: M | L3: UT1_Q1b.pdf
A4: CSE301 | B4: Data Mining | C4: UT1 | D4: 2 | E4: Apply Apriori algorithm to given dataset | F4: 10 | G4: CO3 | H4: PO1, PO4 | I4: PSO1 | J4: Apply | K4: H | L4: UT1_Q2.pdf
A5: CSE301 | B5: Data Mining | C5: UT1 | D5: 3 | E5: Evaluate performance of k-means clustering with silhouette score | F5: 10 | G5: CO4 | H5: PO4, PO5 | I5: PSO3 | J5: Evaluate | K5: H | L5: UT1_Q3.pdf

Sheet Unit Test Mapping1
A1: Course Code | B1: Course Name | C1: Unit Test No. (UT1/UT2/…) | D1: Q. No. | E1: Question | F1: Marks | G1: CO Mapped | H1: PO(s) Mapped | I1: PSO(s) Mapped | J1: Bloom’s Level | K1: Difficulty (L/M/H) | L1: Evidence Link (PDF/Folder)
A2: CSE301 | B2: Data Mining | C2: UT1 | D2: 1(a) | E2: Define data mining and list applications | F2: 4 | G2: CO1 | H2: PO1 | I2: PSO1 | J2: Remember/Understand | K2: L | L2: UT1_Q1a.pdf
A3: CSE301 | B3: Data Mining | C3: UT1 | D3: 1(b) | E3: Differentiate classification vs clustering with examples | F3: 6 | G3: CO2 | H3: PO2, PO3 | I3: PSO2 | J3: Analyze | K3: M | L3: UT1_Q1b.pdf
A4: CSE301 | B4: Data Mining | C4: UT1 | D4: 2 | E4: Apply Apriori algorithm to the given dataset | F4: 10 | G4: CO3 | H4: PO1, PO4 | I4: PSO1 | J4: Apply | K4: H | L4: UT1_Q2.pdf
A5: CSE301 | B5: Data Mining | C5: UT1 | D5: 3 | E5: Evaluate k-means using silhouette score on sample data | F5: 10 | G5: CO4 | H5: PO4, PO5 | I5: PSO3 | J5: Evaluate | K5: H | L5: UT1_Q3.pdf

Sheet CO Attainment Analysis
A1: Course Code | B1: CO | C1: Assessment Tools (Auto) | D1: Direct Attainment (Auto) | E1: Indirect Attainment (Auto) | F1: Final Attainment (Auto) | G1: PO(s) Addressed (Auto) | H1: PSO(s) Addressed (Auto)
A2: ='CO–PO Attainment Summary'!A2 | B2: ='CO–PO Attainment Summary'!B2 | C2: ='CO–PO Attainment Summary'!C2 | D2: ='CO–PO Attainment Summary'!D2 | E2: ='CO–PO Attainment Summary'!E2 | F2: ='CO–PO Attainment Summary'!F2 | G2: ='CO–PO Attainment Summary'!G2 | H2: ='CO–PO Attainment Summary'!H2
A3: ='CO–PO Attainment Summary'!A3 | B3: ='CO–PO Attainment Summary'!B3 | C3: ='CO–PO Attainment Summary'!C3 | D3: ='CO–PO Attainment Summary'!D3 | E3: ='CO–PO Attainment Summary'!E3 | F3: ='CO–PO Attainment Summary'!F3 | G3: ='CO–PO Attainment Summary'!G3 | H3: ='CO–PO Attainment Summary'!H3
A4: ='CO–PO Attainment Summary'!A4 | B4: ='CO–PO Attainment Summary'!B4 | C4: ='CO–PO Attainment Summary'!C4 | D4: ='CO–PO Attainment Summary'!D4 | E4: ='CO–PO Attainment Summary'!E4 | F4: ='CO–PO Attainment Summary'!F4 | G4: ='CO–PO Attainment Summary'!G4 | H4: ='CO–PO Attainment Summary'!H4
A5: ='CO–PO Attainment Summary'!A5 | B5: ='CO–PO Attainment Summary'!B5 | C5: ='CO–PO Attainment Summary'!C5 | D5: ='CO–PO Attainment Summary'!D5 | E5: ='CO–PO Attainment Summary'!E5 | F5: ='CO–PO Attainment Summary'!F5 | G5: ='CO–PO Attainment Summary'!G5 | H5: ='CO–PO Attainment Summary'!H5
A6: ='CO–PO Attainment Summary'!A6 | B6: ='CO–PO Attainment Summary'!B6 | C6: ='CO–PO Attainment Summary'!C6 | D6: ='CO–PO Attainment Summary'!D6 | E6: ='CO–PO Attainment Summary'!E6 | F6: ='CO–PO Attainment Summary'!F6 | G6: ='CO–PO Attainment Summary'!G6 | H6: ='CO–PO Attainment Summary'!H6
A7: ='CO–PO Attainment Summary'!A7 | B7: ='CO–PO Attainment Summary'!B7 | C7: ='CO–PO Attainment Summary'!C7 | D7: ='CO–PO Attainment Summary'!D7 | E7: ='CO–PO Attainment Summary'!E7 | F7: ='CO–PO Attainment Summary'!F7 | G7: ='CO–PO Attainment Summary'!G7 | H7: ='CO–PO Attainment Summary'!H7
A8: ='CO–PO Attainment Summary'!A8 | B8: ='CO–PO Attainment Summary'!B8 | C8: ='CO–PO Attainment Summary'!C8 | D8: ='CO–PO Attainment Summary'!D8 | E8: ='CO–PO Attainment Summary'!E8 | F8: ='CO–PO Attainment Summary'!F8 | G8: ='CO–PO Attainment Summary'!G8 | H8: ='CO–PO Attainment Summary'!H8
A9: ='CO–PO Attainment Summary'!A9 | B9: ='CO–PO Attainment Summary'!B9 | C9: ='CO–PO Attainment Summary'!C9 | D9: ='CO–PO Attainment Summary'!D9 | E9: ='CO–PO Attainment Summary'!E9 | F9: ='CO–PO Attainment Summary'!F9 | G9: ='CO–PO Attainment Summary'!G9 | H9: ='CO–PO Attainment Summary'!H9
A10: ='CO–PO Attainment Summary'!A10 | B10: ='CO–PO Attainment Summary'!B10 | C10: ='CO–PO Attainment Summary'!C10 | D10: ='CO–PO Attainment Summary'!D10 | E10: ='CO–PO Attainment Summary'!E10 | F10: ='CO–PO Attainment Summary'!F10 | G10: ='CO–PO Attainment Summary'!G10 | H10: ='CO–PO Attainment Summary'!H10
A11: ='CO–PO Attainment Summary'!A11 | B11: ='CO–PO Attainment Summary'!B11 | C11: ='CO–PO Attainment Summary'!C11 | D11: ='CO–PO Attainment Summary'!D11 | E11: ='CO–PO Attainment Summary'!E11 | F11: ='CO–PO Attainment Summary'!F11 | G11: ='CO–PO Attainment Summary'!G11 | H11: ='CO–PO Attainment Summary'!H11
A12: ='CO–PO Attainment Summary'!A12 | B12: ='CO–PO Attainment Summary'!B12 | C12: ='CO–PO Attainment Summary'!C12 | D12: ='CO–PO Attainment Summary'!D12 | E12: ='CO–PO Attainment Summary'!E12 | F12: ='CO–PO Attainment Summary'!F12 | G12: ='CO–PO Attainment Summary'!G12 | H12: ='CO–PO Attainment Summary'!H12
A13: ='CO–PO Attainment Summary'!A13 | B13: ='CO–PO Attainment Summary'!B13 | C13: ='CO–PO Attainment Summary'!C13 | D13: ='CO–PO Attainment Summary'!D13 | E13: ='CO–PO Attainment Summary'!E13 | F13: ='CO–PO Attainment Summary'!F13 | G13: ='CO–PO Attainment Summary'!G13 | H13: ='CO–PO Attainment Summary'!H13
... A201: ='CO–PO Attainment Summary'!A201 | B201: ='CO–PO Attainment Summary'!B201 | C201: ='CO–PO Attainment Summary'!C201 | D201: ='CO–PO Attainment Summary'!D201 | E201: ='CO–PO Attainment Summary'!E201 | F201: ='CO–PO Attainment Summary'!F201 | G201: ='CO–PO Attainment Summary'!G201 | H201: ='CO–PO Attainment Summary'!H201
A205: KPI Summary
A207: Average Final Attainment | B207: =IFERROR(AVERAGE(F2:F200),"")
A209: Count of COs at Level 3 | B209: =COUNTIF(F2:F200,3)
A210: Count of COs at Level 2 | B210: =COUNTIF(F2:F200,2)
A211: Count of COs at Level 1 | B211: =COUNTIF(F2:F200,1)
A212: Count of COs at Level 0 | B212: =COUNTIF(F2:F200,0)
A214: Notes
A215: This sheet auto-pulls CO-wise attainment from 'CO–PO Attainment Summary'. Edit that sheet to update values.

Sheet Mid-Term Mapping
A1: Course Code | B1: Course Name | C1: Mid-Term No. (MT1/MT2/…) | D1: Q. No. | E1: Question | F1: Marks | G1: CO Mapped | H1: PO(s) Mapped | I1: PSO(s) Mapped | J1: Bloom’s Level | K1: Difficulty (L/M/H) | L1: Evaluation Criteria / Rubric | M1: Evidence Link (PDF/Folder)
A2: CSE301 | B2: Data Mining | C2: MT1 | D2: 1(a) | E2: Explain types of data preprocessing | F2: 5 | G2: CO1 | H2: PO1 | I2: PSO1 | J2: Understand | K2: L | L2: Correctness, clarity | M2: MT1_Q1a.pdf
A3: CSE301 | B3: Data Mining | C3: MT1 | D3: 1(b) | E3: Apply decision tree algorithm to dataset | F3: 10 | G3: CO2 | H3: PO2, PO3 | I3: PSO2 | J3: Apply | K3: M | L3: Application, logic clarity | M3: MT1_Q1b.pdf
A4: CSE301 | B4: Data Mining | C4: MT1 | D4: 2 | E4: Analyze Naïve Bayes vs SVM performance | F4: 15 | G4: CO3 | H4: PO4 | I4: PSO2 | J4: Analyze | K4: H | L4: Analytical depth, evidence | M4: MT1_Q2.pdf
A5: CSE301 | B5: Data Mining | C5: MT1 | D5: 3 | E5: Design a neural network model for classification | F5: 20 | G5: CO4 | H5: PO5 | I5: PSO3 | J5: Create | K5: H | L5: Innovation, feasibility | M5: MT1_Q3.pdf
