Workbook

Sheet Degree_Awards
A1: Year of Entry (Label: CAY/CAYm1/.../CAYm6) | B1: Academic Year of Entry (e.g., 2020-21) | C1: Roll No | D1: Student Name | E1: Program/Branch | F1: Class Awarded (Distinction/First/Second/Pass) | G1: Graduated Status (On-time/Delayed) | H1: Backlog History (Yes/No) | I1: Convocation/Session (e.g., Oct-2024) | J1: Degree Award List Ref/Order No | K1: Remarks

Sheet Yearly_Summary
A1: Year of Entry (Label) | B1: Academic Year (e.g., 2020-21) | C1: Total Degrees Awarded | D1: On-time Graduates (Auto) | E1: Delayed Graduates (Auto) | F1: Without Backlogs (Auto) | G1: With Backlogs (Auto) | H1: Distinction (Auto) | I1: First Class (Auto) | J1: Second/Pass (Auto)
A2: CAY | C2: =COUNTIF(Degree_Awards!$A$2:$A$401,"CAY") -> 0 | D2: =COUNTIFS(Degree_Awards!$A$2:$A$401,"CAY",Degree_Awards!$G$2:$G$401,"On-time") -> 0 | E2: =COUNTIFS(Degree_Awards!$A$2:$A$401,"CAY",Degree_Awards!$G$2:$G$401,"Delayed") -> 0 | F2: =COUNTIFS(Degree_Awards!$A$2:$A$401,"CAY",Degree_Awards!$H$2:$H$401,"No") -> 0 | G2: =COUNTIFS(Degree_Awards!$A$2:$A$401,"CAY",Degree_Awards!$H$2:$H$401,"Yes") -> 0 | H2: =COUNTIFS(Degree_Awards!$A$2:$A$401,"CAY",Degree_Awards!$F$2:$F$401,"*Distinction*") -> 0 | I2: =COUNTIFS(Degree_Awards!$A$2:$A$401,"CAY",Degree_Awards!$F$2:$F$401,"*First*") -> 0 | J2: =COUNTIFS(Degree_Awards!$A$2:$A$401,"CAY",Degree_Awards!$F$2:$F$401,"*Second*")+COUNTIFS(Degree_Awards!$A$2:$A$401,"CAY",Degree_Awards!$F$2:$F$401,"*Pass*") -> 0
A3: CAYm1 | C3: =COUNTIF(Degree_Awards!$A$2:$A$401,"CAYm1") -> 0 | D3: =COUNTIFS(Degree_Awards!$A$2:$A$401,"CAYm1",Degree_Awards!$G$2:$G$401,"On-time") -> 0 | E3: =COUNTIFS(Degree_Awards!$A$2:$A$401,"CAYm1",Degree_Awards!$G$2:$G$401,"Delayed") -> 0 | F3: =COUNTIFS(Degree_Awards!$A$2:$A$401,"CAYm1",Degree_Awards!$H$2:$H$401,"No") -> 0 | G3: =COUNTIFS(Degree_Awards!$A$2:$A$401,"CAYm1",Degree_Awards!$H$2:$H$401,"Yes") -> 0 | H3: =COUNTIFS(Degree_Awards!$A$2:$A$401,"CAYm1",Degree_Awards!$F$2:$F$401,"*Distinction*") -> 0 | I3: =COUNTIFS(Degree_Awards!$A$2:$A$401,"CAYm1",Degree_Awards!$F$2:$F$401,"*First*") -> 0 | J3: =COUNTIFS(Degree_Awards!$A$2:$A$401,"CAYm1",Degree_Awards!$F$2:$F$401,"*Second*")+COUNTIFS(Degree_Awards!$A$2:$A$401,"CAYm1",Degree_Awards!$F$2:$F$401,"*Pass*") -> 0
A4: CAYm2 | C4: =COUNTIF(Degree_Awards!$A$2:$A$401,"CAYm2") -> 0 | D4: =COUNTIFS(Degree_Awards!$A$2:$A$401,"CAYm2",Degree_Awards!$G$2:$G$401,"On-time") -> 0 | E4: =COUNTIFS(Degree_Awards!$A$2:$A$401,"CAYm2",Degree_Awards!$G$2:$G$401,"Delayed") -> 0 | F4: =COUNTIFS(Degree_Awards!$A$2:$A$401,"CAYm2",Degree_Awards!$H$2:$H$401,"No") -> 0 | G4: =COUNTIFS(Degree_Awards!$A$2:$A$401,"CAYm2",Degree_Awards!$H$2:$H$401,"Yes") -> 0 | H4: =COUNTIFS(Degree_Awards!$A$2:$A$401,"CAYm2",Degree_Awards!$F$2:$F$401,"*Distinction*") -> 0 | I4: =COUNTIFS(Degree_Awards!$A$2:$A$401,"CAYm2",Degree_Awards!$F$2:$F$401,"*First*") -> 0 | J4: =COUNTIFS(Degree_Awards!$A$2:$A$401,"CAYm2",Degree_Awards!$F$2:$F$401,"*Second*")+COUNTIFS(Degree_Awards!$A$2:$A$401,"CAYm2",Degree_Awards!$F$2:$F$401,"*Pass*") -> 0
A5: CAYm3 | C5: =COUNTIF(Degree_Awards!$A$2:$A$401,"CAYm3") -> 0 | D5: =COUNTIFS(Degree_Awards!$A$2:$A$401,"CAYm3",Degree_Awards!$G$2:$G$401,"On-time") -> 0 | E5: =COUNTIFS(Degree_Awards!$A$2:$A$401,"CAYm3",Degree_Awards!$G$2:$G$401,"Delayed") -> 0 | F5: =COUNTIFS(Degree_Awards!$A$2:$A$401,"CAYm3",Degree_Awards!$H$2:$H$401,"No") -> 0 | G5: =COUNTIFS(Degree_Awards!$A$2:$A$401,"CAYm3",Degree_Awards!$H$2:$H$401,"Yes") -> 0 | H5: =COUNTIFS(Degree_Awards!$A$2:$A$401,"CAYm3",Degree_Awards!$F$2:$F$401,"*Distinction*") -> 0 | I5: =COUNTIFS(Degree_Awards!$A$2:$A$401,"CAYm3",Degree_Awards!$F$2:$F$401,"*First*") -> 0 | J5: =COUNTIFS(Degree_Awards!$A$2:$A$401,"CAYm3",Degree_Awards!$F$2:$F$401,"*Second*")+COUNTIFS(Degree_Awards!$A$2:$A$401,"CAYm3",Degree_Awards!$F$2:$F$401,"*Pass*") -> 0
A6: CAYm4 (LYG) | C6: =COUNTIF(Degree_Awards!$A$2:$A$401,"CAYm4 (LYG)") -> 0 | D6: =COUNTIFS(Degree_Awards!$A$2:$A$401,"CAYm4 (LYG)",Degree_Awards!$G$2:$G$401,"On-time") -> 0 | E6: =COUNTIFS(Degree_Awards!$A$2:$A$401,"CAYm4 (LYG)",Degree_Awards!$G$2:$G$401,"Delayed") -> 0 | F6: =COUNTIFS(Degree_Awards!$A$2:$A$401,"CAYm4 (LYG)",Degree_Awards!$H$2:$H$401,"No") -> 0 | G6: =COUNTIFS(Degree_Awards!$A$2:$A$401,"CAYm4 (LYG)",Degree_Awards!$H$2:$H$401,"Yes") -> 0 | H6: =COUNTIFS(Degree_Awards!$A$2:$A$401,"CAYm4 (LYG)",Degree_Awards!$F$2:$F$401,"*Distinction*") -> 0 | I6: =COUNTIFS(Degree_Awards!$A$2:$A$401,"CAYm4 (LYG)",Degree_Awards!$F$2:$F$401,"*First*") -> 0 | J6: =COUNTIFS(Degree_Awards!$A$2:$A$401,"CAYm4 (LYG)",Degree_Awards!$F$2:$F$401,"*Second*")+COUNTIFS(Degree_Awards!$A$2:$A$401,"CAYm4 (LYG)",Degree_Awards!$F$2:$F$401,"*Pass*") -> 0
A7: CAYm5 (LYGm1) | C7: =COUNTIF(Degree_Awards!$A$2:$A$401,"CAYm5 (LYGm1)") -> 0 | D7: =COUNTIFS(Degree_Awards!$A$2:$A$401,"CAYm5 (LYGm1)",Degree_Awards!$G$2:$G$401,"On-time") -> 0 | E7: =COUNTIFS(Degree_Awards!$A$2:$A$401,"CAYm5 (LYGm1)",Degree_Awards!$G$2:$G$401,"Delayed") -> 0 | F7: =COUNTIFS(Degree_Awards!$A$2:$A$401,"CAYm5 (LYGm1)",Degree_Awards!$H$2:$H$401,"No") -> 0 | G7: =COUNTIFS(Degree_Awards!$A$2:$A$401,"CAYm5 (LYGm1)",Degree_Awards!$H$2:$H$401,"Yes") -> 0 | H7: =COUNTIFS(Degree_Awards!$A$2:$A$401,"CAYm5 (LYGm1)",Degree_Awards!$F$2:$F$401,"*Distinction*") -> 0 | I7: =COUNTIFS(Degree_Awards!$A$2:$A$401,"CAYm5 (LYGm1)",Degree_Awards!$F$2:$F$401,"*First*") -> 0 | J7: =COUNTIFS(Degree_Awards!$A$2:$A$401,"CAYm5 (LYGm1)",Degree_Awards!$F$2:$F$401,"*Second*")+COUNTIFS(Degree_Awards!$A$2:$A$401,"CAYm5 (LYGm1)",Degree_Awards!$F$2:$F$401,"*Pass*") -> 0
A8: CAYm6 (LYGm2) | C8: =COUNTIF(Degree_Awards!$A$2:$A$401,"CAYm6 (LYGm2)") -> 0 | D8: =COUNTIFS(Degree_Awards!$A$2:$A$401,"CAYm6 (LYGm2)",Degree_Awards!$G$2:$G$401,"On-time") -> 0 | E8: =COUNTIFS(Degree_Awards!$A$2:$A$401,"CAYm6 (LYGm2)",Degree_Awards!$G$2:$G$401,"Delayed") -> 0 | F8: =COUNTIFS(Degree_Awards!$A$2:$A$401,"CAYm6 (LYGm2)",Degree_Awards!$H$2:$H$401,"No") -> 0 | G8: =COUNTIFS(Degree_Awards!$A$2:$A$401,"CAYm6 (LYGm2)",Degree_Awards!$H$2:$H$401,"Yes") -> 0 | H8: =COUNTIFS(Degree_Awards!$A$2:$A$401,"CAYm6 (LYGm2)",Degree_Awards!$F$2:$F$401,"*Distinction*") -> 0 | I8: =COUNTIFS(Degree_Awards!$A$2:$A$401,"CAYm6 (LYGm2)",Degree_Awards!$F$2:$F$401,"*First*") -> 0 | J8: =COUNTIFS(Degree_Awards!$A$2:$A$401,"CAYm6 (LYGm2)",Degree_Awards!$F$2:$F$401,"*Second*")+COUNTIFS(Degree_Awards!$A$2:$A$401,"CAYm6 (LYGm2)",Degree_Awards!$F$2:$F$401,"*Pass*") -> 0

Sheet Docs_Log
A1: Year of Entry (Label) | B1: Document Type (Degree Award List / Convocation Minutes) | C1: File Path or Link | D1: Verified By | E1: Verification Date (YYYY-MM-DD) | F1: Remarks
A2: CAY
A3: CAYm1
A4: CAYm2
A5: CAYm3
A6: CAYm4 (LYG)
A7: CAYm5 (LYGm1)
A8: CAYm6 (LYGm2)

Sheet ReadMe
A1: Instructions
A2: Degree Award Mapping Sheet – NBA Criterion 4 (Graduation)
A4: Purpose: Map University/Autonomous 'Degree Award Lists' into year-wise totals aligned with Graduation Tracker.
A6: How to use:
A7: 1) Paste the student-wise degree award list into 'Degree_Awards'.
A8: - Use labels CAY..CAYm6 in 'Year of Entry'.
A9: - Set 'Graduated Status' = On-time or Delayed.
A10: - Set 'Backlog History' = Yes (with backlog) / No (without backlog).
A11: - Optionally classify 'Class Awarded'.
A12: 2) 'Yearly_Summary' auto-computes totals per year of entry:
A13: - Total Degrees Awarded
A14: - On-time vs Delayed graduates
... A19: Notes: Keep naming consistent with your Graduation Tracker and Gazette Mapping Sheet.
