Workbook

Sheet Appearance_Paste
A1: Cohort (CAYm1/CAYm2/CAYm3) | B1: Academic Year (e.g., 2023-24) | C1: Roll No | D1: Student Name | E1: Attendance (Present/Absent) | F1: Remarks (Detained/Debarred/etc.)

Sheet Gazette_RollNos
A1: Cohort (CAYm1/CAYm2/CAYm3) | B1: Roll No (Successful/Promoted as per Gazette/Pass List)

Sheet PassList_RollNos
A1: Cohort (CAYm1/CAYm2/CAYm3) | B1: Roll No (Promoted to next year)

Sheet Z_Summary
A1: Cohort (CAYm1/CAYm2/CAYm3) | B1: Academic Year (from Appearance) | C1: Registered (count) | D1: Appeared Z = Present (count) | E1: Absent (count) | F1: Gazette/Pass: Successful (Y) count (optional) | G1: Mismatch: Successful not in Appeared (count)
A2: CAYm1 | B2: =IFERROR(INDEX(Appearance_Paste!$B$2:$B$1201, MATCH("CAYm1", Appearance_Paste!$A$2:$A$1201, 0)), "") -> 0 | C2: =COUNTIFS(Appearance_Paste!$A$2:$A$1201,"CAYm1",Appearance_Paste!$C$2:$C$1201,"<>") -> 0 | D2: =COUNTIFS(Appearance_Paste!$A$2:$A$1201,"CAYm1",Appearance_Paste!$E$2:$E$1201,"Present") -> 0 | E2: =C2-D2 -> 0 | F2: =IF(COUNTA(Gazette_RollNos!$B$2:$B$601)>0, COUNTIFS(Gazette_RollNos!$A$2:$A$601,"CAYm1",Gazette_RollNos!$B$2:$B$601,"<>"), COUNTIFS(PassList_RollNos!$A$2:$A$601,"CAYm1",PassList_RollNos!$B$2:$B$601,"<>")) -> 0 | G2: =IF(COUNTA(Gazette_RollNos!$B$2:$B$601)>0, SUMPRODUCT(--(Gazette_RollNos!$A$2:$A$601="CAYm1"), --(Gazette_RollNos!$B$2:$B$601<>""), --(ISNA(MATCH(Gazette_RollNos!$B$2:$B$601, IF(Appearance_Paste!$A$2:$A$1201="CAYm1", Appearance_Paste!$C$2:$C$1201, ""), 0)))), SUMPRODUCT(--(PassList_RollNos!$A$2:$A$601="CAYm1"), --(PassList_RollNos!$B$2:$B$601<>""), --(ISNA(MATCH(PassList_RollNos!$B$2:$B$601, IF(Appearance_Paste!$A$2:$A$1201="CAYm1", Appearance_Paste!$C$2:$C$1201, ""), 0))))) -> 0
A3: CAYm2 | B3: =IFERROR(INDEX(Appearance_Paste!$B$2:$B$1201, MATCH("CAYm2", Appearance_Paste!$A$2:$A$1201, 0)), "") -> 0 | C3: =COUNTIFS(Appearance_Paste!$A$2:$A$1201,"CAYm2",Appearance_Paste!$C$2:$C$1201,"<>") -> 0 | D3: =COUNTIFS(Appearance_Paste!$A$2:$A$1201,"CAYm2",Appearance_Paste!$E$2:$E$1201,"Present") -> 0 | E3: =C3-D3 -> 0 | F3: =IF(COUNTA(Gazette_RollNos!$B$2:$B$601)>0, COUNTIFS(Gazette_RollNos!$A$2:$A$601,"CAYm2",Gazette_RollNos!$B$2:$B$601,"<>"), COUNTIFS(PassList_RollNos!$A$2:$A$601,"CAYm2",PassList_RollNos!$B$2:$B$601,"<>")) -> 0 | G3: =IF(COUNTA(Gazette_RollNos!$B$2:$B$601)>0, SUMPRODUCT(--(Gazette_RollNos!$A$2:$A$601="CAYm2"), --(Gazette_RollNos!$B$2:$B$601<>""), --(ISNA(MATCH(Gazette_RollNos!$B$2:$B$601, IF(Appearance_Paste!$A$2:$A$1201="CAYm2", Appearance_Paste!$C$2:$C$1201, ""), 0)))), SUMPRODUCT(--(PassList_RollNos!$A$2:$A$601="CAYm2"), --(PassList_RollNos!$B$2:$B$601<>""), --(ISNA(MATCH(PassList_RollNos!$B$2:$B$601, IF(Appearance_Paste!$A$2:$A$1201="CAYm2", Appearance_Paste!$C$2:$C$1201, ""), 0))))) -> 0
A4: CAYm3 | B4: =IFERROR(INDEX(Appearance_Paste!$B$2:$B$1201, MATCH("CAYm3", Appearance_Paste!$A$2:$A$1201, 0)), "") -> 0 | C4: =COUNTIFS(Appearance_Paste!$A$2:$A$1201,"CAYm3",Appearance_Paste!$C$2:$C$1201,"<>") -> 0 | D4: =COUNTIFS(Appearance_Paste!$A$2:$A$1201,"CAYm3",Appearance_Paste!$E$2:$E$1201,"Present") -> 0 | E4: =C4-D4 -> 0 | F4: =IF(COUNTA(Gazette_RollNos!$B$2:$B$601)>0, COUNTIFS(Gazette_RollNos!$A$2:$A$601,"CAYm3",Gazette_RollNos!$B$2:$B$601,"<>"), COUNTIFS(PassList_RollNos!$A$2:$A$601,"CAYm3",PassList_RollNos!$B$2:$B$601,"<>")) -> 0 | G4: =IF(COUNTA(Gazette_RollNos!$B$2:$B$601)>0, SUMPRODUCT(--(Gazette_RollNos!$A$2:$A$601="CAYm3"), --(Gazette_RollNos!$B$2:$B$601<>""), --(ISNA(MATCH(Gazette_RollNos!$B$2:$B$601, IF(Appearance_Paste!$A$2:$A$1201="CAYm3", Appearance_Paste!$C$2:$C$1201, ""), 0)))), SUMPRODUCT(--(PassList_RollNos!$A$2:$A$601="CAYm3"), --(PassList_RollNos!$B$2:$B$601<>""), --(ISNA(MATCH(PassList_RollNos!$B$2:$B$601, IF(Appearance_Paste!$A$2:$A$1201="CAYm3", Appearance_Paste!$C$2:$C$1201, ""), 0))))) -> 0

Sheet API_Helper
A1: Cohort (CAYm1/CAYm2/CAYm3) | B1: X (Mean GPA of successful OR Mean %/10) | C1: Y source (choose: Gazette or PassList) | D1: Y (Auto from chosen source) | E1: Z (Auto from Z_Summary) | F1: API = X * (Y/Z) (Auto)
A2: CAYm1 | C2: Gazette | D2: =IF(UPPER(C2)="GAZETTE", COUNTIFS(Gazette_RollNos!$A$2:$A$601,"CAYm1",Gazette_RollNos!$B$2:$B$601,"<>"), COUNTIFS(PassList_RollNos!$A$2:$A$601,"CAYm1",PassList_RollNos!$B$2:$B$601,"<>")) -> 0 | E2: =IFERROR(INDEX(Z_Summary!$D$2:$D$4, MATCH("CAYm1", Z_Summary!$A$2:$A$4, 0)),"") -> 0 | F2: =IFERROR(B2*(D2/E2),"") -> 0
A3: CAYm2 | C3: Gazette | D3: =IF(UPPER(C3)="GAZETTE", COUNTIFS(Gazette_RollNos!$A$2:$A$601,"CAYm2",Gazette_RollNos!$B$2:$B$601,"<>"), COUNTIFS(PassList_RollNos!$A$2:$A$601,"CAYm2",PassList_RollNos!$B$2:$B$601,"<>")) -> 0 | E3: =IFERROR(INDEX(Z_Summary!$D$2:$D$4, MATCH("CAYm2", Z_Summary!$A$2:$A$4, 0)),"") -> 0 | F3: =IFERROR(B3*(D3/E3),"") -> 0
A4: CAYm3 | C4: Gazette | D4: =IF(UPPER(C4)="GAZETTE", COUNTIFS(Gazette_RollNos!$A$2:$A$601,"CAYm3",Gazette_RollNos!$B$2:$B$601,"<>"), COUNTIFS(PassList_RollNos!$A$2:$A$601,"CAYm3",PassList_RollNos!$B$2:$B$601,"<>")) -> 0 | E4: =IFERROR(INDEX(Z_Summary!$D$2:$D$4, MATCH("CAYm3", Z_Summary!$A$2:$A$4, 0)),"") -> 0 | F4: =IFERROR(B4*(D4/E4),"") -> 0

Sheet ReadMe
A1: Instructions
A2: Exam Appearance Mapping – Z source for API (NBA Criterion 4)
A4: How to use:
A5: 1) Paste the exam nominal roll / attendance in 'Appearance_Paste'.
A6: - Mark 'Attendance' as Present or Absent for each student.
A7: 2) (Optional) Paste promoted/successful roll numbers into:
A8: - 'Gazette_RollNos' (successful set used for X,Y from Gazette), and/or
A9: - 'PassList_RollNos' (official promotion list).
A10: 3) Open 'Z_Summary' to see:
A11: - Registered, Appeared (Z), Absent counts per cohort,
A12: - Successful (Y) count from Gazette (if provided),
A13: - Mismatch count: successful roll nos not found in Appeared list.
... A19: - If both Gazette and PassList are provided, choose your Y source in API_Helper.
