Workbook

Sheet Summary
A1: Metric (Criterion 5) | B1: Marks | C1: Notes
A2: 5.1 Student–Faculty Ratio (max 30) | B2: =ROUND('5.1 SFR'!H6,2) | C2: Average SFR based score
A3: 5.2 Faculty Qualification (max 25) | B3: =ROUND('5.2 FQI'!H6,2) | C3: Average FQI (capped at 25)
A4: 5.3 Faculty Cadre Proportion (max 25) | B4: =ROUND('5.3 Cadre'!M6,2) | C4: Average of 3 years (capped at 25)
A5: 5.4 Visiting/Adjunct/Professor of Practice (max 10) | B5: =ROUND('5.4 Adjunct'!D7,2) | C5: Provision + ≥50 hours/year marks (cap 10)
A6: 5.5 Faculty Retention (max 10) | B6: =ROUND('5.5 Retention'!B16,2) | C6: MAX of Retention% method vs FR method (cap 10)
A7: Total (out of 100) | B7: =SUM(B2:B6) | C7: Auto total of 5.1–5.5

Sheet 5.1 SFR
A1: Year | B1: S (Students: Dept+Allied) | C1: F (Full-time Faculty) | D1: FF (100% First-Year Faculty) | E1: Net Faculty (F-FF) | F1: SFR = S/NetF | G1: — | H1: Average SFR | I1: Marks (30/26/22/18/14/10/0)
A2: CAY | E2: =IF(AND(C2>0,D2>=0),C2-D2,"") | F2: =IF(E2>0,B2/E2,"")
A3: CAYm1 | E3: =IF(AND(C3>0,D3>=0),C3-D3,"") | F3: =IF(E3>0,B3/E3,"")
A4: CAYm2 | E4: =IF(AND(C4>0,D4>=0),C4-D4,"") | F4: =IF(E4>0,B4/E4,"")
A5: —
A6: AVERAGE | H6: =IF(COUNTA(F2:F4)=3,AVERAGE(F2:F4),"") | I6: =IF(H6="","",IF(H6<15,30,IF(H6<17,26,IF(H6<19,22,IF(H6<21,18,IF(H6<23,14,IF(H6<25,10,0)))))))

Sheet 5.2 FQI
A1: Year | B1: X (Ph.D.) | C1: Y (M.Tech/ME) | D1: S (Students: Dept+Allied) | E1: RF (=S/20) | F1: Weighted (10X+4Y) | G1: FQI_raw = 2.5*(Weighted/RF) | H1: FQI_capped_25
A2: CAY | E2: =IF(D2>0,D2/20,"") | F2: =IF(AND(B2>-1,C2>-1),10*B2+4*C2,"") | G2: =IF(E2>0,2.5*(F2/E2),"") | H2: =IF(G2<>"",MIN(G2,25),"")
A3: CAYm1 | E3: =IF(D3>0,D3/20,"") | F3: =IF(AND(B3>-1,C3>-1),10*B3+4*C3,"") | G3: =IF(E3>0,2.5*(F3/E3),"") | H3: =IF(G3<>"",MIN(G3,25),"")
A4: CAYm2 | E4: =IF(D4>0,D4/20,"") | F4: =IF(AND(B4>-1,C4>-1),10*B4+4*C4,"") | G4: =IF(E4>0,2.5*(F4/E4),"") | H4: =IF(G4<>"",MIN(G4,25),"")
A5: AVERAGE
H6: =IF(COUNTA(H2:H4)=3,AVERAGE(H2:H4),"")

Sheet 5.3 Cadre
A1: Year | B1: S (Students) | C1: RF = S/20 | D1: RF1 Prof (RF/9) | E1: AF1 Prof | F1: RF2 Assoc (2*RF/9) | G1: AF2 Assoc | H1: RF3 Asst (6*RF/9) | I1: AF3 Asst | J1: AF1/RF1 | K1: AF2/RF2 | L1: AF3/RF3 | M1: Marks per year (cap 25; AF1&AF2=0 → 0)
A2: CAY | C2: =IF(B2>0,B2/20,"") | D2: =IF(C2>0,C2/9,"") | F2: =IF(C2>0,2*C2/9,"") | H2: =IF(C2>0,6*C2/9,"") | J2: =IF(D2>0,E2/D2,"") | K2: =IF(F2>0,G2/F2,"") | L2: =IF(H2>0,I2/H2,"") | M2: =IF(AND(E2=0,G2=0),0,MIN((J2+0.6*K2+0.4*L2)*12.5,25))
A3: CAYm1 | C3: =IF(B3>0,B3/20,"") | D3: =IF(C3>0,C3/9,"") | F3: =IF(C3>0,2*C3/9,"") | H3: =IF(C3>0,6*C3/9,"") | J3: =IF(D3>0,E3/D3,"") | K3: =IF(F3>0,G3/F3,"") | L3: =IF(H3>0,I3/H3,"") | M3: =IF(AND(E3=0,G3=0),0,MIN((J3+0.6*K3+0.4*L3)*12.5,25))
A4: CAYm2 | C4: =IF(B4>0,B4/20,"") | D4: =IF(C4>0,C4/9,"") | F4: =IF(C4>0,2*C4/9,"") | H4: =IF(C4>0,6*C4/9,"") | J4: =IF(D4>0,E4/D4,"") | K4: =IF(F4>0,G4/F4,"") | L4: =IF(H4>0,I4/H4,"") | M4: =IF(AND(E4=0,G4=0),0,MIN((J4+0.6*K4+0.4*L4)*12.5,25))
A5: AVERAGE
M6: =IF(COUNTA(M2:M4)=3,AVERAGE(M2:M4),"")

Sheet 5.4 Adjunct
A1: Year | B1: Total Hours (per year) | C1: ≥50 Hours? (Yes/No) | D1: Marks (3 per year)
A2: CAY | C2: =IF(B2>=50,"Yes","No") | D2: =IF(B2>=50,3,0)
A3: CAYm1 | C3: =IF(B3>=50,"Yes","No") | D3: =IF(B3>=50,3,0)
A4: CAYm2 | C4: =IF(B4>=50,"Yes","No") | D4: =IF(B4>=50,3,0)
A5: Provision of System (Y/N) | B5: Yes | C5: — | D5: =IF(B5="Yes",1,0)
A6: Total Marks (cap 10) | B6: — | C6: — | D6: =MIN(SUM(D2:D4)+D5,10)

Sheet 5.5 Retention
A1: Retention % Method
A2: Year | B2: S (Students) | C2: RF = S/20 | D2: Retained ≥3 years (count) | E2: Retention % | F2: Marks (bands)
A3: CAY | C3: =IF(B3>0,B3/20,"") | E3: =IF(C3>0,D3/C3,"") | F3: =IF(E3>=0.9,10,IF(E3>=0.75,8,IF(E3>=0.6,6,IF(E3>=0.5,4,0))))
A4: CAYm1 | C4: =IF(B4>0,B4/20,"") | E4: =IF(C4>0,D4/C4,"") | F4: =IF(E4>=0.9,10,IF(E4>=0.75,8,IF(E4>=0.6,6,IF(E4>=0.5,4,0))))
A5: CAYm2 | C5: =IF(B5>0,B5/20,"") | E5: =IF(C5>0,D5/C5,"") | F5: =IF(E5>=0.9,10,IF(E5>=0.75,8,IF(E5>=0.6,6,IF(E5>=0.5,4,0))))
A6: Average Marks (bands) | D6: =IF(COUNTA(D3:D5)=3, AVERAGE(F3:F5), "")
A8: FR Method (A-E Weighted)
A10: Year | B10: RF | C10: AF | D10: A(<1yr) | E10: B(≥1&<2) | F10: C(≥2&<3) | G10: D(≥3&<4) | H10: E(≥4) | I10: Sum(A..E) | J10: Mismatch (AF-Sum) | K10: Weighted (0A+1B+2C+3D+4E) | L10: FR per year (cap 10)
A12: CAYm1 | I12: =SUM(D12:H12) | J12: =IF(AND(C12<>",",I12<>""),C12-I12,"") | K12: =0*D12+1*E12+2*F12+3*G12+4*H12 | L12: =IF(B12>0,MIN((K12/B12)*2.5,10),"")
A13: CAYm2 | I13: =SUM(D13:H13) | J13: =IF(AND(C13<>",",I13<>""),C13-I13,"") | K13: =0*D13+1*E13+2*F13+3*G13+4*H13 | L13: =IF(B13>0,MIN((K13/B13)*2.5,10),"")
A14: CAYm3 | I14: =SUM(D14:H14) | J14: =IF(AND(C14<>",",I14<>""),C14-I14,"") | K14: =0*D14+1*E14+2*F14+3*G14+4*H14 | L14: =IF(B14>0,MIN((K14/B14)*2.5,10),"")
A15: Average FR (cap 10) | L15: =IF(COUNTA(L12:L14)=3,MIN(AVERAGE(L12:L14),10),"")
A16: Final 5.5 Marks (MAX of two methods) | B16: =MAX(D6, L16)

Sheet Instructions
A1: Faculty Information Dashboard — How to Use (Criterion 5: 100 Marks)
A3: General: Fill inputs in each sheet (5.1 to 5.5). Summary auto-calculates marks out of 100.
A4: 5.1 SFR: Enter S (Dept+Allied engineering students), F (full-time), FF (100% first-year-only). Sheet computes per-year SFR, average SFR, and marks per NBA bands.
A5: 5.2 FQI: Enter X (Ph.D.), Y (M.Tech/ME), S (students). Sheet computes RF=S/20, Weighted=10X+4Y, FQI and average (cap 25).
A6: 5.3 Cadre: Enter S and AF1/AF2/AF3. Sheet computes RF and cadre requirements (1:2:6), ratios and marks (cap 25). Rule: if AF1=0 & AF2=0 → 0 marks.
A7: 5.4 Adjunct: Enter total hours per year (from your Timetable/Contribution trackers). If ≥50 hours, 3 marks per year. Mark Provision=Yes/No for +1 mark (cap 10).
A8: 5.5 Retention: Two methods available — (A) Retention % using Retained ≥3 years and RF=S/20 (banded marks); (B) FR method with A–E service buckets (weighted, cap 10). Final = MAX of the two.
A9: Consistency: Use the same S values across sheets (engineering only; include allied; exclude SNQ/EWS/TFWS; apply SA+L ≤110%) and exclude 100% first-year faculty from SFR faculty.
A10: Evidence pointers: Appointment/Approval letters, Joining/Relieving records, Payroll continuity, Timetables, Attendance, Feedback, Workshop/Project reports.
