Workbook

Sheet Student_Results
A1: Year of Entry (Label) | B1: Academic Year (e.g., 2020-21) | C1: Roll No | D1: Student Name | E1: Result Status (PASS / PASS WITH BACKLOG / FAIL) | F1: Remarks

Sheet Yearly_Summary
A1: Year of Entry (Label) | B1: Academic Year (e.g., 2020-21) | C1: Total Students Appeared | D1: Graduated WITHOUT Backlogs | E1: Graduated WITH Backlogs | F1: Failed/Not Graduated | G1: Total Graduated (Auto) | H1: Graduation Efficiency % (Auto)
A2: CAY | C2: =COUNTIF(Student_Results!$A$2:$A$201,"CAY") -> 0 | D2: =COUNTIFS(Student_Results!$A$2:$A$201,"CAY",Student_Results!$E$2:$E$201,"PASS") -> 0 | E2: =COUNTIFS(Student_Results!$A$2:$A$201,"CAY",Student_Results!$E$2:$E$201,"PASS WITH BACKLOG") -> 0 | F2: =COUNTIFS(Student_Results!$A$2:$A$201,"CAY",Student_Results!$E$2:$E$201,"FAIL") -> 0 | G2: =SUM(D2,E2) -> 0 | H2: =IFERROR(F2/C2,"") -> 0
A3: CAYm1 | C3: =COUNTIF(Student_Results!$A$2:$A$201,"CAYm1") -> 0 | D3: =COUNTIFS(Student_Results!$A$2:$A$201,"CAYm1",Student_Results!$E$2:$E$201,"PASS") -> 0 | E3: =COUNTIFS(Student_Results!$A$2:$A$201,"CAYm1",Student_Results!$E$2:$E$201,"PASS WITH BACKLOG") -> 0 | F3: =COUNTIFS(Student_Results!$A$2:$A$201,"CAYm1",Student_Results!$E$2:$E$201,"FAIL") -> 0 | G3: =SUM(D3,E3) -> 0 | H3: =IFERROR(F3/C3,"") -> 0
A4: CAYm2 | C4: =COUNTIF(Student_Results!$A$2:$A$201,"CAYm2") -> 0 | D4: =COUNTIFS(Student_Results!$A$2:$A$201,"CAYm2",Student_Results!$E$2:$E$201,"PASS") -> 0 | E4: =COUNTIFS(Student_Results!$A$2:$A$201,"CAYm2",Student_Results!$E$2:$E$201,"PASS WITH BACKLOG") -> 0 | F4: =COUNTIFS(Student_Results!$A$2:$A$201,"CAYm2",Student_Results!$E$2:$E$201,"FAIL") -> 0 | G4: =SUM(D4,E4) -> 0 | H4: =IFERROR(F4/C4,"") -> 0
A5: CAYm3 | C5: =COUNTIF(Student_Results!$A$2:$A$201,"CAYm3") -> 0 | D5: =COUNTIFS(Student_Results!$A$2:$A$201,"CAYm3",Student_Results!$E$2:$E$201,"PASS") -> 0 | E5: =COUNTIFS(Student_Results!$A$2:$A$201,"CAYm3",Student_Results!$E$2:$E$201,"PASS WITH BACKLOG") -> 0 | F5: =COUNTIFS(Student_Results!$A$2:$A$201,"CAYm3",Student_Results!$E$2:$E$201,"FAIL") -> 0 | G5: =SUM(D5,E5) -> 0 | H5: =IFERROR(F5/C5,"") -> 0
A6: CAYm4 (LYG) | C6: =COUNTIF(Student_Results!$A$2:$A$201,"CAYm4 (LYG)") -> 0 | D6: =COUNTIFS(Student_Results!$A$2:$A$201,"CAYm4 (LYG)",Student_Results!$E$2:$E$201,"PASS") -> 0 | E6: =COUNTIFS(Student_Results!$A$2:$A$201,"CAYm4 (LYG)",Student_Results!$E$2:$E$201,"PASS WITH BACKLOG") -> 0 | F6: =COUNTIFS(Student_Results!$A$2:$A$201,"CAYm4 (LYG)",Student_Results!$E$2:$E$201,"FAIL") -> 0 | G6: =SUM(D6,E6) -> 0 | H6: =IFERROR(F6/C6,"") -> 0
A7: CAYm5 (LYGm1) | C7: =COUNTIF(Student_Results!$A$2:$A$201,"CAYm5 (LYGm1)") -> 0 | D7: =COUNTIFS(Student_Results!$A$2:$A$201,"CAYm5 (LYGm1)",Student_Results!$E$2:$E$201,"PASS") -> 0 | E7: =COUNTIFS(Student_Results!$A$2:$A$201,"CAYm5 (LYGm1)",Student_Results!$E$2:$E$201,"PASS WITH BACKLOG") -> 0 | F7: =COUNTIFS(Student_Results!$A$2:$A$201,"CAYm5 (LYGm1)",Student_Results!$E$2:$E$201,"FAIL") -> 0 | G7: =SUM(D7,E7) -> 0 | H7: =IFERROR(F7/C7,"") -> 0
A8: CAYm6 (LYGm2) | C8: =COUNTIF(Student_Results!$A$2:$A$201,"CAYm6 (LYGm2)") -> 0 | D8: =COUNTIFS(Student_Results!$A$2:$A$201,"CAYm6 (LYGm2)",Student_Results!$E$2:$E$201,"PASS") -> 0 | E8: =COUNTIFS(Student_Results!$A$2:$A$201,"CAYm6 (LYGm2)",Student_Results!$E$2:$E$201,"PASS WITH BACKLOG") -> 0 | F8: =COUNTIFS(Student_Results!$A$2:$A$201,"CAYm6 (LYGm2)",Student_Results!$E$2:$E$201,"FAIL") -> 0 | G8: =SUM(D8,E8) -> 0 | H8: =IFERROR(F8/C8,"") -> 0

Sheet Docs_Log
A1: Year of Entry (Label) | B1: Document Type (Result Gazette / Passing Board Report) | C1: File Path or Link | D1: Verified By | E1: Verification Date (YYYY-MM-DD) | F1: Remarks
A2: CAY
A3: CAYm1
A4: CAYm2
A5: CAYm3
A6: CAYm4 (LYG)
A7: CAYm5 (LYGm1)
A8: CAYm6 (LYGm2)

Sheet ReadMe
A1: Instructions
A2: Gazette Mapping Sheet – NBA Criterion 4 (Graduation Performance)
A4: Purpose: To map University Result Gazette data (student-wise) into year-wise graduation summaries.
A6: How to use:
A7: 1) Paste student-wise results into 'Student_Results': Roll No, Name, and Result Status.
A8: - Valid values for Result Status: PASS / PASS WITH BACKLOG / FAIL.
A9: 2) 'Yearly_Summary' auto-computes totals for each Year of Entry (CAY..CAYm6).
A10: - Total Students Appeared = count of students per batch.
A11: - Graduated WITHOUT Backlogs = count of PASS.
A12: - Graduated WITH Backlogs = count of PASS WITH BACKLOG.
A13: - Failed/Not Graduated = count of FAIL.
A14: - Total Graduated = sum of PASS + PASS WITH BACKLOG.
... A18: Tip: Use consistent Year of Entry labels (CAY..CAYm6) to align with other NBA Registers.
