Workbook

Sheet MEES_Register
A1: Year Label | B1: Academic Year (e.g., 2024-25) | C1: Student Name | D1: University Roll/Reg No | E1: ABC ID | F1: MEES Type (ENTRY/EXIT) | G1: Entry Level (2nd/3rd/4th year) | H1: Exit Level (after 1st/2nd/3rd year) | I1: Credits Transferred | J1: From Institution/Program (for ENTRY) | K1: To Institution/Program (for EXIT) | L1: Approval Order No (Univ/Board) | M1: Approval Date (YYYY-MM-DD) | N1: Issued By (University/Board) | O1: Remarks/Notes
A2: CAY|CAYm1|CAYm2|CAYm3|CAYm4 (LYG)|CAYm5 (LYGm1)|CAYm6 (LYGm2) | F2: ENTRY or EXIT | G2: leave blank if EXIT | H2: leave blank if ENTRY

Sheet Yearly_Summary
A1: Year Label | B1: Academic Year (e.g., 2024-25) | C1: N52 (Entries into 2nd Yr) | D1: N53 (Entries into 3rd Yr) | E1: N54 (Entries into 4th Yr) | F1: N5 (Total MEES Entries) | G1: N61 (Exits after 1st Yr) | H1: N62 (Exits after 2nd Yr) | I1: N63 (Exits after 3rd Yr) | J1: N6 (Total MEES Exits)
A2: CAY | C2: =COUNTIFS(MEES_Register!$A$2:$A$501,"CAY",MEES_Register!$F$2:$F$501,"ENTRY",MEES_Register!$G$2:$G$501,"2nd year") -> 0 | D2: =COUNTIFS(MEES_Register!$A$2:$A$501,"CAY",MEES_Register!$F$2:$F$501,"ENTRY",MEES_Register!$G$2:$G$501,"3rd year") -> 0 | E2: =COUNTIFS(MEES_Register!$A$2:$A$501,"CAY",MEES_Register!$F$2:$F$501,"ENTRY",MEES_Register!$G$2:$G$501,"4th year") -> 0 | F2: =SUM(C2:E2) -> 0 | G2: =COUNTIFS(MEES_Register!$A$2:$A$501,"CAY",MEES_Register!$F$2:$F$501,"EXIT",MEES_Register!$H$2:$H$501,"after 1st year") -> 0 | H2: =COUNTIFS(MEES_Register!$A$2:$A$501,"CAY",MEES_Register!$F$2:$F$501,"EXIT",MEES_Register!$H$2:$H$501,"after 2nd year") -> 0 | I2: =COUNTIFS(MEES_Register!$A$2:$A$501,"CAY",MEES_Register!$F$2:$F$501,"EXIT",MEES_Register!$H$2:$H$501,"after 3rd year") -> 0 | J2: =SUM(G2:I2) -> 0
A3: CAYm1 | C3: =COUNTIFS(MEES_Register!$A$2:$A$501,"CAYm1",MEES_Register!$F$2:$F$501,"ENTRY",MEES_Register!$G$2:$G$501,"2nd year") -> 0 | D3: =COUNTIFS(MEES_Register!$A$2:$A$501,"CAYm1",MEES_Register!$F$2:$F$501,"ENTRY",MEES_Register!$G$2:$G$501,"3rd year") -> 0 | E3: =COUNTIFS(MEES_Register!$A$2:$A$501,"CAYm1",MEES_Register!$F$2:$F$501,"ENTRY",MEES_Register!$G$2:$G$501,"4th year") -> 0 | F3: =SUM(C3:E3) -> 0 | G3: =COUNTIFS(MEES_Register!$A$2:$A$501,"CAYm1",MEES_Register!$F$2:$F$501,"EXIT",MEES_Register!$H$2:$H$501,"after 1st year") -> 0 | H3: =COUNTIFS(MEES_Register!$A$2:$A$501,"CAYm1",MEES_Register!$F$2:$F$501,"EXIT",MEES_Register!$H$2:$H$501,"after 2nd year") -> 0 | I3: =COUNTIFS(MEES_Register!$A$2:$A$501,"CAYm1",MEES_Register!$F$2:$F$501,"EXIT",MEES_Register!$H$2:$H$501,"after 3rd year") -> 0 | J3: =SUM(G3:I3) -> 0
A4: CAYm2 | C4: =COUNTIFS(MEES_Register!$A$2:$A$501,"CAYm2",MEES_Register!$F$2:$F$501,"ENTRY",MEES_Register!$G$2:$G$501,"2nd year") -> 0 | D4: =COUNTIFS(MEES_Register!$A$2:$A$501,"CAYm2",MEES_Register!$F$2:$F$501,"ENTRY",MEES_Register!$G$2:$G$501,"3rd year") -> 0 | E4: =COUNTIFS(MEES_Register!$A$2:$A$501,"CAYm2",MEES_Register!$F$2:$F$501,"ENTRY",MEES_Register!$G$2:$G$501,"4th year") -> 0 | F4: =SUM(C4:E4) -> 0 | G4: =COUNTIFS(MEES_Register!$A$2:$A$501,"CAYm2",MEES_Register!$F$2:$F$501,"EXIT",MEES_Register!$H$2:$H$501,"after 1st year") -> 0 | H4: =COUNTIFS(MEES_Register!$A$2:$A$501,"CAYm2",MEES_Register!$F$2:$F$501,"EXIT",MEES_Register!$H$2:$H$501,"after 2nd year") -> 0 | I4: =COUNTIFS(MEES_Register!$A$2:$A$501,"CAYm2",MEES_Register!$F$2:$F$501,"EXIT",MEES_Register!$H$2:$H$501,"after 3rd year") -> 0 | J4: =SUM(G4:I4) -> 0
A5: CAYm3 | C5: =COUNTIFS(MEES_Register!$A$2:$A$501,"CAYm3",MEES_Register!$F$2:$F$501,"ENTRY",MEES_Register!$G$2:$G$501,"2nd year") -> 0 | D5: =COUNTIFS(MEES_Register!$A$2:$A$501,"CAYm3",MEES_Register!$F$2:$F$501,"ENTRY",MEES_Register!$G$2:$G$501,"3rd year") -> 0 | E5: =COUNTIFS(MEES_Register!$A$2:$A$501,"CAYm3",MEES_Register!$F$2:$F$501,"ENTRY",MEES_Register!$G$2:$G$501,"4th year") -> 0 | F5: =SUM(C5:E5) -> 0 | G5: =COUNTIFS(MEES_Register!$A$2:$A$501,"CAYm3",MEES_Register!$F$2:$F$501,"EXIT",MEES_Register!$H$2:$H$501,"after 1st year") -> 0 | H5: =COUNTIFS(MEES_Register!$A$2:$A$501,"CAYm3",MEES_Register!$F$2:$F$501,"EXIT",MEES_Register!$H$2:$H$501,"after 2nd year") -> 0 | I5: =COUNTIFS(MEES_Register!$A$2:$A$501,"CAYm3",MEES_Register!$F$2:$F$501,"EXIT",MEES_Register!$H$2:$H$501,"after 3rd year") -> 0 | J5: =SUM(G5:I5) -> 0
A6: CAYm4 (LYG) | C6: =COUNTIFS(MEES_Register!$A$2:$A$501,"CAYm4 (LYG)",MEES_Register!$F$2:$F$501,"ENTRY",MEES_Register!$G$2:$G$501,"2nd year") -> 0 | D6: =COUNTIFS(MEES_Register!$A$2:$A$501,"CAYm4 (LYG)",MEES_Register!$F$2:$F$501,"ENTRY",MEES_Register!$G$2:$G$501,"3rd year") -> 0 | E6: =COUNTIFS(MEES_Register!$A$2:$A$501,"CAYm4 (LYG)",MEES_Register!$F$2:$F$501,"ENTRY",MEES_Register!$G$2:$G$501,"4th year") -> 0 | F6: =SUM(C6:E6) -> 0 | G6: =COUNTIFS(MEES_Register!$A$2:$A$501,"CAYm4 (LYG)",MEES_Register!$F$2:$F$501,"EXIT",MEES_Register!$H$2:$H$501,"after 1st year") -> 0 | H6: =COUNTIFS(MEES_Register!$A$2:$A$501,"CAYm4 (LYG)",MEES_Register!$F$2:$F$501,"EXIT",MEES_Register!$H$2:$H$501,"after 2nd year") -> 0 | I6: =COUNTIFS(MEES_Register!$A$2:$A$501,"CAYm4 (LYG)",MEES_Register!$F$2:$F$501,"EXIT",MEES_Register!$H$2:$H$501,"after 3rd year") -> 0 | J6: =SUM(G6:I6) -> 0
A7: CAYm5 (LYGm1) | C7: =COUNTIFS(MEES_Register!$A$2:$A$501,"CAYm5 (LYGm1)",MEES_Register!$F$2:$F$501,"ENTRY",MEES_Register!$G$2:$G$501,"2nd year") -> 0 | D7: =COUNTIFS(MEES_Register!$A$2:$A$501,"CAYm5 (LYGm1)",MEES_Register!$F$2:$F$501,"ENTRY",MEES_Register!$G$2:$G$501,"3rd year") -> 0 | E7: =COUNTIFS(MEES_Register!$A$2:$A$501,"CAYm5 (LYGm1)",MEES_Register!$F$2:$F$501,"ENTRY",MEES_Register!$G$2:$G$501,"4th year") -> 0 | F7: =SUM(C7:E7) -> 0 | G7: =COUNTIFS(MEES_Register!$A$2:$A$501,"CAYm5 (LYGm1)",MEES_Register!$F$2:$F$501,"EXIT",MEES_Register!$H$2:$H$501,"after 1st year") -> 0 | H7: =COUNTIFS(MEES_Register!$A$2:$A$501,"CAYm5 (LYGm1)",MEES_Register!$F$2:$F$501,"EXIT",MEES_Register!$H$2:$H$501,"after 2nd year") -> 0 | I7: =COUNTIFS(MEES_Register!$A$2:$A$501,"CAYm5 (LYGm1)",MEES_Register!$F$2:$F$501,"EXIT",MEES_Register!$H$2:$H$501,"after 3rd year") -> 0 | J7: =SUM(G7:I7) -> 0
A8: CAYm6 (LYGm2) | C8: =COUNTIFS(MEES_Register!$A$2:$A$501,"CAYm6 (LYGm2)",MEES_Register!$F$2:$F$501,"ENTRY",MEES_Register!$G$2:$G$501,"2nd year") -> 0 | D8: =COUNTIFS(MEES_Register!$A$2:$A$501,"CAYm6 (LYGm2)",MEES_Register!$F$2:$F$501,"ENTRY",MEES_Register!$G$2:$G$501,"3rd year") -> 0 | E8: =COUNTIFS(MEES_Register!$A$2:$A$501,"CAYm6 (LYGm2)",MEES_Register!$F$2:$F$501,"ENTRY",MEES_Register!$G$2:$G$501,"4th year") -> 0 | F8: =SUM(C8:E8) -> 0 | G8: =COUNTIFS(MEES_Register!$A$2:$A$501,"CAYm6 (LYGm2)",MEES_Register!$F$2:$F$501,"EXIT",MEES_Register!$H$2:$H$501,"after 1st year") -> 0 | H8: =COUNTIFS(MEES_Register!$A$2:$A$501,"CAYm6 (LYGm2)",MEES_Register!$F$2:$F$501,"EXIT",MEES_Register!$H$2:$H$501,"after 2nd year") -> 0 | I8: =COUNTIFS(MEES_Register!$A$2:$A$501,"CAYm6 (LYGm2)",MEES_Register!$F$2:$F$501,"EXIT",MEES_Register!$H$2:$H$501,"after 3rd year") -> 0 | J8: =SUM(G8:I8) -> 0

Sheet Docs_Log
A1: Year Label | B1: Document Type (ABC Ledger / Univ Approval / Exit Certificate) | C1: File Path or Link | D1: Verified By | E1: Verification Date (YYYY-MM-DD) | F1: Remarks
A2: CAY
A3: CAYm1
A4: CAYm2
A5: CAYm3
A6: CAYm4 (LYG)
A7: CAYm5 (LYGm1)
A8: CAYm6 (LYGm2)

Sheet ReadMe
A1: Instructions
A2: Institutional MEES Register – Professional Format (NBA Criterion 4)
A4: Purpose: Track MEES/ABC admissions (entries into 2nd/3rd/4th year) and exits (after 1st/2nd/3rd year).
A5: N5 = Total Entries (N52+N53+N54), N6 = Total Exits (N61+N62+N63).
A6: These values must be REPORTED separately in NBA SAR, not added to N1–N4.
A8: How to use:
A9: 1) Enter each MEES student as a new row in MEES_Register.
A10: - ENTRY: Fill Entry Level (2nd/3rd/4th year), From Institution, Approval Order.
A11: - EXIT: Fill Exit Level (after 1st/2nd/3rd year), To Institution, Approval Order.
A12: 2) Yearly_Summary auto-calculates totals (N52–N54, N61–N63, N5, N6).
A13: 3) Docs_Log links each year to evidence: ABC statements, University approvals, exit certificates.
A15: Best Practices:
... A18: - Keep N5/N6 aligned with Exclusion Declaration submitted to NBA.
