Workbook

Sheet SeedMoney_Tracker
A1: S. No. | B1: Faculty Name (PI) | C1: Department | D1: Project Title | E1: Support for Activity | F1: Duration (Months) | G1: Sanctioned Amount (₹ Lakhs) | H1: Utilized Amount (₹ Lakhs) | I1: Sanctioned Year | J1: CAY (CAYm1/CAYm2/CAYm3) | K1: Publications (No.) | L1: Prototypes (No.) | M1: Ph.D. Graduated (No.) | N1: M.E./M.Tech. Graduated (No.) | O1: Revenue Generated (₹) | P1: Outcome Type | Q1: DOI/Patent/Thesis ID | R1: Outcome Link (PDF/URL) | S1: Outcomes (Summary) | T1: CAYm1 Amount Received (₹) | U1: CAYm2 Amount Received (₹) | V1: CAYm3 Amount Received (₹) | W1: Total Amount Received (₹) | X1: Total Amount Received (₹ Lakhs)
A2: 1 | B2: Prof. Alpha | C2: CSE | D2: AI-based Crop Prediction | E2: Prototype Development | F2: 6 | G2: 3 | H2: 2.8 | I2: 2023 | J2: CAYm1 | K2: 2 | L2: 1 | M2: 0 | N2: 1 | O2: 50000 | P2: Publication | Q2: 10.1016/j.xxx.2024.001 | R2: https://doi.org/10.1016/j.xxx.2024.001 | S2: 2 Scopus papers; 1 prototype (TRL-4); 1 M.Tech | T2: 180000 | U2: 100000 | W2: =SUM(T2:V2) | X2: =W2/100000
A3: 2 | B3: Dr. Beta | C3: ECE | D3: IoT for Smart Health | E3: Lab Setup & Validation | F3: 8 | G3: 2.5 | H3: 2.5 | I3: 2022 | J3: CAYm2 | K3: 1 | L3: 1 | M3: 0 | N3: 2 | P3: Prototype | S3: 1 paper; 1 prototype; 2 M.Tech | U3: 150000 | V3: 100000 | W3: =SUM(T3:V3) | X3: =W3/100000
A4: 3 | B4: Prof. Gamma | C4: ME | D4: Micro Wind Turbine Prototype | E4: Design & Fabrication | F4: 10 | G4: 1.2 | H4: 1 | I4: 2021 | J4: CAYm3 | K4: 0 | L4: 1 | M4: 0 | N4: 0 | P4: Dissertation-ME/MTech | S4: 1 prototype; thesis under review | V4: 100000 | W4: =SUM(T4:V4) | X4: =W4/100000
W5: =SUM(T5:V5) | X5: =W5/100000
W6: =SUM(T6:V6) | X6: =W6/100000
W7: =SUM(T7:V7) | X7: =W7/100000
W8: =SUM(T8:V8) | X8: =W8/100000
W9: =SUM(T9:V9) | X9: =W9/100000
W10: =SUM(T10:V10) | X10: =W10/100000
W11: =SUM(T11:V11) | X11: =W11/100000
W12: =SUM(T12:V12) | X12: =W12/100000
W13: =SUM(T13:V13) | X13: =W13/100000
W14: =SUM(T14:V14) | X14: =W14/100000
W15: =SUM(T15:V15) | X15: =W15/100000
W16: =SUM(T16:V16) | X16: =W16/100000
... W1000: =SUM(T1000:V1000) | X1000: =W1000/100000

Sheet Summary
A1: Institution Seed Money – Year-wise Summary & Marks
A2: Academic Year | B2: Sanctioned Total (₹ Lakhs) | C2: Utilized Total (₹ Lakhs) | D2: Received Total (₹ Lakhs) | E2: Publications (No.) | F2: Prototypes (No.) | G2: Ph.D. Graduated (No.) | H2: M.E./M.Tech. Graduated (No.)
A3: CAYm1 | B3: =SUMIF(SeedMoney_Tracker!J2:J1000,"CAYm1",SeedMoney_Tracker!G2:G1000) | C3: =SUMIF(SeedMoney_Tracker!J2:J1000,"CAYm1",SeedMoney_Tracker!H2:H1000) | D3: =SUM(SeedMoney_Tracker!T2:T1000)/100000 | E3: =SUMIF(SeedMoney_Tracker!J2:J1000,"CAYm1",SeedMoney_Tracker!K2:K1000) | F3: =SUMIF(SeedMoney_Tracker!J2:J1000,"CAYm1",SeedMoney_Tracker!L2:L1000) | G3: =SUMIF(SeedMoney_Tracker!J2:J1000,"CAYm1",SeedMoney_Tracker!M2:M1000) | H3: =SUMIF(SeedMoney_Tracker!J2:J1000,"CAYm1",SeedMoney_Tracker!N2:N1000)
A4: CAYm2 | B4: =SUMIF(SeedMoney_Tracker!J2:J1000,"CAYm2",SeedMoney_Tracker!G2:G1000) | C4: =SUMIF(SeedMoney_Tracker!J2:J1000,"CAYm2",SeedMoney_Tracker!H2:H1000) | D4: =SUM(SeedMoney_Tracker!U2:U1000)/100000 | E4: =SUMIF(SeedMoney_Tracker!J2:J1000,"CAYm2",SeedMoney_Tracker!K2:K1000) | F4: =SUMIF(SeedMoney_Tracker!J2:J1000,"CAYm2",SeedMoney_Tracker!L2:L1000) | G4: =SUMIF(SeedMoney_Tracker!J2:J1000,"CAYm2",SeedMoney_Tracker!M2:M1000) | H4: =SUMIF(SeedMoney_Tracker!J2:J1000,"CAYm2",SeedMoney_Tracker!N2:N1000)
A5: CAYm3 | B5: =SUMIF(SeedMoney_Tracker!J2:J1000,"CAYm3",SeedMoney_Tracker!G2:G1000) | C5: =SUMIF(SeedMoney_Tracker!J2:J1000,"CAYm3",SeedMoney_Tracker!H2:H1000) | D5: =SUM(SeedMoney_Tracker!V2:V1000)/100000 | E5: =SUMIF(SeedMoney_Tracker!J2:J1000,"CAYm3",SeedMoney_Tracker!K2:K1000) | F5: =SUMIF(SeedMoney_Tracker!J2:J1000,"CAYm3",SeedMoney_Tracker!L2:L1000) | G5: =SUMIF(SeedMoney_Tracker!J2:J1000,"CAYm3",SeedMoney_Tracker!M2:M1000) | H5: =SUMIF(SeedMoney_Tracker!J2:J1000,"CAYm3",SeedMoney_Tracker!N2:N1000)
A6: Total | B6: =SUM(B3:B5) | C6: =SUM(C3:C5) | D6: =SUM(D3:D5) | E6: =SUM(E3:E5) | F6: =SUM(F3:F5) | G6: =SUM(G3:G5) | H6: =SUM(H3:H5)
A9: Marks – Received (3) + Utilized (2)
A10: Received Marks (3) | B10: =IF(D6>=6,3,IF(D6>=4,2,IF(D6>=2,1,0)))
A11: Utilized Marks (2) | B11: =IF(B6=0,0,MIN(2,2*(C6/B6)))
A12: Total Marks (out of 5) | B12: =B10+B11

Sheet ReadMe
A1: How to use this file (Institution Seed Money / Internal Research Grants)
A3: 1) Enter one row per seed-money project in SeedMoney_Tracker. Use dropdowns for CAY and Outcome Type.
A4: 2) Enter Sanctioned/Utilized amounts in Lakhs; year-wise receipts in ₹ per CAY (columns T–V).
A5: 3) Summary sheet auto-computes CAY-wise totals, outcomes, and NBA marks (Received 3 + Utilized 2).
A6: 4) Add hyperlinks to outcome PDFs/DOIs in 'Outcome Link (PDF/URL)' and a crisp line in 'Outcomes (Summary)'.
A7: 5) Avoid duplication with Sponsored (6.2.4) and Consultancy (6.2.5). Keep sanction orders, UCs, invoices handy.
