Workbook

Sheet Rubric Definition
A2: Continuous Assessment Rubric Definitions
A3: Criterion ID | B3: Criterion Name | C3: Phase | D3: Weight (decimal) | E3: CO Mapped | F3: PO(s) Mapped | G3: PSO(s) Mapped | H3: Notes/Evidence
A4: C1 | B4: Regularity & Punctuality | C4: Continuous | D4: 0.1 | E4: CO1 | F4: PO9, PO11 | G4: PSO3
A5: C2 | B5: Work Discipline & Ethics | C5: Continuous | D5: 0.1 | E5: CO1 | F5: PO8 | G5: PSO3
A6: C3 | B6: Weekly Progress Reports | C6: Continuous | D6: 0.2 | E6: CO2 | F6: PO2 | G6: PSO1
A7: C4 | B7: Task Engagement | C7: Continuous | D7: 0.2 | E7: CO3 | F7: PO5, PO6 | G7: PSO2
A8: C5 | B8: Industry Supervisor Feedback | C8: Continuous | D8: 0.4 | E8: CO4 | F8: PO10 | G8: PSO2
A12: SEE (Semester End Evaluation) Rubric Definitions
A13: Criterion ID | B13: Criterion Name | C13: Phase | D13: Weight (decimal) | E13: CO Mapped | F13: PO(s) Mapped | G13: PSO(s) Mapped | H13: Notes/Evidence
A14: S1 | B14: Final Report | C14: SEE | D14: 0.3 | E14: CO5 | F14: PO1, PO2 | G14: PSO1
A15: S2 | B15: Seminar/Presentation | C15: SEE | D15: 0.3 | E15: CO6 | F15: PO10, PO12 | G15: PSO3
A16: S3 | B16: Viva Voce | C16: SEE | D16: 0.4 | E16: CO6 | F16: PO9 | G16: PSO3

Sheet Attainment Dashboard
A1: Internship — Attainment Dashboard (Continuous + SEE → CO → PO/PSO) | H1: Notes
H2: Weightage: 60% Continuous + 40% SEE
A3: Section A — CO-wise Attainment Summary | H3: Threshold (Level 3): ≥ 2.5
A4: CO | B4: Continuous Avg (0–3) | C4: SEE Avg (0–3) | D4: Weighted Avg (60/40) | E4: Final Level (0–3) | F4: PO(s) | G4: PSO(s) | H4: Threshold (Level 2): 2.0–2.49
A5: ='CO Attainment (Internship)'!A2 | B5: ='CO Attainment (Internship)'!B2 | C5: ='CO Attainment (Internship)'!C2 | D5: ='CO Attainment (Internship)'!D2 | E5: ='CO Attainment (Internship)'!E2 | F5: ='CO Attainment (Internship)'!F2 | G5: ='CO Attainment (Internship)'!G2 | H5: Threshold (Level 1): 1.5–1.99
A6: ='CO Attainment (Internship)'!A3 | B6: ='CO Attainment (Internship)'!B3 | C6: ='CO Attainment (Internship)'!C3 | D6: ='CO Attainment (Internship)'!D3 | E6: ='CO Attainment (Internship)'!E3 | F6: ='CO Attainment (Internship)'!F3 | G6: ='CO Attainment (Internship)'!G3 | H6: Threshold (Level 0): < 1.5
A7: ='CO Attainment (Internship)'!A4 | B7: ='CO Attainment (Internship)'!B4 | C7: ='CO Attainment (Internship)'!C4 | D7: ='CO Attainment (Internship)'!D4 | E7: ='CO Attainment (Internship)'!E4 | F7: ='CO Attainment (Internship)'!F4 | G7: ='CO Attainment (Internship)'!G4
A8: ='CO Attainment (Internship)'!A5 | B8: ='CO Attainment (Internship)'!B5 | C8: ='CO Attainment (Internship)'!C5 | D8: ='CO Attainment (Internship)'!D5 | E8: ='CO Attainment (Internship)'!E5 | F8: ='CO Attainment (Internship)'!F5 | G8: ='CO Attainment (Internship)'!G5
A9: ='CO Attainment (Internship)'!A6 | B9: ='CO Attainment (Internship)'!B6 | C9: ='CO Attainment (Internship)'!C6 | D9: ='CO Attainment (Internship)'!D6 | E9: ='CO Attainment (Internship)'!E6 | F9: ='CO Attainment (Internship)'!F6 | G9: ='CO Attainment (Internship)'!G6
A10: ='CO Attainment (Internship)'!A7 | B10: ='CO Attainment (Internship)'!B7 | C10: ='CO Attainment (Internship)'!C7 | D10: ='CO Attainment (Internship)'!D7 | E10: ='CO Attainment (Internship)'!E7 | F10: ='CO Attainment (Internship)'!F7 | G10: ='CO Attainment (Internship)'!G7
A12: Section B — Aggregated PO/PSO Attainment
A13: Outcome | B13: Aggregated Attainment (Avg Level)
A14: =IF('PO_PSO Aggregation'!A2="","",'PO_PSO Aggregation'!A2) | B14: =IF('PO_PSO Aggregation'!B2="","",'PO_PSO Aggregation'!B2)
A15: =IF('PO_PSO Aggregation'!A3="","",'PO_PSO Aggregation'!A3) | B15: =IF('PO_PSO Aggregation'!B3="","",'PO_PSO Aggregation'!B3)
A16: =IF('PO_PSO Aggregation'!A4="","",'PO_PSO Aggregation'!A4) | B16: =IF('PO_PSO Aggregation'!B4="","",'PO_PSO Aggregation'!B4)
A17: =IF('PO_PSO Aggregation'!A5="","",'PO_PSO Aggregation'!A5) | B17: =IF('PO_PSO Aggregation'!B5="","",'PO_PSO Aggregation'!B5)
A18: =IF('PO_PSO Aggregation'!A6="","",'PO_PSO Aggregation'!A6) | B18: =IF('PO_PSO Aggregation'!B6="","",'PO_PSO Aggregation'!B6)
A19: =IF('PO_PSO Aggregation'!A7="","",'PO_PSO Aggregation'!A7) | B19: =IF('PO_PSO Aggregation'!B7="","",'PO_PSO Aggregation'!B7)
A20: =IF('PO_PSO Aggregation'!A8="","",'PO_PSO Aggregation'!A8) | B20: =IF('PO_PSO Aggregation'!B8="","",'PO_PSO Aggregation'!B8)
A21: =IF('PO_PSO Aggregation'!A9="","",'PO_PSO Aggregation'!A9) | B21: =IF('PO_PSO Aggregation'!B9="","",'PO_PSO Aggregation'!B9)
A22: =IF('PO_PSO Aggregation'!A10="","",'PO_PSO Aggregation'!A10) | B22: =IF('PO_PSO Aggregation'!B10="","",'PO_PSO Aggregation'!B10)
A23: =IF('PO_PSO Aggregation'!A11="","",'PO_PSO Aggregation'!A11) | B23: =IF('PO_PSO Aggregation'!B11="","",'PO_PSO Aggregation'!B11)
A24: =IF('PO_PSO Aggregation'!A12="","",'PO_PSO Aggregation'!A12) | B24: =IF('PO_PSO Aggregation'!B12="","",'PO_PSO Aggregation'!B12)
A25: =IF('PO_PSO Aggregation'!A13="","",'PO_PSO Aggregation'!A13) | B25: =IF('PO_PSO Aggregation'!B13="","",'PO_PSO Aggregation'!B13)
... A53: =IF('PO_PSO Aggregation'!A41="","",'PO_PSO Aggregation'!A41) | B53: =IF('PO_PSO Aggregation'!B41="","",'PO_PSO Aggregation'!B41)

Sheet Internship Weekly Logbook
A1: Internship Weekly Logbook (Signed by Industry Supervisor & Verified by Faculty Mentor)
A2: Note: Weekly Score uses rubric scale 0–3; ensure both supervisor and faculty sign each entry.
A3: Student ID | B3: Student Name | C3: Week # | D3: Dates (From–To) | E3: Tasks Assigned | F3: Tasks Completed | G3: Skills Learned | H3: Challenges Faced | I3: COs Targeted | J3: Weekly Score (0–3) | K3: Supervisor Feedback / Signature | L3: Faculty Mentor Remarks / Signature | M3: Evidence File (Scan/Link)
A4: INT101 | B4: A. Kumar | C4: 1 | D4: 01–07 Jun | E4: Safety induction, tool familiarization | F4: Completed safety training | G4: Workplace safety rules | H4: — | I4: CO1, CO2 | J4: 2 | K4: Punctual; attentive ✔ | L4: Verified ✔ | M4: INT101_Week1_Log.pdf
A5: INT101 | B5: A. Kumar | C5: 2 | D5: 08–14 Jun | E5: Assist in design documentation | F5: Drafted initial drawings | G5: CAD basics | H5: Time constraints | I5: CO3 | J5: 3 | K5: Good learning progress ✔ | L5: Verified ✔ | M5: INT101_Week2_Log.pdf
A6: INT102 | B6: B. Singh | C6: 1 | D6: 01–07 Jun | E6: Orientation, SOP reading | F6: Completed orientation | G6: Process awareness | H6: Late submission | I6: CO1 | J6: 1 | K6: Needs to improve punctuality ✔ | L6: Verified ✔ | M6: INT102_Week1_Log.pdf
