Workbook

Sheet Continuous Assessment
A1: Student ID | B1: Student Name | C1: C1 Regularity & Punctuality (0–3) | D1: C2 Work Discipline & Ethics (0–3) | E1: C3 Weekly Progress Reports (0–3) | F1: C4 Task Engagement (0–3) | G1: C5 Industry Supervisor Feedback (0–3) | H1: Total (Weighted) | I1: Level (0–3) | K1: Weights (Continuous) — edit to sum 1.0 | M1: Criterion Averages (0–3)
A2: INT101 | B2: A. Kumar | C2: 2 | D2: 3 | E2: 2 | F2: 2 | G2: 3 | H2: =IF(COUNTA(C2:G2)=0,"",C2*$K$2+D2*$K$3+E2*$K$4+F2*$K$5+G2*$K$6) | I2: =IF(H2="","",IF(H2>=2.5,3,IF(H2>=2,2,IF(H2>=1.5,1,0)))) | J2: C1 | K2: 0.1 | L2: C1 | M2: =IFERROR(AVERAGE(C2:C200),"")
A3: INT102 | B3: B. Singh | C3: 1 | D3: 2 | E3: 2 | F3: 2 | G3: 2 | H3: =IF(COUNTA(C3:G3)=0,"",C3*$K$2+D3*$K$3+E3*$K$4+F3*$K$5+G3*$K$6) | I3: =IF(H3="","",IF(H3>=2.5,3,IF(H3>=2,2,IF(H3>=1.5,1,0)))) | J3: C2 | K3: 0.1 | L3: C2 | M3: =IFERROR(AVERAGE(D2:D200),"")
A4: INT103 | B4: C. Rao | C4: 3 | D4: 3 | E4: 3 | F4: 3 | G4: 3 | H4: =IF(COUNTA(C4:G4)=0,"",C4*$K$2+D4*$K$3+E4*$K$4+F4*$K$5+G4*$K$6) | I4: =IF(H4="","",IF(H4>=2.5,3,IF(H4>=2,2,IF(H4>=1.5,1,0)))) | J4: C3 | K4: 0.2 | L4: C3 | M4: =IFERROR(AVERAGE(E2:E200),"")
H5: =IF(COUNTA(C5:G5)=0,"",C5*$K$2+D5*$K$3+E5*$K$4+F5*$K$5+G5*$K$6) | I5: =IF(H5="","",IF(H5>=2.5,3,IF(H5>=2,2,IF(H5>=1.5,1,0)))) | J5: C4 | K5: 0.2 | L5: C4 | M5: =IFERROR(AVERAGE(F2:F200),"")
H6: =IF(COUNTA(C6:G6)=0,"",C6*$K$2+D6*$K$3+E6*$K$4+F6*$K$5+G6*$K$6) | I6: =IF(H6="","",IF(H6>=2.5,3,IF(H6>=2,2,IF(H6>=1.5,1,0)))) | J6: C5 | K6: 0.4 | L6: C5 | M6: =IFERROR(AVERAGE(G2:G200),"")
H7: =IF(COUNTA(C7:G7)=0,"",C7*$K$2+D7*$K$3+E7*$K$4+F7*$K$5+G7*$K$6) | I7: =IF(H7="","",IF(H7>=2.5,3,IF(H7>=2,2,IF(H7>=1.5,1,0))))
H8: =IF(COUNTA(C8:G8)=0,"",C8*$K$2+D8*$K$3+E8*$K$4+F8*$K$5+G8*$K$6) | I8: =IF(H8="","",IF(H8>=2.5,3,IF(H8>=2,2,IF(H8>=1.5,1,0))))
H9: =IF(COUNTA(C9:G9)=0,"",C9*$K$2+D9*$K$3+E9*$K$4+F9*$K$5+G9*$K$6) | I9: =IF(H9="","",IF(H9>=2.5,3,IF(H9>=2,2,IF(H9>=1.5,1,0))))
H10: =IF(COUNTA(C10:G10)=0,"",C10*$K$2+D10*$K$3+E10*$K$4+F10*$K$5+G10*$K$6) | I10: =IF(H10="","",IF(H10>=2.5,3,IF(H10>=2,2,IF(H10>=1.5,1,0))))
H11: =IF(COUNTA(C11:G11)=0,"",C11*$K$2+D11*$K$3+E11*$K$4+F11*$K$5+G11*$K$6) | I11: =IF(H11="","",IF(H11>=2.5,3,IF(H11>=2,2,IF(H11>=1.5,1,0))))
H12: =IF(COUNTA(C12:G12)=0,"",C12*$K$2+D12*$K$3+E12*$K$4+F12*$K$5+G12*$K$6) | I12: =IF(H12="","",IF(H12>=2.5,3,IF(H12>=2,2,IF(H12>=1.5,1,0))))
H13: =IF(COUNTA(C13:G13)=0,"",C13*$K$2+D13*$K$3+E13*$K$4+F13*$K$5+G13*$K$6) | I13: =IF(H13="","",IF(H13>=2.5,3,IF(H13>=2,2,IF(H13>=1.5,1,0))))
H14: =IF(COUNTA(C14:G14)=0,"",C14*$K$2+D14*$K$3+E14*$K$4+F14*$K$5+G14*$K$6) | I14: =IF(H14="","",IF(H14>=2.5,3,IF(H14>=2,2,IF(H14>=1.5,1,0))))
H15: =IF(COUNTA(C15:G15)=0,"",C15*$K$2+D15*$K$3+E15*$K$4+F15*$K$5+G15*$K$6) | I15: =IF(H15="","",IF(H15>=2.5,3,IF(H15>=2,2,IF(H15>=1.5,1,0))))
H16: =IF(COUNTA(C16:G16)=0,"",C16*$K$2+D16*$K$3+E16*$K$4+F16*$K$5+G16*$K$6) | I16: =IF(H16="","",IF(H16>=2.5,3,IF(H16>=2,2,IF(H16>=1.5,1,0))))
H17: =IF(COUNTA(C17:G17)=0,"",C17*$K$2+D17*$K$3+E17*$K$4+F17*$K$5+G17*$K$6) | I17: =IF(H17="","",IF(H17>=2.5,3,IF(H17>=2,2,IF(H17>=1.5,1,0))))
H18: =IF(COUNTA(C18:G18)=0,"",C18*$K$2+D18*$K$3+E18*$K$4+F18*$K$5+G18*$K$6) | I18: =IF(H18="","",IF(H18>=2.5,3,IF(H18>=2,2,IF(H18>=1.5,1,0))))
... H201: =IF(COUNTA(C201:G201)=0,"",C201*$K$2+D201*$K$3+E201*$K$4+F201*$K$5+G201*$K$6) | I201: =IF(H201="","",IF(H201>=2.5,3,IF(H201>=2,2,IF(H201>=1.5,1,0))))

Sheet SEE Evaluation
A1: Student ID | B1: Student Name | C1: S1 Final Report (0–3) | D1: S2 Seminar/Presentation (0–3) | E1: S3 Viva Voce (0–3) | F1: Total (Weighted) | G1: Level (0–3) | I1: Weights (SEE) — edit to sum 1.0 | K1: Criterion Averages (0–3)
A2: INT101 | B2: A. Kumar | C2: 3 | D2: 3 | E2: 3 | F2: =IF(COUNTA(C2:E2)=0,"",C2*$I$2+D2*$I$3+E2*$I$4) | G2: =IF(F2="","",IF(F2>=2.5,3,IF(F2>=2,2,IF(F2>=1.5,1,0)))) | H2: S1 | I2: 0.3 | J2: S1 | K2: =IFERROR(AVERAGE(C2:C200),"")
A3: INT102 | B3: B. Singh | C3: 2 | D3: 2 | E3: 1 | F3: =IF(COUNTA(C3:E3)=0,"",C3*$I$2+D3*$I$3+E3*$I$4) | G3: =IF(F3="","",IF(F3>=2.5,3,IF(F3>=2,2,IF(F3>=1.5,1,0)))) | H3: S2 | I3: 0.3 | J3: S2 | K3: =IFERROR(AVERAGE(D2:D200),"")
A4: INT103 | B4: C. Rao | C4: 3 | D4: 3 | E4: 3 | F4: =IF(COUNTA(C4:E4)=0,"",C4*$I$2+D4*$I$3+E4*$I$4) | G4: =IF(F4="","",IF(F4>=2.5,3,IF(F4>=2,2,IF(F4>=1.5,1,0)))) | H4: S3 | I4: 0.4 | J4: S3 | K4: =IFERROR(AVERAGE(E2:E200),"")
F5: =IF(COUNTA(C5:E5)=0,"",C5*$I$2+D5*$I$3+E5*$I$4) | G5: =IF(F5="","",IF(F5>=2.5,3,IF(F5>=2,2,IF(F5>=1.5,1,0))))
F6: =IF(COUNTA(C6:E6)=0,"",C6*$I$2+D6*$I$3+E6*$I$4) | G6: =IF(F6="","",IF(F6>=2.5,3,IF(F6>=2,2,IF(F6>=1.5,1,0))))
F7: =IF(COUNTA(C7:E7)=0,"",C7*$I$2+D7*$I$3+E7*$I$4) | G7: =IF(F7="","",IF(F7>=2.5,3,IF(F7>=2,2,IF(F7>=1.5,1,0))))
F8: =IF(COUNTA(C8:E8)=0,"",C8*$I$2+D8*$I$3+E8*$I$4) | G8: =IF(F8="","",IF(F8>=2.5,3,IF(F8>=2,2,IF(F8>=1.5,1,0))))
F9: =IF(COUNTA(C9:E9)=0,"",C9*$I$2+D9*$I$3+E9*$I$4) | G9: =IF(F9="","",IF(F9>=2.5,3,IF(F9>=2,2,IF(F9>=1.5,1,0))))
F10: =IF(COUNTA(C10:E10)=0,"",C10*$I$2+D10*$I$3+E10*$I$4) | G10: =IF(F10="","",IF(F10>=2.5,3,IF(F10>=2,2,IF(F10>=1.5,1,0))))
F11: =IF(COUNTA(C11:E11)=0,"",C11*$I$2+D11*$I$3+E11*$I$4) | G11: =IF(F11="","",IF(F11>=2.5,3,IF(F11>=2,2,IF(F11>=1.5,1,0))))
F12: =IF(COUNTA(C12:E12)=0,"",C12*$I$2+D12*$I$3+E12*$I$4) | G12: =IF(F12="","",IF(F12>=2.5,3,IF(F12>=2,2,IF(F12>=1.5,1,0))))
F13: =IF(COUNTA(C13:E13)=0,"",C13*$I$2+D13*$I$3+E13*$I$4) | G13: =IF(F13="","",IF(F13>=2.5,3,IF(F13>=2,2,IF(F13>=1.5,1,0))))
F14: =IF(COUNTA(C14:E14)=0,"",C14*$I$2+D14*$I$3+E14*$I$4) | G14: =IF(F14="","",IF(F14>=2.5,3,IF(F14>=2,2,IF(F14>=1.5,1,0))))
F15: =IF(COUNTA(C15:E15)=0,"",C15*$I$2+D15*$I$3+E15*$I$4) | G15: =IF(F15="","",IF(F15>=2.5,3,IF(F15>=2,2,IF(F15>=1.5,1,0))))
F16: =IF(COUNTA(C16:E16)=0,"",C16*$I$2+D16*$I$3+E16*$I$4) | G16: =IF(F16="","",IF(F16>=2.5,3,IF(F16>=2,2,IF(F16>=1.5,1,0))))
... F201: =IF(COUNTA(C201:E201)=0,"",C201*$I$2+D201*$I$3+E201*$I$4) | G201: =IF(F201="","",IF(F201>=2.5,3,IF(F201>=2,2,IF(F201>=1.5,1,0))))

Sheet Rubric Definition
A1: Criterion ID | B1: Criterion Name | C1: Phase (Continuous/SEE) | D1: Weight (decimal) | E1: CO Mapped | F1: PO(s) Mapped | G1: PSO(s) Mapped | H1: Notes/Evidence
A2: C1 | B2: Regularity & Punctuality | C2: Continuous | D2: 0.1 | E2: CO1 | F2: PO9, PO11 | G2: PSO3
A3: C2 | B3: Work Discipline & Ethics | C3: Continuous | D3: 0.1 | E3: CO1 | F3: PO8 | G3: PSO3
A4: C3 | B4: Weekly Progress Reports | C4: Continuous | D4: 0.2 | E4: CO2 | F4: PO2 | G4: PSO1
A5: C4 | B5: Task Engagement | C5: Continuous | D5: 0.2 | E5: CO3 | F5: PO5, PO6 | G5: PSO2
A6: C5 | B6: Industry Supervisor Feedback | C6: Continuous | D6: 0.4 | E6: CO4 | F6: PO10 | G6: PSO2
A7: S1 | B7: Final Report | C7: SEE | D7: 0.3 | E7: CO5 | F7: PO1, PO2 | G7: PSO1
A8: S2 | B8: Seminar/Presentation | C8: SEE | D8: 0.3 | E8: CO6 | F8: PO10, PO12 | G8: PSO3
A9: S3 | B9: Viva Voce | C9: SEE | D9: 0.4 | E9: CO6 | F9: PO9 | G9: PSO3

Sheet Criterion Averages
A1: Criterion ID | B1: Phase | C1: Average Score (0–3)
A2: C1 | B2: Continuous | C2: ='Continuous Assessment'!M2
A3: C2 | B3: Continuous | C3: ='Continuous Assessment'!M3
A4: C3 | B4: Continuous | C4: ='Continuous Assessment'!M4
A5: C4 | B5: Continuous | C5: ='Continuous Assessment'!M5
A6: C5 | B6: Continuous | C6: ='Continuous Assessment'!M6
A7: S1 | B7: SEE | C7: ='SEE Evaluation'!K2
A8: S2 | B8: SEE | C8: ='SEE Evaluation'!K3
A9: S3 | B9: SEE | C9: ='SEE Evaluation'!K4

Sheet CO Attainment (Internship)
A1: CO | B1: Continuous Avg (0–3) | C1: SEE Avg (0–3) | D1: Weighted Avg (60%/40%) | E1: Final Level (0–3) | F1: PO(s) | G1: PSO(s)
A2: CO1 | B2: =IFERROR(SUMPRODUCT(FILTER('Rubric Definition'!D:D,('Rubric Definition'!E:E=A2)*('Rubric Definition'!C:C="Continuous")),XLOOKUP(FILTER('Rubric Definition'!A:A,('Rubric Definition'!E:E=A2)*('Rubric Definition'!C:C="Continuous")),'Criterion Averages'!A:A,'Criterion Averages'!C:C)) / SUM(FILTER('Rubric Definition'!D:D,('Rubric Definition'!E:E=A2)*('Rubric Definition'!C:C="Continuous"))),"") | C2: =IFERROR(SUMPRODUCT(FILTER('Rubric Definition'!D:D,('Rubric Definition'!E:E=A2)*('Rubric Definition'!C:C="SEE")),XLOOKUP(FILTER('Rubric Definition'!A:A,('Rubric Definition'!E:E=A2)*('Rubric Definition'!C:C="SEE")),'Criterion Averages'!A:A,'Criterion Averages'!C:C)) / SUM(FILTER('Rubric Definition'!D:D,('Rubric Definition'!E:E=A2)*('Rubric Definition'!C:C="SEE"))),"") | D2: =IF(AND(B2<>"",C2<>""),0.6*B2+0.4*C2,IF(B2<>"",B2,C2)) | E2: =IF(D2="","",IF(D2>=2.5,3,IF(D2>=2,2,IF(D2>=1.5,1,0)))) | F2: =IFERROR(TEXTJOIN(", ",TRUE,UNIQUE(FILTER('Rubric Definition'!F:F,'Rubric Definition'!E:E=A2))),"") | G2: =IFERROR(TEXTJOIN(", ",TRUE,UNIQUE(FILTER('Rubric Definition'!G:G,'Rubric Definition'!E:E=A2))),"")
A3: CO2 | B3: =IFERROR(SUMPRODUCT(FILTER('Rubric Definition'!D:D,('Rubric Definition'!E:E=A3)*('Rubric Definition'!C:C="Continuous")),XLOOKUP(FILTER('Rubric Definition'!A:A,('Rubric Definition'!E:E=A3)*('Rubric Definition'!C:C="Continuous")),'Criterion Averages'!A:A,'Criterion Averages'!C:C)) / SUM(FILTER('Rubric Definition'!D:D,('Rubric Definition'!E:E=A3)*('Rubric Definition'!C:C="Continuous"))),"") | C3: =IFERROR(SUMPRODUCT(FILTER('Rubric Definition'!D:D,('Rubric Definition'!E:E=A3)*('Rubric Definition'!C:C="SEE")),XLOOKUP(FILTER('Rubric Definition'!A:A,('Rubric Definition'!E:E=A3)*('Rubric Definition'!C:C="SEE")),'Criterion Averages'!A:A,'Criterion Averages'!C:C)) / SUM(FILTER('Rubric Definition'!D:D,('Rubric Definition'!E:E=A3)*('Rubric Definition'!C:C="SEE"))),"") | D3: =IF(AND(B3<>"",C3<>""),0.6*B3+0.4*C3,IF(B3<>"",B3,C3)) | E3: =IF(D3="","",IF(D3>=2.5,3,IF(D3>=2,2,IF(D3>=1.5,1,0)))) | F3: =IFERROR(TEXTJOIN(", ",TRUE,UNIQUE(FILTER('Rubric Definition'!F:F,'Rubric Definition'!E:E=A3))),"") | G3: =IFERROR(TEXTJOIN(", ",TRUE,UNIQUE(FILTER('Rubric Definition'!G:G,'Rubric Definition'!E:E=A3))),"")
A4: CO3 | B4: =IFERROR(SUMPRODUCT(FILTER('Rubric Definition'!D:D,('Rubric Definition'!E:E=A4)*('Rubric Definition'!C:C="Continuous")),XLOOKUP(FILTER('Rubric Definition'!A:A,('Rubric Definition'!E:E=A4)*('Rubric Definition'!C:C="Continuous")),'Criterion Averages'!A:A,'Criterion Averages'!C:C)) / SUM(FILTER('Rubric Definition'!D:D,('Rubric Definition'!E:E=A4)*('Rubric Definition'!C:C="Continuous"))),"") | C4: =IFERROR(SUMPRODUCT(FILTER('Rubric Definition'!D:D,('Rubric Definition'!E:E=A4)*('Rubric Definition'!C:C="SEE")),XLOOKUP(FILTER('Rubric Definition'!A:A,('Rubric Definition'!E:E=A4)*('Rubric Definition'!C:C="SEE")),'Criterion Averages'!A:A,'Criterion Averages'!C:C)) / SUM(FILTER('Rubric Definition'!D:D,('Rubric Definition'!E:E=A4)*('Rubric Definition'!C:C="SEE"))),"") | D4: =IF(AND(B4<>"",C4<>""),0.6*B4+0.4*C4,IF(B4<>"",B4,C4)) | E4: =IF(D4="","",IF(D4>=2.5,3,IF(D4>=2,2,IF(D4>=1.5,1,0)))) | F4: =IFERROR(TEXTJOIN(", ",TRUE,UNIQUE(FILTER('Rubric Definition'!F:F,'Rubric Definition'!E:E=A4))),"") | G4: =IFERROR(TEXTJOIN(", ",TRUE,UNIQUE(FILTER('Rubric Definition'!G:G,'Rubric Definition'!E:E=A4))),"")
A5: CO4 | B5: =IFERROR(SUMPRODUCT(FILTER('Rubric Definition'!D:D,('Rubric Definition'!E:E=A5)*('Rubric Definition'!C:C="Continuous")),XLOOKUP(FILTER('Rubric Definition'!A:A,('Rubric Definition'!E:E=A5)*('Rubric Definition'!C:C="Continuous")),'Criterion Averages'!A:A,'Criterion Averages'!C:C)) / SUM(FILTER('Rubric Definition'!D:D,('Rubric Definition'!E:E=A5)*('Rubric Definition'!C:C="Continuous"))),"") | C5: =IFERROR(SUMPRODUCT(FILTER('Rubric Definition'!D:D,('Rubric Definition'!E:E=A5)*('Rubric Definition'!C:C="SEE")),XLOOKUP(FILTER('Rubric Definition'!A:A,('Rubric Definition'!E:E=A5)*('Rubric Definition'!C:C="SEE")),'Criterion Averages'!A:A,'Criterion Averages'!C:C)) / SUM(FILTER('Rubric Definition'!D:D,('Rubric Definition'!E:E=A5)*('Rubric Definition'!C:C="SEE"))),"") | D5: =IF(AND(B5<>"",C5<>""),0.6*B5+0.4*C5,IF(B5<>"",B5,C5)) | E5: =IF(D5="","",IF(D5>=2.5,3,IF(D5>=2,2,IF(D5>=1.5,1,0)))) | F5: =IFERROR(TEXTJOIN(", ",TRUE,UNIQUE(FILTER('Rubric Definition'!F:F,'Rubric Definition'!E:E=A5))),"") | G5: =IFERROR(TEXTJOIN(", ",TRUE,UNIQUE(FILTER('Rubric Definition'!G:G,'Rubric Definition'!E:E=A5))),"")
A6: CO5 | B6: =IFERROR(SUMPRODUCT(FILTER('Rubric Definition'!D:D,('Rubric Definition'!E:E=A6)*('Rubric Definition'!C:C="Continuous")),XLOOKUP(FILTER('Rubric Definition'!A:A,('Rubric Definition'!E:E=A6)*('Rubric Definition'!C:C="Continuous")),'Criterion Averages'!A:A,'Criterion Averages'!C:C)) / SUM(FILTER('Rubric Definition'!D:D,('Rubric Definition'!E:E=A6)*('Rubric Definition'!C:C="Continuous"))),"") | C6: =IFERROR(SUMPRODUCT(FILTER('Rubric Definition'!D:D,('Rubric Definition'!E:E=A6)*('Rubric Definition'!C:C="SEE")),XLOOKUP(FILTER('Rubric Definition'!A:A,('Rubric Definition'!E:E=A6)*('Rubric Definition'!C:C="SEE")),'Criterion Averages'!A:A,'Criterion Averages'!C:C)) / SUM(FILTER('Rubric Definition'!D:D,('Rubric Definition'!E:E=A6)*('Rubric Definition'!C:C="SEE"))),"") | D6: =IF(AND(B6<>"",C6<>""),0.6*B6+0.4*C6,IF(B6<>"",B6,C6)) | E6: =IF(D6="","",IF(D6>=2.5,3,IF(D6>=2,2,IF(D6>=1.5,1,0)))) | F6: =IFERROR(TEXTJOIN(", ",TRUE,UNIQUE(FILTER('Rubric Definition'!F:F,'Rubric Definition'!E:E=A6))),"") | G6: =IFERROR(TEXTJOIN(", ",TRUE,UNIQUE(FILTER('Rubric Definition'!G:G,'Rubric Definition'!E:E=A6))),"")
A7: CO6 | B7: =IFERROR(SUMPRODUCT(FILTER('Rubric Definition'!D:D,('Rubric Definition'!E:E=A7)*('Rubric Definition'!C:C="Continuous")),XLOOKUP(FILTER('Rubric Definition'!A:A,('Rubric Definition'!E:E=A7)*('Rubric Definition'!C:C="Continuous")),'Criterion Averages'!A:A,'Criterion Averages'!C:C)) / SUM(FILTER('Rubric Definition'!D:D,('Rubric Definition'!E:E=A7)*('Rubric Definition'!C:C="Continuous"))),"") | C7: =IFERROR(SUMPRODUCT(FILTER('Rubric Definition'!D:D,('Rubric Definition'!E:E=A7)*('Rubric Definition'!C:C="SEE")),XLOOKUP(FILTER('Rubric Definition'!A:A,('Rubric Definition'!E:E=A7)*('Rubric Definition'!C:C="SEE")),'Criterion Averages'!A:A,'Criterion Averages'!C:C)) / SUM(FILTER('Rubric Definition'!D:D,('Rubric Definition'!E:E=A7)*('Rubric Definition'!C:C="SEE"))),"") | D7: =IF(AND(B7<>"",C7<>""),0.6*B7+0.4*C7,IF(B7<>"",B7,C7)) | E7: =IF(D7="","",IF(D7>=2.5,3,IF(D7>=2,2,IF(D7>=1.5,1,0)))) | F7: =IFERROR(TEXTJOIN(", ",TRUE,UNIQUE(FILTER('Rubric Definition'!F:F,'Rubric Definition'!E:E=A7))),"") | G7: =IFERROR(TEXTJOIN(", ",TRUE,UNIQUE(FILTER('Rubric Definition'!G:G,'Rubric Definition'!E:E=A7))),"")

Sheet CO–PO_PSO Matrix
A1: CO–PO/PSO Mapping Matrix (derived from Rubric Definition)
A3: CO | B3: PO1 | C3: PO2 | D3: PO5 | E3: PO6 | F3: PO8 | G3: PO9 | H3: PO10 | I3: PO11 | J3: PO12 | K3: PSO1 | L3: PSO2 | M3: PSO3
A4: CO1 | B4: =IF(COUNTIF(FILTER('Rubric Definition'!F:F,'Rubric Definition'!E:E=A4),"*PO1*")>0,1,0) | C4: =IF(COUNTIF(FILTER('Rubric Definition'!F:F,'Rubric Definition'!E:E=A4),"*PO2*")>0,1,0) | D4: =IF(COUNTIF(FILTER('Rubric Definition'!F:F,'Rubric Definition'!E:E=A4),"*PO5*")>0,1,0) | E4: =IF(COUNTIF(FILTER('Rubric Definition'!F:F,'Rubric Definition'!E:E=A4),"*PO6*")>0,1,0) | F4: =IF(COUNTIF(FILTER('Rubric Definition'!F:F,'Rubric Definition'!E:E=A4),"*PO8*")>0,1,0) | G4: =IF(COUNTIF(FILTER('Rubric Definition'!F:F,'Rubric Definition'!E:E=A4),"*PO9*")>0,1,0) | H4: =IF(COUNTIF(FILTER('Rubric Definition'!F:F,'Rubric Definition'!E:E=A4),"*PO10*")>0,1,0) | I4: =IF(COUNTIF(FILTER('Rubric Definition'!F:F,'Rubric Definition'!E:E=A4),"*PO11*")>0,1,0) | J4: =IF(COUNTIF(FILTER('Rubric Definition'!F:F,'Rubric Definition'!E:E=A4),"*PO12*")>0,1,0) | K4: =IF(COUNTIF(FILTER('Rubric Definition'!G:G,'Rubric Definition'!E:E=A4),"*PSO1*")>0,1,0) | L4: =IF(COUNTIF(FILTER('Rubric Definition'!G:G,'Rubric Definition'!E:E=A4),"*PSO2*")>0,1,0) | M4: =IF(COUNTIF(FILTER('Rubric Definition'!G:G,'Rubric Definition'!E:E=A4),"*PSO3*")>0,1,0)
A5: CO2 | B5: =IF(COUNTIF(FILTER('Rubric Definition'!F:F,'Rubric Definition'!E:E=A5),"*PO1*")>0,1,0) | C5: =IF(COUNTIF(FILTER('Rubric Definition'!F:F,'Rubric Definition'!E:E=A5),"*PO2*")>0,1,0) | D5: =IF(COUNTIF(FILTER('Rubric Definition'!F:F,'Rubric Definition'!E:E=A5),"*PO5*")>0,1,0) | E5: =IF(COUNTIF(FILTER('Rubric Definition'!F:F,'Rubric Definition'!E:E=A5),"*PO6*")>0,1,0) | F5: =IF(COUNTIF(FILTER('Rubric Definition'!F:F,'Rubric Definition'!E:E=A5),"*PO8*")>0,1,0) | G5: =IF(COUNTIF(FILTER('Rubric Definition'!F:F,'Rubric Definition'!E:E=A5),"*PO9*")>0,1,0) | H5: =IF(COUNTIF(FILTER('Rubric Definition'!F:F,'Rubric Definition'!E:E=A5),"*PO10*")>0,1,0) | I5: =IF(COUNTIF(FILTER('Rubric Definition'!F:F,'Rubric Definition'!E:E=A5),"*PO11*")>0,1,0) | J5: =IF(COUNTIF(FILTER('Rubric Definition'!F:F,'Rubric Definition'!E:E=A5),"*PO12*")>0,1,0) | K5: =IF(COUNTIF(FILTER('Rubric Definition'!G:G,'Rubric Definition'!E:E=A5),"*PSO1*")>0,1,0) | L5: =IF(COUNTIF(FILTER('Rubric Definition'!G:G,'Rubric Definition'!E:E=A5),"*PSO2*")>0,1,0) | M5: =IF(COUNTIF(FILTER('Rubric Definition'!G:G,'Rubric Definition'!E:E=A5),"*PSO3*")>0,1,0)
A6: CO3 | B6: =IF(COUNTIF(FILTER('Rubric Definition'!F:F,'Rubric Definition'!E:E=A6),"*PO1*")>0,1,0) | C6: =IF(COUNTIF(FILTER('Rubric Definition'!F:F,'Rubric Definition'!E:E=A6),"*PO2*")>0,1,0) | D6: =IF(COUNTIF(FILTER('Rubric Definition'!F:F,'Rubric Definition'!E:E=A6),"*PO5*")>0,1,0) | E6: =IF(COUNTIF(FILTER('Rubric Definition'!F:F,'Rubric Definition'!E:E=A6),"*PO6*")>0,1,0) | F6: =IF(COUNTIF(FILTER('Rubric Definition'!F:F,'Rubric Definition'!E:E=A6),"*PO8*")>0,1,0) | G6: =IF(COUNTIF(FILTER('Rubric Definition'!F:F,'Rubric Definition'!E:E=A6),"*PO9*")>0,1,0) | H6: =IF(COUNTIF(FILTER('Rubric Definition'!F:F,'Rubric Definition'!E:E=A6),"*PO10*")>0,1,0) | I6: =IF(COUNTIF(FILTER('Rubric Definition'!F:F,'Rubric Definition'!E:E=A6),"*PO11*")>0,1,0) | J6: =IF(COUNTIF(FILTER('Rubric Definition'!F:F,'Rubric Definition'!E:E=A6),"*PO12*")>0,1,0) | K6: =IF(COUNTIF(FILTER('Rubric Definition'!G:G,'Rubric Definition'!E:E=A6),"*PSO1*")>0,1,0) | L6: =IF(COUNTIF(FILTER('Rubric Definition'!G:G,'Rubric Definition'!E:E=A6),"*PSO2*")>0,1,0) | M6: =IF(COUNTIF(FILTER('Rubric Definition'!G:G,'Rubric Definition'!E:E=A6),"*PSO3*")>0,1,0)
A7: CO4 | B7: =IF(COUNTIF(FILTER('Rubric Definition'!F:F,'Rubric Definition'!E:E=A7),"*PO1*")>0,1,0) | C7: =IF(COUNTIF(FILTER('Rubric Definition'!F:F,'Rubric Definition'!E:E=A7),"*PO2*")>0,1,0) | D7: =IF(COUNTIF(FILTER('Rubric Definition'!F:F,'Rubric Definition'!E:E=A7),"*PO5*")>0,1,0) | E7: =IF(COUNTIF(FILTER('Rubric Definition'!F:F,'Rubric Definition'!E:E=A7),"*PO6*")>0,1,0) | F7: =IF(COUNTIF(FILTER('Rubric Definition'!F:F,'Rubric Definition'!E:E=A7),"*PO8*")>0,1,0) | G7: =IF(COUNTIF(FILTER('Rubric Definition'!F:F,'Rubric Definition'!E:E=A7),"*PO9*")>0,1,0) | H7: =IF(COUNTIF(FILTER('Rubric Definition'!F:F,'Rubric Definition'!E:E=A7),"*PO10*")>0,1,0) | I7: =IF(COUNTIF(FILTER('Rubric Definition'!F:F,'Rubric Definition'!E:E=A7),"*PO11*")>0,1,0) | J7: =IF(COUNTIF(FILTER('Rubric Definition'!F:F,'Rubric Definition'!E:E=A7),"*PO12*")>0,1,0) | K7: =IF(COUNTIF(FILTER('Rubric Definition'!G:G,'Rubric Definition'!E:E=A7),"*PSO1*")>0,1,0) | L7: =IF(COUNTIF(FILTER('Rubric Definition'!G:G,'Rubric Definition'!E:E=A7),"*PSO2*")>0,1,0) | M7: =IF(COUNTIF(FILTER('Rubric Definition'!G:G,'Rubric Definition'!E:E=A7),"*PSO3*")>0,1,0)
A8: CO5 | B8: =IF(COUNTIF(FILTER('Rubric Definition'!F:F,'Rubric Definition'!E:E=A8),"*PO1*")>0,1,0) | C8: =IF(COUNTIF(FILTER('Rubric Definition'!F:F,'Rubric Definition'!E:E=A8),"*PO2*")>0,1,0) | D8: =IF(COUNTIF(FILTER('Rubric Definition'!F:F,'Rubric Definition'!E:E=A8),"*PO5*")>0,1,0) | E8: =IF(COUNTIF(FILTER('Rubric Definition'!F:F,'Rubric Definition'!E:E=A8),"*PO6*")>0,1,0) | F8: =IF(COUNTIF(FILTER('Rubric Definition'!F:F,'Rubric Definition'!E:E=A8),"*PO8*")>0,1,0) | G8: =IF(COUNTIF(FILTER('Rubric Definition'!F:F,'Rubric Definition'!E:E=A8),"*PO9*")>0,1,0) | H8: =IF(COUNTIF(FILTER('Rubric Definition'!F:F,'Rubric Definition'!E:E=A8),"*PO10*")>0,1,0) | I8: =IF(COUNTIF(FILTER('Rubric Definition'!F:F,'Rubric Definition'!E:E=A8),"*PO11*")>0,1,0) | J8: =IF(COUNTIF(FILTER('Rubric Definition'!F:F,'Rubric Definition'!E:E=A8),"*PO12*")>0,1,0) | K8: =IF(COUNTIF(FILTER('Rubric Definition'!G:G,'Rubric Definition'!E:E=A8),"*PSO1*")>0,1,0) | L8: =IF(COUNTIF(FILTER('Rubric Definition'!G:G,'Rubric Definition'!E:E=A8),"*PSO2*")>0,1,0) | M8: =IF(COUNTIF(FILTER('Rubric Definition'!G:G,'Rubric Definition'!E:E=A8),"*PSO3*")>0,1,0)
A9: CO6 | B9: =IF(COUNTIF(FILTER('Rubric Definition'!F:F,'Rubric Definition'!E:E=A9),"*PO1*")>0,1,0) | C9: =IF(COUNTIF(FILTER('Rubric Definition'!F:F,'Rubric Definition'!E:E=A9),"*PO2*")>0,1,0) | D9: =IF(COUNTIF(FILTER('Rubric Definition'!F:F,'Rubric Definition'!E:E=A9),"*PO5*")>0,1,0) | E9: =IF(COUNTIF(FILTER('Rubric Definition'!F:F,'Rubric Definition'!E:E=A9),"*PO6*")>0,1,0) | F9: =IF(COUNTIF(FILTER('Rubric Definition'!F:F,'Rubric Definition'!E:E=A9),"*PO8*")>0,1,0) | G9: =IF(COUNTIF(FILTER('Rubric Definition'!F:F,'Rubric Definition'!E:E=A9),"*PO9*")>0,1,0) | H9: =IF(COUNTIF(FILTER('Rubric Definition'!F:F,'Rubric Definition'!E:E=A9),"*PO10*")>0,1,0) | I9: =IF(COUNTIF(FILTER('Rubric Definition'!F:F,'Rubric Definition'!E:E=A9),"*PO11*")>0,1,0) | J9: =IF(COUNTIF(FILTER('Rubric Definition'!F:F,'Rubric Definition'!E:E=A9),"*PO12*")>0,1,0) | K9: =IF(COUNTIF(FILTER('Rubric Definition'!G:G,'Rubric Definition'!E:E=A9),"*PSO1*")>0,1,0) | L9: =IF(COUNTIF(FILTER('Rubric Definition'!G:G,'Rubric Definition'!E:E=A9),"*PSO2*")>0,1,0) | M9: =IF(COUNTIF(FILTER('Rubric Definition'!G:G,'Rubric Definition'!E:E=A9),"*PSO3*")>0,1,0)

Sheet PO_PSO Aggregation
A1: Outcome | B1: Aggregated Attainment (Avg of mapped CO Levels)
A2: PO1 | B2: =IFERROR(AVERAGEIF('CO–PO_PSO Matrix'!B4:B20,1,'CO Attainment (Internship)'!E2:E20),"")
A3: PO2 | B3: =IFERROR(AVERAGEIF('CO–PO_PSO Matrix'!C4:C20,1,'CO Attainment (Internship)'!E2:E20),"")
A4: PO5 | B4: =IFERROR(AVERAGEIF('CO–PO_PSO Matrix'!D4:D20,1,'CO Attainment (Internship)'!E2:E20),"")
A5: PO6 | B5: =IFERROR(AVERAGEIF('CO–PO_PSO Matrix'!E4:E20,1,'CO Attainment (Internship)'!E2:E20),"")
A6: PO8 | B6: =IFERROR(AVERAGEIF('CO–PO_PSO Matrix'!F4:F20,1,'CO Attainment (Internship)'!E2:E20),"")
A7: PO9 | B7: =IFERROR(AVERAGEIF('CO–PO_PSO Matrix'!G4:G20,1,'CO Attainment (Internship)'!E2:E20),"")
A8: PO10 | B8: =IFERROR(AVERAGEIF('CO–PO_PSO Matrix'!H4:H20,1,'CO Attainment (Internship)'!E2:E20),"")
A9: PO11 | B9: =IFERROR(AVERAGEIF('CO–PO_PSO Matrix'!I4:I20,1,'CO Attainment (Internship)'!E2:E20),"")
A10: PO12 | B10: =IFERROR(AVERAGEIF('CO–PO_PSO Matrix'!J4:J20,1,'CO Attainment (Internship)'!E2:E20),"")
A11: PSO1 | B11: =IFERROR(AVERAGEIF('CO–PO_PSO Matrix'!K4:K20,1,'CO Attainment (Internship)'!E2:E20),"")
A12: PSO2 | B12: =IFERROR(AVERAGEIF('CO–PO_PSO Matrix'!L4:L20,1,'CO Attainment (Internship)'!E2:E20),"")
A13: PSO3 | B13: =IFERROR(AVERAGEIF('CO–PO_PSO Matrix'!M4:M20,1,'CO Attainment (Internship)'!E2:E20),"")

Sheet Evidence Logs
A1: Category | B1: Document Type | C1: File/Link | D1: Notes
A2: Continuous | B2: Weekly Logs / Diaries
A3: Continuous | B3: Industry Supervisor Evaluation
A4: SEE | B4: Final Report (PDF)
A5: SEE | B5: Seminar Slides
A6: SEE | B6: Viva Record / Panel Sheet

Sheet Audit Checklist
A1: NBA Audit Checklist — Internship Evaluation (10 Marks)
A3: Audit Point | B3: Evidence Expected | C3: Status (✔/✖)
A4: Rubrics Documented | B4: Rubric Definition with CO–PO/PSO mapping
A5: Continuous Assessment | B5: Logs, supervisor feedback, rubric scores
A6: SEE Evaluation | B6: Report, seminar, viva with rubrics
A7: CO Attainment | B7: CO Attainment (Internship) sheet computed
A8: PO/PSO Aggregation | B8: PO_PSO Aggregation derived from COs
A9: Evidence Links | B9: All artifacts linked in Evidence Logs
