Workbook

Sheet Rubric Definition
A2: Continuous Assessment Rubric Definitions
A3: Criterion ID | B3: Criterion Name | C3: Phase | D3: Weight (decimal) | E3: CO Mapped | F3: PO(s) Mapped | G3: PSO(s) Mapped | H3: Notes/Evidence
A4: C1 | B4: Regularity & Punctuality | C4: Continuous | D4: 0.1 | E4: CO1 | F4: PO9, PO11 | G4: PSO3
A5: C2 | B5: Work Discipline & Ethics | C5: Continuous | D5: 0.1 | E5: CO1 | F5: PO8 | G5: PSO3
A6: C3 | B6: Weekly Progress Reports | C6: Continuous | D6: 0.2 | E6: CO2 | F6: PO2 | G6: PSO1
A7: C4 | B7: Task Engagement | C7: Continuous | D7: 0.2 | E7: CO3 | F7: PO5, PO6 | G7: PSO2
A8: C5 | B8: Industry Supervisor Feedback | C8: Continuous | D8: 0.4 | E8: CO4 | F8: PO10 | G8: PSO2
A12: SEE (Semester End Evaluation) Rubric Definitions
A13: Criterion ID | B13: Criterion Name | C13: Phase | D13: Weight (decimal) | E13: CO Mapped | F13: PO(s) Mapped | G13: PSO(s) Mapped | H13: Notes/Evidence
A14: S1 | B14: Final Report | C14: SEE | D14: 0.3 | E14: CO5 | F14: PO1, PO2 | G14: PSO1
A15: S2 | B15: Seminar/Presentation | C15: SEE | D15: 0.3 | E15: CO6 | F15: PO10, PO12 | G15: PSO3
A16: S3 | B16: Viva Voce | C16: SEE | D16: 0.4 | E16: CO6 | F16: PO9 | G16: PSO3

Sheet Attainment Dashboard
A1: Internship — Attainment Dashboard (Continuous + SEE → CO → PO/PSO) | H1: Notes
H2: Weightage: 60% Continuous + 40% SEE
A3: Section A — CO-wise Attainment Summary | H3: Threshold (Level 3): ≥ 2.5
A4: CO | B4: Continuous Avg (0–3) | C4: SEE Avg (0–3) | D4: Weighted Avg (60/40) | E4: Final Level (0–3) | F4: PO(s) | G4: PSO(s) | H4: Threshold (Level 2): 2.0–2.49
A5: ='CO Attainment (Internship)'!A2 | B5: ='CO Attainment (Internship)'!B2 | C5: ='CO Attainment (Internship)'!C2 | D5: ='CO Attainment (Internship)'!D2 | E5: ='CO Attainment (Internship)'!E2 | F5: ='CO Attainment (Internship)'!F2 | G5: ='CO Attainment (Internship)'!G2 | H5: Threshold (Level 1): 1.5–1.99
A6: ='CO Attainment (Internship)'!A3 | B6: ='CO Attainment (Internship)'!B3 | C6: ='CO Attainment (Internship)'!C3 | D6: ='CO Attainment (Internship)'!D3 | E6: ='CO Attainment (Internship)'!E3 | F6: ='CO Attainment (Internship)'!F3 | G6: ='CO Attainment (Internship)'!G3 | H6: Threshold (Level 0): < 1.5
A7: ='CO Attainment (Internship)'!A4 | B7: ='CO Attainment (Internship)'!B4 | C7: ='CO Attainment (Internship)'!C4 | D7: ='CO Attainment (Internship)'!D4 | E7: ='CO Attainment (Internship)'!E4 | F7: ='CO Attainment (Internship)'!F4 | G7: ='CO Attainment (Internship)'!G4
A8: ='CO Attainment (Internship)'!A5 | B8: ='CO Attainment (Internship)'!B5 | C8: ='CO Attainment (Internship)'!C5 | D8: ='CO Attainment (Internship)'!D5 | E8: ='CO Attainment (Internship)'!E5 | F8: ='CO Attainment (Internship)'!F5 | G8: ='CO Attainment (Internship)'!G5
A9: ='CO Attainment (Internship)'!A6 | B9: ='CO Attainment (Internship)'!B6 | C9: ='CO Attainment (Internship)'!C6 | D9: ='CO Attainment (Internship)'!D6 | E9: ='CO Attainment (Internship)'!E6 | F9: ='CO Attainment (Internship)'!F6 | G9: ='CO Attainment (Internship)'!G6
A10: ='CO Attainment (Internship)'!A7 | B10: ='CO Attainment (Internship)'!B7 | C10: ='CO Attainment (Internship)'!C7 | D10: ='CO Attainment (Internship)'!D7 | E10: ='CO Attainment (Internship)'!E7 | F10: ='CO Attainment (Internship)'!F7 | G10: ='CO Attainment (Internship)'!G7
A12: Section B — Aggregated PO/PSO Attainment
A13: Outcome | B13: Aggregated Attainment (Avg Level)
A14: =IF('PO_PSO Aggregation'!A2="","",'PO_PSO Aggregation'!A2) | B14: =IF('PO_PSO Aggregation'!B2="","",'PO_PSO Aggregation'!B2)
A15: =IF('PO_PSO Aggregation'!A3="","",'PO_PSO Aggregation'!A3) | B15: =IF('PO_PSO Aggregation'!B3="","",'PO_PSO Aggregation'!B3)
A16: =IF('PO_PSO Aggregation'!A4="","",'PO_PSO Aggregation'!A4) | B16: =IF('PO_PSO Aggregation'!B4="","",'PO_PSO Aggregation'!B4)
A17: =IF('PO_PSO Aggregation'!A5="","",'PO_PSO Aggregation'!A5) | B17: =IF('PO_PSO Aggregation'!B5="","",'PO_PSO Aggregation'!B5)
A18: =IF('PO_PSO Aggregation'!A6="","",'PO_PSO Aggregation'!A6) | B18: =IF('PO_PSO Aggregation'!B6="","",'PO_PSO Aggregation'!B6)
A19: =IF('PO_PSO Aggregation'!A7="","",'PO_PSO Aggregation'!A7) | B19: =IF('PO_PSO Aggregation'!B7="","",'PO_PSO Aggregation'!B7)
A20: =IF('PO_PSO Aggregation'!A8="","",'PO_PSO Aggregation'!A8) | B20: =IF('PO_PSO Aggregation'!B8="","",'PO_PSO Aggregation'!B8)
A21: =IF('PO_PSO Aggregation'!A9="","",'PO_PSO Aggregation'!A9) | B21: =IF('PO_PSO Aggregation'!B9="","",'PO_PSO Aggregation'!B9)
A22: =IF('PO_PSO Aggregation'!A10="","",'PO_PSO Aggregation'!A10) | B22: =IF('PO_PSO Aggregation'!B10="","",'PO_PSO Aggregation'!B10)
A23: =IF('PO_PSO Aggregation'!A11="","",'PO_PSO Aggregation'!A11) | B23: =IF('PO_PSO Aggregation'!B11="","",'PO_PSO Aggregation'!B11)
A24: =IF('PO_PSO Aggregation'!A12="","",'PO_PSO Aggregation'!A12) | B24: =IF('PO_PSO Aggregation'!B12="","",'PO_PSO Aggregation'!B12)
A25: =IF('PO_PSO Aggregation'!A13="","",'PO_PSO Aggregation'!A13) | B25: =IF('PO_PSO Aggregation'!B13="","",'PO_PSO Aggregation'!B13)
... A53: =IF('PO_PSO Aggregation'!A41="","",'PO_PSO Aggregation'!A41) | B53: =IF('PO_PSO Aggregation'!B41="","",'PO_PSO Aggregation'!B41)

Sheet Internship Weekly Logbook
A1: Internship Weekly Logbook (Signed by Industry Supervisor & Verified by Faculty Mentor)
A2: Note: Weekly Score uses rubric scale 0–3; ensure both supervisor and faculty sign each entry.
A3: Student ID | B3: Student Name | C3: Week # | D3: Dates (From–To) | E3: Tasks Assigned | F3: Tasks Completed | G3: Skills Learned | H3: Challenges Faced | I3: COs Targeted | J3: Weekly Score (0–3) | K3: Supervisor Feedback / Signature | L3: Faculty Mentor Remarks / Signature | M3: Evidence File (Scan/Link)
A4: INT101 | B4: A. Kumar | C4: 1 | D4: 01–07 Jun | E4: Safety induction, tool familiarization | F4: Completed safety training | G4: Workplace safety rules | H4: — | I4: CO1, CO2 | J4: 2 | K4: Punctual; attentive ✔ | L4: Verified ✔ | M4: INT101_Week1_Log.pdf
A5: INT101 | B5: A. Kumar | C5: 2 | D5: 08–14 Jun | E5: Assist in design documentation | F5: Drafted initial drawings | G5: CAD basics | H5: Time constraints | I5: CO3 | J5: 3 | K5: Good learning progress ✔ | L5: Verified ✔ | M5: INT101_Week2_Log.pdf
A6: INT102 | B6: B. Singh | C6: 1 | D6: 01–07 Jun | E6: Orientation, SOP reading | F6: Completed orientation | G6: Process awareness | H6: Late submission | I6: CO1 | J6: 1 | K6: Needs to improve punctuality ✔ | L6: Verified ✔ | M6: INT102_Week1_Log.pdf

Sheet Internship Viva & Marksheets
A1: Internship Viva Records & Consolidated Marksheets (Rubric-based; 60% Continuous + 40% SEE)
A3: Section A — Viva Records (Panel Evaluation; auto-pulls from 'SEE Evaluation')
A4: Student ID | B4: Student Name | C4: Final Report (S1 0–3) | D4: Presentation (S2 0–3) | E4: Viva (S3 0–3) | F4: SEE Total (Weighted) | G4: SEE Level (0–3) | H4: Panel Members | I4: Panel Signatures | J4: Remarks | K4: Evidence File (PDF/Link)
A5: ='SEE Evaluation'!A2 | B5: ='SEE Evaluation'!B2 | C5: ='SEE Evaluation'!C2 | D5: ='SEE Evaluation'!D2 | E5: ='SEE Evaluation'!E2 | F5: ='SEE Evaluation'!F2 | G5: ='SEE Evaluation'!G2
A6: ='SEE Evaluation'!A3 | B6: ='SEE Evaluation'!B3 | C6: ='SEE Evaluation'!C3 | D6: ='SEE Evaluation'!D3 | E6: ='SEE Evaluation'!E3 | F6: ='SEE Evaluation'!F3 | G6: ='SEE Evaluation'!G3
A7: ='SEE Evaluation'!A4 | B7: ='SEE Evaluation'!B4 | C7: ='SEE Evaluation'!C4 | D7: ='SEE Evaluation'!D4 | E7: ='SEE Evaluation'!E4 | F7: ='SEE Evaluation'!F4 | G7: ='SEE Evaluation'!G4
A8: ='SEE Evaluation'!A5 | B8: ='SEE Evaluation'!B5 | C8: ='SEE Evaluation'!C5 | D8: ='SEE Evaluation'!D5 | E8: ='SEE Evaluation'!E5 | F8: ='SEE Evaluation'!F5 | G8: ='SEE Evaluation'!G5
A9: ='SEE Evaluation'!A6 | B9: ='SEE Evaluation'!B6 | C9: ='SEE Evaluation'!C6 | D9: ='SEE Evaluation'!D6 | E9: ='SEE Evaluation'!E6 | F9: ='SEE Evaluation'!F6 | G9: ='SEE Evaluation'!G6
A10: ='SEE Evaluation'!A7 | B10: ='SEE Evaluation'!B7 | C10: ='SEE Evaluation'!C7 | D10: ='SEE Evaluation'!D7 | E10: ='SEE Evaluation'!E7 | F10: ='SEE Evaluation'!F7 | G10: ='SEE Evaluation'!G7
A11: ='SEE Evaluation'!A8 | B11: ='SEE Evaluation'!B8 | C11: ='SEE Evaluation'!C8 | D11: ='SEE Evaluation'!D8 | E11: ='SEE Evaluation'!E8 | F11: ='SEE Evaluation'!F8 | G11: ='SEE Evaluation'!G8
A12: ='SEE Evaluation'!A9 | B12: ='SEE Evaluation'!B9 | C12: ='SEE Evaluation'!C9 | D12: ='SEE Evaluation'!D9 | E12: ='SEE Evaluation'!E9 | F12: ='SEE Evaluation'!F9 | G12: ='SEE Evaluation'!G9
A13: ='SEE Evaluation'!A10 | B13: ='SEE Evaluation'!B10 | C13: ='SEE Evaluation'!C10 | D13: ='SEE Evaluation'!D10 | E13: ='SEE Evaluation'!E10 | F13: ='SEE Evaluation'!F10 | G13: ='SEE Evaluation'!G10
A14: ='SEE Evaluation'!A11 | B14: ='SEE Evaluation'!B11 | C14: ='SEE Evaluation'!C11 | D14: ='SEE Evaluation'!D11 | E14: ='SEE Evaluation'!E11 | F14: ='SEE Evaluation'!F11 | G14: ='SEE Evaluation'!G11
A15: ='SEE Evaluation'!A12 | B15: ='SEE Evaluation'!B12 | C15: ='SEE Evaluation'!C12 | D15: ='SEE Evaluation'!D12 | E15: ='SEE Evaluation'!E12 | F15: ='SEE Evaluation'!F12 | G15: ='SEE Evaluation'!G12
A16: ='SEE Evaluation'!A13 | B16: ='SEE Evaluation'!B13 | C16: ='SEE Evaluation'!C13 | D16: ='SEE Evaluation'!D13 | E16: ='SEE Evaluation'!E13 | F16: ='SEE Evaluation'!F13 | G16: ='SEE Evaluation'!G13
... A104: ='SEE Evaluation'!A101 | B104: ='SEE Evaluation'!B101 | C104: ='SEE Evaluation'!C101 | D104: ='SEE Evaluation'!D101 | E104: ='SEE Evaluation'!E101 | F104: ='SEE Evaluation'!F101 | G104: ='SEE Evaluation'!G101
A110: Section B — Consolidated Marksheets (Continuous + SEE → Weighted 60/40)
A111: Student ID | B111: Student Name | C111: Continuous Score (0–3) | D111: SEE Score (0–3) | E111: Weighted Avg (60%/40%) | F111: Final Level (0–3) | G111: Evidence Links / Notes
A112: ='Continuous Assessment'!A2 | B112: ='Continuous Assessment'!B2 | C112: ='Continuous Assessment'!I2 | D112: =IFERROR(XLOOKUP(A112,'SEE Evaluation'!A:A,'SEE Evaluation'!G:G),"") | E112: =IF(AND(C112<>"",D112<>""),0.6*C112+0.4*D112,IF(C112<>"",C112,D112)) | F112: =IF(E112="","",IF(E112>=2.5,3,IF(E112>=2,2,IF(E112>=1.5,1,0))))
A113: ='Continuous Assessment'!A3 | B113: ='Continuous Assessment'!B3 | C113: ='Continuous Assessment'!I3 | D113: =IFERROR(XLOOKUP(A113,'SEE Evaluation'!A:A,'SEE Evaluation'!G:G),"") | E113: =IF(AND(C113<>"",D113<>""),0.6*C113+0.4*D113,IF(C113<>"",C113,D113)) | F113: =IF(E113="","",IF(E113>=2.5,3,IF(E113>=2,2,IF(E113>=1.5,1,0))))
A114: ='Continuous Assessment'!A4 | B114: ='Continuous Assessment'!B4 | C114: ='Continuous Assessment'!I4 | D114: =IFERROR(XLOOKUP(A114,'SEE Evaluation'!A:A,'SEE Evaluation'!G:G),"") | E114: =IF(AND(C114<>"",D114<>""),0.6*C114+0.4*D114,IF(C114<>"",C114,D114)) | F114: =IF(E114="","",IF(E114>=2.5,3,IF(E114>=2,2,IF(E114>=1.5,1,0))))
A115: ='Continuous Assessment'!A5 | B115: ='Continuous Assessment'!B5 | C115: ='Continuous Assessment'!I5 | D115: =IFERROR(XLOOKUP(A115,'SEE Evaluation'!A:A,'SEE Evaluation'!G:G),"") | E115: =IF(AND(C115<>"",D115<>""),0.6*C115+0.4*D115,IF(C115<>"",C115,D115)) | F115: =IF(E115="","",IF(E115>=2.5,3,IF(E115>=2,2,IF(E115>=1.5,1,0))))
A116: ='Continuous Assessment'!A6 | B116: ='Continuous Assessment'!B6 | C116: ='Continuous Assessment'!I6 | D116: =IFERROR(XLOOKUP(A116,'SEE Evaluation'!A:A,'SEE Evaluation'!G:G),"") | E116: =IF(AND(C116<>"",D116<>""),0.6*C116+0.4*D116,IF(C116<>"",C116,D116)) | F116: =IF(E116="","",IF(E116>=2.5,3,IF(E116>=2,2,IF(E116>=1.5,1,0))))
A117: ='Continuous Assessment'!A7 | B117: ='Continuous Assessment'!B7 | C117: ='Continuous Assessment'!I7 | D117: =IFERROR(XLOOKUP(A117,'SEE Evaluation'!A:A,'SEE Evaluation'!G:G),"") | E117: =IF(AND(C117<>"",D117<>""),0.6*C117+0.4*D117,IF(C117<>"",C117,D117)) | F117: =IF(E117="","",IF(E117>=2.5,3,IF(E117>=2,2,IF(E117>=1.5,1,0))))
A118: ='Continuous Assessment'!A8 | B118: ='Continuous Assessment'!B8 | C118: ='Continuous Assessment'!I8 | D118: =IFERROR(XLOOKUP(A118,'SEE Evaluation'!A:A,'SEE Evaluation'!G:G),"") | E118: =IF(AND(C118<>"",D118<>""),0.6*C118+0.4*D118,IF(C118<>"",C118,D118)) | F118: =IF(E118="","",IF(E118>=2.5,3,IF(E118>=2,2,IF(E118>=1.5,1,0))))
A119: ='Continuous Assessment'!A9 | B119: ='Continuous Assessment'!B9 | C119: ='Continuous Assessment'!I9 | D119: =IFERROR(XLOOKUP(A119,'SEE Evaluation'!A:A,'SEE Evaluation'!G:G),"") | E119: =IF(AND(C119<>"",D119<>""),0.6*C119+0.4*D119,IF(C119<>"",C119,D119)) | F119: =IF(E119="","",IF(E119>=2.5,3,IF(E119>=2,2,IF(E119>=1.5,1,0))))
A120: ='Continuous Assessment'!A10 | B120: ='Continuous Assessment'!B10 | C120: ='Continuous Assessment'!I10 | D120: =IFERROR(XLOOKUP(A120,'SEE Evaluation'!A:A,'SEE Evaluation'!G:G),"") | E120: =IF(AND(C120<>"",D120<>""),0.6*C120+0.4*D120,IF(C120<>"",C120,D120)) | F120: =IF(E120="","",IF(E120>=2.5,3,IF(E120>=2,2,IF(E120>=1.5,1,0))))
A121: ='Continuous Assessment'!A11 | B121: ='Continuous Assessment'!B11 | C121: ='Continuous Assessment'!I11 | D121: =IFERROR(XLOOKUP(A121,'SEE Evaluation'!A:A,'SEE Evaluation'!G:G),"") | E121: =IF(AND(C121<>"",D121<>""),0.6*C121+0.4*D121,IF(C121<>"",C121,D121)) | F121: =IF(E121="","",IF(E121>=2.5,3,IF(E121>=2,2,IF(E121>=1.5,1,0))))
A122: ='Continuous Assessment'!A12 | B122: ='Continuous Assessment'!B12 | C122: ='Continuous Assessment'!I12 | D122: =IFERROR(XLOOKUP(A122,'SEE Evaluation'!A:A,'SEE Evaluation'!G:G),"") | E122: =IF(AND(C122<>"",D122<>""),0.6*C122+0.4*D122,IF(C122<>"",C122,D122)) | F122: =IF(E122="","",IF(E122>=2.5,3,IF(E122>=2,2,IF(E122>=1.5,1,0))))
A123: ='Continuous Assessment'!A13 | B123: ='Continuous Assessment'!B13 | C123: ='Continuous Assessment'!I13 | D123: =IFERROR(XLOOKUP(A123,'SEE Evaluation'!A:A,'SEE Evaluation'!G:G),"") | E123: =IF(AND(C123<>"",D123<>""),0.6*C123+0.4*D123,IF(C123<>"",C123,D123)) | F123: =IF(E123="","",IF(E123>=2.5,3,IF(E123>=2,2,IF(E123>=1.5,1,0))))
... A211: ='Continuous Assessment'!A101 | B211: ='Continuous Assessment'!B101 | C211: ='Continuous Assessment'!I101 | D211: =IFERROR(XLOOKUP(A211,'SEE Evaluation'!A:A,'SEE Evaluation'!G:G),"") | E211: =IF(AND(C211<>"",D211<>""),0.6*C211+0.4*D211,IF(C211<>"",C211,D211)) | F211: =IF(E211="","",IF(E211>=2.5,3,IF(E211>=2,2,IF(E211>=1.5,1,0))))
