Workbook

Sheet Continuous Assessment
A1: Student ID | B1: Student Name | C1: CO1 (Prep) | D1: CO2 (Conduct) | E1: CO3 (Obs & Results) | F1: CO4 (Record) | G1: CO5 (Innovation) | H1: CO6 (Viva) | I1: Total (Weighted) | J1: Attainment Level (0–3) | L1: Weights (edit; must sum to 1.0)
A2: 101 | B2: A. Kumar | C2: 2 | D2: 3 | E2: 2 | F2: 2 | G2: 1 | H2: 3 | I2: =IF(COUNTA(C2:H2)=0,"",C2*$L$2+D2*$L$3+E2*$L$4+F2*$L$5+G2*$L$6+H2*$L$7) | J2: =IF(I2="","",IF(I2>=2.5,3,IF(I2>=2,2,IF(I2>=1.5,1,0)))) | K2: CO1 | L2: 0.1
A3: 102 | B3: B. Singh | C3: 1 | D3: 2 | E3: 2 | F3: 1 | G3: 0 | H3: 2 | I3: =IF(COUNTA(C3:H3)=0,"",C3*$L$2+D3*$L$3+E3*$L$4+F3*$L$5+G3*$L$6+H3*$L$7) | J3: =IF(I3="","",IF(I3>=2.5,3,IF(I3>=2,2,IF(I3>=1.5,1,0)))) | K3: CO2 | L3: 0.2
A4: 103 | B4: C. Rao | C4: 3 | D4: 3 | E4: 3 | F4: 2 | G4: 2 | H4: 3 | I4: =IF(COUNTA(C4:H4)=0,"",C4*$L$2+D4*$L$3+E4*$L$4+F4*$L$5+G4*$L$6+H4*$L$7) | J4: =IF(I4="","",IF(I4>=2.5,3,IF(I4>=2,2,IF(I4>=1.5,1,0)))) | K4: CO3 | L4: 0.2
I5: =IF(COUNTA(C5:H5)=0,"",C5*$L$2+D5*$L$3+E5*$L$4+F5*$L$5+G5*$L$6+H5*$L$7) | J5: =IF(I5="","",IF(I5>=2.5,3,IF(I5>=2,2,IF(I5>=1.5,1,0)))) | K5: CO4 | L5: 0.1
I6: =IF(COUNTA(C6:H6)=0,"",C6*$L$2+D6*$L$3+E6*$L$4+F6*$L$5+G6*$L$6+H6*$L$7) | J6: =IF(I6="","",IF(I6>=2.5,3,IF(I6>=2,2,IF(I6>=1.5,1,0)))) | K6: CO5 | L6: 0.1
I7: =IF(COUNTA(C7:H7)=0,"",C7*$L$2+D7*$L$3+E7*$L$4+F7*$L$5+G7*$L$6+H7*$L$7) | J7: =IF(I7="","",IF(I7>=2.5,3,IF(I7>=2,2,IF(I7>=1.5,1,0)))) | K7: CO6 | L7: 0.3
I8: =IF(COUNTA(C8:H8)=0,"",C8*$L$2+D8*$L$3+E8*$L$4+F8*$L$5+G8*$L$6+H8*$L$7) | J8: =IF(I8="","",IF(I8>=2.5,3,IF(I8>=2,2,IF(I8>=1.5,1,0))))
I9: =IF(COUNTA(C9:H9)=0,"",C9*$L$2+D9*$L$3+E9*$L$4+F9*$L$5+G9*$L$6+H9*$L$7) | J9: =IF(I9="","",IF(I9>=2.5,3,IF(I9>=2,2,IF(I9>=1.5,1,0))))
I10: =IF(COUNTA(C10:H10)=0,"",C10*$L$2+D10*$L$3+E10*$L$4+F10*$L$5+G10*$L$6+H10*$L$7) | J10: =IF(I10="","",IF(I10>=2.5,3,IF(I10>=2,2,IF(I10>=1.5,1,0))))
I11: =IF(COUNTA(C11:H11)=0,"",C11*$L$2+D11*$L$3+E11*$L$4+F11*$L$5+G11*$L$6+H11*$L$7) | J11: =IF(I11="","",IF(I11>=2.5,3,IF(I11>=2,2,IF(I11>=1.5,1,0))))
I12: =IF(COUNTA(C12:H12)=0,"",C12*$L$2+D12*$L$3+E12*$L$4+F12*$L$5+G12*$L$6+H12*$L$7) | J12: =IF(I12="","",IF(I12>=2.5,3,IF(I12>=2,2,IF(I12>=1.5,1,0))))
I13: =IF(COUNTA(C13:H13)=0,"",C13*$L$2+D13*$L$3+E13*$L$4+F13*$L$5+G13*$L$6+H13*$L$7) | J13: =IF(I13="","",IF(I13>=2.5,3,IF(I13>=2,2,IF(I13>=1.5,1,0))))
I14: =IF(COUNTA(C14:H14)=0,"",C14*$L$2+D14*$L$3+E14*$L$4+F14*$L$5+G14*$L$6+H14*$L$7) | J14: =IF(I14="","",IF(I14>=2.5,3,IF(I14>=2,2,IF(I14>=1.5,1,0))))
I15: =IF(COUNTA(C15:H15)=0,"",C15*$L$2+D15*$L$3+E15*$L$4+F15*$L$5+G15*$L$6+H15*$L$7) | J15: =IF(I15="","",IF(I15>=2.5,3,IF(I15>=2,2,IF(I15>=1.5,1,0))))
I16: =IF(COUNTA(C16:H16)=0,"",C16*$L$2+D16*$L$3+E16*$L$4+F16*$L$5+G16*$L$6+H16*$L$7) | J16: =IF(I16="","",IF(I16>=2.5,3,IF(I16>=2,2,IF(I16>=1.5,1,0))))
I17: =IF(COUNTA(C17:H17)=0,"",C17*$L$2+D17*$L$3+E17*$L$4+F17*$L$5+G17*$L$6+H17*$L$7) | J17: =IF(I17="","",IF(I17>=2.5,3,IF(I17>=2,2,IF(I17>=1.5,1,0))))
I18: =IF(COUNTA(C18:H18)=0,"",C18*$L$2+D18*$L$3+E18*$L$4+F18*$L$5+G18*$L$6+H18*$L$7) | J18: =IF(I18="","",IF(I18>=2.5,3,IF(I18>=2,2,IF(I18>=1.5,1,0))))
I19: =IF(COUNTA(C19:H19)=0,"",C19*$L$2+D19*$L$3+E19*$L$4+F19*$L$5+G19*$L$6+H19*$L$7) | J19: =IF(I19="","",IF(I19>=2.5,3,IF(I19>=2,2,IF(I19>=1.5,1,0))))
... I201: =IF(COUNTA(C201:H201)=0,"",C201*$L$2+D201*$L$3+E201*$L$4+F201*$L$5+G201*$L$6+H201*$L$7) | J201: =IF(I201="","",IF(I201>=2.5,3,IF(I201>=2,2,IF(I201>=1.5,1,0))))

Sheet SEE Practical Exam
A1: Student ID | B1: Student Name | C1: CO2 (Planning) | D1: CO3 (Execution) | E1: CO4 (Output) | F1: CO6 (Viva) | G1: Total (Weighted) | H1: Attainment Level (0–3) | J1: Weights (edit; sum=1.0)
A2: 101 | B2: A. Kumar | C2: 2 | D2: 3 | E2: 3 | F2: 3 | G2: =IF(COUNTA(C2:F2)=0,"",C2*$J$2+D2*$J$3+E2*$J$4+F2*$J$5) | H2: =IF(G2="","",IF(G2>=2.5,3,IF(G2>=2,2,IF(G2>=1.5,1,0)))) | I2: CO2 | J2: 0.2
A3: 102 | B3: B. Singh | C3: 1 | D3: 2 | E3: 2 | F3: 1 | G3: =IF(COUNTA(C3:F3)=0,"",C3*$J$2+D3*$J$3+E3*$J$4+F3*$J$5) | H3: =IF(G3="","",IF(G3>=2.5,3,IF(G3>=2,2,IF(G3>=1.5,1,0)))) | I3: CO3 | J3: 0.4
A4: 103 | B4: C. Rao | C4: 2 | D4: 3 | E4: 2 | F4: 2 | G4: =IF(COUNTA(C4:F4)=0,"",C4*$J$2+D4*$J$3+E4*$J$4+F4*$J$5) | H4: =IF(G4="","",IF(G4>=2.5,3,IF(G4>=2,2,IF(G4>=1.5,1,0)))) | I4: CO4 | J4: 0.2
G5: =IF(COUNTA(C5:F5)=0,"",C5*$J$2+D5*$J$3+E5*$J$4+F5*$J$5) | H5: =IF(G5="","",IF(G5>=2.5,3,IF(G5>=2,2,IF(G5>=1.5,1,0)))) | I5: CO6 | J5: 0.2
G6: =IF(COUNTA(C6:F6)=0,"",C6*$J$2+D6*$J$3+E6*$J$4+F6*$J$5) | H6: =IF(G6="","",IF(G6>=2.5,3,IF(G6>=2,2,IF(G6>=1.5,1,0))))
G7: =IF(COUNTA(C7:F7)=0,"",C7*$J$2+D7*$J$3+E7*$J$4+F7*$J$5) | H7: =IF(G7="","",IF(G7>=2.5,3,IF(G7>=2,2,IF(G7>=1.5,1,0))))
G8: =IF(COUNTA(C8:F8)=0,"",C8*$J$2+D8*$J$3+E8*$J$4+F8*$J$5) | H8: =IF(G8="","",IF(G8>=2.5,3,IF(G8>=2,2,IF(G8>=1.5,1,0))))
G9: =IF(COUNTA(C9:F9)=0,"",C9*$J$2+D9*$J$3+E9*$J$4+F9*$J$5) | H9: =IF(G9="","",IF(G9>=2.5,3,IF(G9>=2,2,IF(G9>=1.5,1,0))))
G10: =IF(COUNTA(C10:F10)=0,"",C10*$J$2+D10*$J$3+E10*$J$4+F10*$J$5) | H10: =IF(G10="","",IF(G10>=2.5,3,IF(G10>=2,2,IF(G10>=1.5,1,0))))
G11: =IF(COUNTA(C11:F11)=0,"",C11*$J$2+D11*$J$3+E11*$J$4+F11*$J$5) | H11: =IF(G11="","",IF(G11>=2.5,3,IF(G11>=2,2,IF(G11>=1.5,1,0))))
G12: =IF(COUNTA(C12:F12)=0,"",C12*$J$2+D12*$J$3+E12*$J$4+F12*$J$5) | H12: =IF(G12="","",IF(G12>=2.5,3,IF(G12>=2,2,IF(G12>=1.5,1,0))))
G13: =IF(COUNTA(C13:F13)=0,"",C13*$J$2+D13*$J$3+E13*$J$4+F13*$J$5) | H13: =IF(G13="","",IF(G13>=2.5,3,IF(G13>=2,2,IF(G13>=1.5,1,0))))
G14: =IF(COUNTA(C14:F14)=0,"",C14*$J$2+D14*$J$3+E14*$J$4+F14*$J$5) | H14: =IF(G14="","",IF(G14>=2.5,3,IF(G14>=2,2,IF(G14>=1.5,1,0))))
G15: =IF(COUNTA(C15:F15)=0,"",C15*$J$2+D15*$J$3+E15*$J$4+F15*$J$5) | H15: =IF(G15="","",IF(G15>=2.5,3,IF(G15>=2,2,IF(G15>=1.5,1,0))))
G16: =IF(COUNTA(C16:F16)=0,"",C16*$J$2+D16*$J$3+E16*$J$4+F16*$J$5) | H16: =IF(G16="","",IF(G16>=2.5,3,IF(G16>=2,2,IF(G16>=1.5,1,0))))
G17: =IF(COUNTA(C17:F17)=0,"",C17*$J$2+D17*$J$3+E17*$J$4+F17*$J$5) | H17: =IF(G17="","",IF(G17>=2.5,3,IF(G17>=2,2,IF(G17>=1.5,1,0))))
... G201: =IF(COUNTA(C201:F201)=0,"",C201*$J$2+D201*$J$3+E201*$J$4+F201*$J$5) | H201: =IF(G201="","",IF(G201>=2.5,3,IF(G201>=2,2,IF(G201>=1.5,1,0))))

Sheet CO-wise Attainment Summary
A1: CO | B1: Continuous Avg (0–3) | C1: SEE Avg (0–3) | D1: Weighted Avg (60% Cont + 40% SEE) | E1: Final Attainment Level (0–3) | F1: PO(s) Mapped | G1: PSO(s) Mapped
A2: CO1 | B2: =IFERROR(AVERAGE('Continuous Assessment'!C2:C200),"") | D2: =IF(OR(B2="",C2=""),IF(B2="",C2,B2),0.6*B2+0.4*C2) | E2: =IF(D2="","",IF(D2>=2.5,3,IF(D2>=2,2,IF(D2>=1.5,1,0)))) | F2: PO1, PO2 | G2: PSO1
A3: CO2 | B3: =IFERROR(AVERAGE('Continuous Assessment'!D2:D200),"") | C3: =IFERROR(AVERAGE('SEE Practical Exam'!C2:C200),"") | D3: =IF(OR(B3="",C3=""),IF(B3="",C3,B3),0.6*B3+0.4*C3) | E3: =IF(D3="","",IF(D3>=2.5,3,IF(D3>=2,2,IF(D3>=1.5,1,0)))) | F3: PO3, PO4 | G3: PSO1
A4: CO3 | B4: =IFERROR(AVERAGE('Continuous Assessment'!E2:E200),"") | C4: =IFERROR(AVERAGE('SEE Practical Exam'!D2:D200),"") | D4: =IF(OR(B4="",C4=""),IF(B4="",C4,B4),0.6*B4+0.4*C4) | E4: =IF(D4="","",IF(D4>=2.5,3,IF(D4>=2,2,IF(D4>=1.5,1,0)))) | F4: PO4, PO5 | G4: PSO2
A5: CO4 | B5: =IFERROR(AVERAGE('Continuous Assessment'!F2:F200),"") | C5: =IFERROR(AVERAGE('SEE Practical Exam'!E2:E200),"") | D5: =IF(OR(B5="",C5=""),IF(B5="",C5,B5),0.6*B5+0.4*C5) | E5: =IF(D5="","",IF(D5>=2.5,3,IF(D5>=2,2,IF(D5>=1.5,1,0)))) | F5: PO8
A6: CO5 | B6: =IFERROR(AVERAGE('Continuous Assessment'!G2:G200),"") | D6: =IF(OR(B6="",C6=""),IF(B6="",C6,B6),0.6*B6+0.4*C6) | E6: =IF(D6="","",IF(D6>=2.5,3,IF(D6>=2,2,IF(D6>=1.5,1,0)))) | F6: PO5 | G6: PSO2
A7: CO6 | B7: =IFERROR(AVERAGE('Continuous Assessment'!H2:H200),"") | C7: =IFERROR(AVERAGE('SEE Practical Exam'!F2:F200),"") | D7: =IF(OR(B7="",C7=""),IF(B7="",C7,B7),0.6*B7+0.4*C7) | E7: =IF(D7="","",IF(D7>=2.5,3,IF(D7>=2,2,IF(D7>=1.5,1,0)))) | F7: PO10, PO12 | G7: PSO3

Sheet Rubric Definition
A1: CO | B1: Criteria | C1: Weight (as decimal) | D1: Rubric Levels (0–3) | E1: PO(s) Mapped | F1: PSO(s) Mapped | G1: Notes/Evidence Link
A2: CO1 | B2: Preparation | C2: 0.1 | D2: 0–Poor, 1–Fair, 2–Good, 3–Excellent | E2: PO1, PO2 | F2: PSO1
A3: CO2 | B3: Conduct of Experiment | C3: 0.2 | D3: 0–3 scale | E3: PO3, PO4 | F3: PSO1
A4: CO3 | B4: Observation & Results | C4: 0.2 | D4: 0–3 scale | E4: PO4 | F4: PSO2
A5: CO4 | B5: Record / Journal | C5: 0.1 | D5: 0–3 scale | E5: PO8
A6: CO5 | B6: Innovation / Design | C6: 0.1 | D6: 0–3 scale | E6: PO5 | F6: PSO2
A7: CO6 | B7: Viva Voce | C7: 0.3 | D7: 0–3 scale | E7: PO10, PO12 | F7: PSO3
