Workbook

Sheet Attendance_Log
A1: Sl. No. | B1: Meeting ID | C1: Meeting Date (YYYY-MM-DD) | D1: Mentor Name | E1: Department | F1: Program & Batch | G1: Topic / Agenda | H1: Student ID | I1: Student Name | J1: Status (P/L/E/A) | K1: Time In | L1: Time Out | M1: Evidence Link (Photo/Sign Sheet/ERP) | N1: Remarks
A2: 1 | B2: CSE-S1-M1 | C2: 2025-08-06 | D2: Dr. A. Sharma | E2: CSE | F2: B.Tech CSE 2022-26 | G2: Orientation & Course Planning | H2: CSE22_001 | I2: Ananya Rao | J2: Present | K2: 10:00 | L2: 10:45 | M2: Photos/Meet1_Group.jpg
A3: 2 | B3: CSE-S1-M1 | C3: 2025-08-06 | D3: Dr. A. Sharma | E3: CSE | F3: B.Tech CSE 2022-26 | G3: Orientation & Course Planning | H3: CSE22_002 | I3: Aman Gupta | J3: Late | K3: 10:10 | L3: 10:45
A4: 3 | B4: CSE-S1-M1 | C4: 2025-08-06 | D4: Dr. A. Sharma | E4: CSE | F4: B.Tech CSE 2022-26 | G4: Orientation & Course Planning | H4: CSE22_003 | I4: Kavya Iyer | J4: Excused | M4: ERP_LeaveShot.png
A5: 4 | B5: CSE-S1-M1 | C5: 2025-08-06 | D5: Dr. A. Sharma | E5: CSE | F5: B.Tech CSE 2022-26 | G5: Orientation & Course Planning | H5: CSE22_004 | I5: Rohit Menon | J5: Absent
A6: 5 | B6: ECE-S1-M1 | C6: 2025-08-12 | D6: Prof. B. Iyer | E6: ECE | F6: B.Tech ECE 2022-26 | G6: Lab Readiness & Internship Briefing | H6: ECE22_001 | I6: Ishita Jain | J6: Present | K6: 11:00 | L6: 11:45

Sheet Lists
A1: Present
A2: Late
A3: Excused
A4: Absent

Sheet Meetings
A1: Meeting ID | B1: Meeting Date | C1: Mentor | D1: Department | E1: Program & Batch | F1: Agenda / Topic | G1: Planned Headcount (Auto) | H1: Present (Auto) | I1: Late (Auto) | J1: Excused (Auto) | K1: Absent (Auto) | L1: Attendance % (Effective) | M1: Minutes / Evidence Link | N1: Notes
A2: CSE-S1-M1 | B2: 2025-08-06 | C2: Dr. A. Sharma | D2: CSE | E2: B.Tech CSE 2022-26 | F2: Orientation & Course Planning | G2: =IF($A2<>"",COUNTIF(Attendance_Log!$B:$B,$A2),"") | H2: =IF($A2<>"",COUNTIFS(Attendance_Log!$B:$B,$A2,Attendance_Log!$J:$J,"Present"),"") | I2: =IF($A2<>"",COUNTIFS(Attendance_Log!$B:$B,$A2,Attendance_Log!$J:$J,"Late"),"") | J2: =IF($A2<>"",COUNTIFS(Attendance_Log!$B:$B,$A2,Attendance_Log!$J:$J,"Excused"),"") | K2: =IF($A2<>"",COUNTIFS(Attendance_Log!$B:$B,$A2,Attendance_Log!$J:$J,"Absent"),"") | L2: =IF(G2>0,ROUND(((H2+I2+J2)/G2)*100,1),"") | M2: Minutes_Sharma_Sem1.pdf
A3: ECE-S1-M1 | B3: 2025-08-12 | C3: Prof. B. Iyer | D3: ECE | E3: B.Tech ECE 2022-26 | F3: Lab Readiness & Internship Briefing | G3: =IF($A3<>"",COUNTIF(Attendance_Log!$B:$B,$A3),"") | H3: =IF($A3<>"",COUNTIFS(Attendance_Log!$B:$B,$A3,Attendance_Log!$J:$J,"Present"),"") | I3: =IF($A3<>"",COUNTIFS(Attendance_Log!$B:$B,$A3,Attendance_Log!$J:$J,"Late"),"") | J3: =IF($A3<>"",COUNTIFS(Attendance_Log!$B:$B,$A3,Attendance_Log!$J:$J,"Excused"),"") | K3: =IF($A3<>"",COUNTIFS(Attendance_Log!$B:$B,$A3,Attendance_Log!$J:$J,"Absent"),"") | L3: =IF(G3>0,ROUND(((H3+I3+J3)/G3)*100,1),"") | M3: Minutes_Iyer_Sem1.pdf
G4: =IF($A4<>"",COUNTIF(Attendance_Log!$B:$B,$A4),"") | H4: =IF($A4<>"",COUNTIFS(Attendance_Log!$B:$B,$A4,Attendance_Log!$J:$J,"Present"),"") | I4: =IF($A4<>"",COUNTIFS(Attendance_Log!$B:$B,$A4,Attendance_Log!$J:$J,"Late"),"") | J4: =IF($A4<>"",COUNTIFS(Attendance_Log!$B:$B,$A4,Attendance_Log!$J:$J,"Excused"),"") | K4: =IF($A4<>"",COUNTIFS(Attendance_Log!$B:$B,$A4,Attendance_Log!$J:$J,"Absent"),"") | L4: =IF(G4>0,ROUND(((H4+I4+J4)/G4)*100,1),"")
G5: =IF($A5<>"",COUNTIF(Attendance_Log!$B:$B,$A5),"") | H5: =IF($A5<>"",COUNTIFS(Attendance_Log!$B:$B,$A5,Attendance_Log!$J:$J,"Present"),"") | I5: =IF($A5<>"",COUNTIFS(Attendance_Log!$B:$B,$A5,Attendance_Log!$J:$J,"Late"),"") | J5: =IF($A5<>"",COUNTIFS(Attendance_Log!$B:$B,$A5,Attendance_Log!$J:$J,"Excused"),"") | K5: =IF($A5<>"",COUNTIFS(Attendance_Log!$B:$B,$A5,Attendance_Log!$J:$J,"Absent"),"") | L5: =IF(G5>0,ROUND(((H5+I5+J5)/G5)*100,1),"")
G6: =IF($A6<>"",COUNTIF(Attendance_Log!$B:$B,$A6),"") | H6: =IF($A6<>"",COUNTIFS(Attendance_Log!$B:$B,$A6,Attendance_Log!$J:$J,"Present"),"") | I6: =IF($A6<>"",COUNTIFS(Attendance_Log!$B:$B,$A6,Attendance_Log!$J:$J,"Late"),"") | J6: =IF($A6<>"",COUNTIFS(Attendance_Log!$B:$B,$A6,Attendance_Log!$J:$J,"Excused"),"") | K6: =IF($A6<>"",COUNTIFS(Attendance_Log!$B:$B,$A6,Attendance_Log!$J:$J,"Absent"),"") | L6: =IF(G6>0,ROUND(((H6+I6+J6)/G6)*100,1),"")
G7: =IF($A7<>"",COUNTIF(Attendance_Log!$B:$B,$A7),"") | H7: =IF($A7<>"",COUNTIFS(Attendance_Log!$B:$B,$A7,Attendance_Log!$J:$J,"Present"),"") | I7: =IF($A7<>"",COUNTIFS(Attendance_Log!$B:$B,$A7,Attendance_Log!$J:$J,"Late"),"") | J7: =IF($A7<>"",COUNTIFS(Attendance_Log!$B:$B,$A7,Attendance_Log!$J:$J,"Excused"),"") | K7: =IF($A7<>"",COUNTIFS(Attendance_Log!$B:$B,$A7,Attendance_Log!$J:$J,"Absent"),"") | L7: =IF(G7>0,ROUND(((H7+I7+J7)/G7)*100,1),"")
G8: =IF($A8<>"",COUNTIF(Attendance_Log!$B:$B,$A8),"") | H8: =IF($A8<>"",COUNTIFS(Attendance_Log!$B:$B,$A8,Attendance_Log!$J:$J,"Present"),"") | I8: =IF($A8<>"",COUNTIFS(Attendance_Log!$B:$B,$A8,Attendance_Log!$J:$J,"Late"),"") | J8: =IF($A8<>"",COUNTIFS(Attendance_Log!$B:$B,$A8,Attendance_Log!$J:$J,"Excused"),"") | K8: =IF($A8<>"",COUNTIFS(Attendance_Log!$B:$B,$A8,Attendance_Log!$J:$J,"Absent"),"") | L8: =IF(G8>0,ROUND(((H8+I8+J8)/G8)*100,1),"")
G9: =IF($A9<>"",COUNTIF(Attendance_Log!$B:$B,$A9),"") | H9: =IF($A9<>"",COUNTIFS(Attendance_Log!$B:$B,$A9,Attendance_Log!$J:$J,"Present"),"") | I9: =IF($A9<>"",COUNTIFS(Attendance_Log!$B:$B,$A9,Attendance_Log!$J:$J,"Late"),"") | J9: =IF($A9<>"",COUNTIFS(Attendance_Log!$B:$B,$A9,Attendance_Log!$J:$J,"Excused"),"") | K9: =IF($A9<>"",COUNTIFS(Attendance_Log!$B:$B,$A9,Attendance_Log!$J:$J,"Absent"),"") | L9: =IF(G9>0,ROUND(((H9+I9+J9)/G9)*100,1),"")
G10: =IF($A10<>"",COUNTIF(Attendance_Log!$B:$B,$A10),"") | H10: =IF($A10<>"",COUNTIFS(Attendance_Log!$B:$B,$A10,Attendance_Log!$J:$J,"Present"),"") | I10: =IF($A10<>"",COUNTIFS(Attendance_Log!$B:$B,$A10,Attendance_Log!$J:$J,"Late"),"") | J10: =IF($A10<>"",COUNTIFS(Attendance_Log!$B:$B,$A10,Attendance_Log!$J:$J,"Excused"),"") | K10: =IF($A10<>"",COUNTIFS(Attendance_Log!$B:$B,$A10,Attendance_Log!$J:$J,"Absent"),"") | L10: =IF(G10>0,ROUND(((H10+I10+J10)/G10)*100,1),"")
G11: =IF($A11<>"",COUNTIF(Attendance_Log!$B:$B,$A11),"") | H11: =IF($A11<>"",COUNTIFS(Attendance_Log!$B:$B,$A11,Attendance_Log!$J:$J,"Present"),"") | I11: =IF($A11<>"",COUNTIFS(Attendance_Log!$B:$B,$A11,Attendance_Log!$J:$J,"Late"),"") | J11: =IF($A11<>"",COUNTIFS(Attendance_Log!$B:$B,$A11,Attendance_Log!$J:$J,"Excused"),"") | K11: =IF($A11<>"",COUNTIFS(Attendance_Log!$B:$B,$A11,Attendance_Log!$J:$J,"Absent"),"") | L11: =IF(G11>0,ROUND(((H11+I11+J11)/G11)*100,1),"")
G12: =IF($A12<>"",COUNTIF(Attendance_Log!$B:$B,$A12),"") | H12: =IF($A12<>"",COUNTIFS(Attendance_Log!$B:$B,$A12,Attendance_Log!$J:$J,"Present"),"") | I12: =IF($A12<>"",COUNTIFS(Attendance_Log!$B:$B,$A12,Attendance_Log!$J:$J,"Late"),"") | J12: =IF($A12<>"",COUNTIFS(Attendance_Log!$B:$B,$A12,Attendance_Log!$J:$J,"Excused"),"") | K12: =IF($A12<>"",COUNTIFS(Attendance_Log!$B:$B,$A12,Attendance_Log!$J:$J,"Absent"),"") | L12: =IF(G12>0,ROUND(((H12+I12+J12)/G12)*100,1),"")
G13: =IF($A13<>"",COUNTIF(Attendance_Log!$B:$B,$A13),"") | H13: =IF($A13<>"",COUNTIFS(Attendance_Log!$B:$B,$A13,Attendance_Log!$J:$J,"Present"),"") | I13: =IF($A13<>"",COUNTIFS(Attendance_Log!$B:$B,$A13,Attendance_Log!$J:$J,"Late"),"") | J13: =IF($A13<>"",COUNTIFS(Attendance_Log!$B:$B,$A13,Attendance_Log!$J:$J,"Excused"),"") | K13: =IF($A13<>"",COUNTIFS(Attendance_Log!$B:$B,$A13,Attendance_Log!$J:$J,"Absent"),"") | L13: =IF(G13>0,ROUND(((H13+I13+J13)/G13)*100,1),"")
G14: =IF($A14<>"",COUNTIF(Attendance_Log!$B:$B,$A14),"") | H14: =IF($A14<>"",COUNTIFS(Attendance_Log!$B:$B,$A14,Attendance_Log!$J:$J,"Present"),"") | I14: =IF($A14<>"",COUNTIFS(Attendance_Log!$B:$B,$A14,Attendance_Log!$J:$J,"Late"),"") | J14: =IF($A14<>"",COUNTIFS(Attendance_Log!$B:$B,$A14,Attendance_Log!$J:$J,"Excused"),"") | K14: =IF($A14<>"",COUNTIFS(Attendance_Log!$B:$B,$A14,Attendance_Log!$J:$J,"Absent"),"") | L14: =IF(G14>0,ROUND(((H14+I14+J14)/G14)*100,1),"")
G15: =IF($A15<>"",COUNTIF(Attendance_Log!$B:$B,$A15),"") | H15: =IF($A15<>"",COUNTIFS(Attendance_Log!$B:$B,$A15,Attendance_Log!$J:$J,"Present"),"") | I15: =IF($A15<>"",COUNTIFS(Attendance_Log!$B:$B,$A15,Attendance_Log!$J:$J,"Late"),"") | J15: =IF($A15<>"",COUNTIFS(Attendance_Log!$B:$B,$A15,Attendance_Log!$J:$J,"Excused"),"") | K15: =IF($A15<>"",COUNTIFS(Attendance_Log!$B:$B,$A15,Attendance_Log!$J:$J,"Absent"),"") | L15: =IF(G15>0,ROUND(((H15+I15+J15)/G15)*100,1),"")
... G1000: =IF($A1000<>"",COUNTIF(Attendance_Log!$B:$B,$A1000),"") | H1000: =IF($A1000<>"",COUNTIFS(Attendance_Log!$B:$B,$A1000,Attendance_Log!$J:$J,"Present"),"") | I1000: =IF($A1000<>"",COUNTIFS(Attendance_Log!$B:$B,$A1000,Attendance_Log!$J:$J,"Late"),"") | J1000: =IF($A1000<>"",COUNTIFS(Attendance_Log!$B:$B,$A1000,Attendance_Log!$J:$J,"Excused"),"") | K1000: =IF($A1000<>"",COUNTIFS(Attendance_Log!$B:$B,$A1000,Attendance_Log!$J:$J,"Absent"),"") | L1000: =IF(G1000>0,ROUND(((H1000+I1000+J1000)/G1000)*100,1),"")

Sheet Instructions
A1: Mentoring Attendance Sheets & Reports – How to Use
A3: 1) Log each participant row in 'Attendance_Log' with Meeting ID, date, mentee, and status (Present/Late/Excused/Absent).
A4: 2) Maintain one Meeting ID per session (e.g., CSE-S1-M1) across all mentee rows for that session.
A5: 3) Use the status drop-down; rows auto-highlight: Green=Present, Yellow=Late, Gray=Excused, Red=Absent.
A6: 4) In 'Meetings', list each Meeting ID once; totals auto-calc from Attendance_Log (Planned/Present/Late/Excused/Absent).
A7: 5) 'Attendance % (Effective)' counts Present + Late + Excused as attended; adjust in SSR narrative if policy differs.
A8: 6) Paste minutes/photos/ERP links in Evidence columns for NBA verification.
A9: 7) Target ≥2–3 meetings/semester/mentor and ≥75–80% attendance; keep minutes signed & dated.
