Workbook

Sheet 6.1.1 Memberships
A1: S.N. | B1: Faculty Name | C1: Society (IEEE/ACM/ISTE/CSI/IET/etc.) | D1: Membership Type (Life/Annual) | E1: Membership ID | F1: Valid Upto (YYYY-MM-DD) | G1: Year (CAY/CAYm1/CAYm2/CAYm3)

Sheet 6.1.2.1 Resource
A1: S.N. | B1: Faculty Name | C1: Event Title | D1: Organizer (Host) | E1: Mode (Online/Offline/Hybrid) | F1: Role (Keynote/Session/Workshop) | G1: Date (YYYY-MM-DD) | H1: Evidence Link | I1: Year

Sheet 6.1.2.2 FDP Partic.
A1: S.N. | B1: Faculty Name | C1: FDP/STTP Title | D1: Organizer (Host) | E1: Duration (Days) | F1: Certification No./ID | G1: Date (End) | H1: Evidence Link | I1: Year

Sheet 6.1.3 MOOC Content
A1: S.N. | B1: Faculty Name | C1: Platform (SWAYAM/NPTEL/etc.) | D1: Course/Module Title | E1: URL | F1: Launch Date | G1: Type (Full Course/Module/E-Content) | H1: Evidence Link | I1: Year

Sheet 6.1.4 MOOC Certs
A1: S.N. | B1: Faculty Name | C1: Platform (SWAYAM/NPTEL/Coursera/etc.) | D1: Course Title | E1: Score/Grade | F1: Certificate ID | G1: Completion Date | H1: Evidence Link | I1: Year

Sheet 6.1.5 Organised
A1: S.N. | B1: Program Type (FDP/STTP) | C1: Program Title | D1: Dates (From-To) | E1: Duration (Days) | F1: Chief Guest/Resource Persons | G1: No. of Participants | H1: Evidence Link | I1: Year

Sheet 6.1.6 Innov Support
A1: S.N. | B1: Faculty Name | C1: Event Category (Hackathon/Ideathon/Research) | D1: Event/Project Name | E1: Role (Mentor/Facilitator/Supervisor) | F1: No. of Students | G1: Outcome (Award/Patent/Startup/Publication/Prototype) | H1: Evidence Link | I1: Year

Sheet 6.1.7 Industry Engg.
A1: S.N. | B1: Faculty Name | C1: Type (Internship/Training/Collaboration) | D1: Industry/Organization | E1: Duration | F1: Activity Description | G1: Outcomes (Publication/Prototype/Startup/Funded Project) | H1: Evidence Link | I1: Year

Sheet Dashboard
A1: NBA Professional Development Activities — Master Dashboard (6.1.1 to 6.1.7)
A2: Sub-Criterion | B2: Metric | C2: Formula/Definition | D2: CAY Total | E2: CAYm1 Total | F2: CAYm2 Total
A3: 6.1.1 Memberships | B3: Total memberships logged | C3: Count of rows per year | D3: =COUNTIF('6.1.1 Memberships'!G2:G1000,"CAY") | E3: =COUNTIF('6.1.1 Memberships'!G2:G1000,"CAYm1") | F3: =COUNTIF('6.1.1 Memberships'!G2:G1000,"CAYm2")
A4: 6.1.2.1 Resource | B4: Total resource-person appearances | C4: Count of rows per year | D4: =COUNTIF('6.1.2.1 Resource'!I2:I1000,"CAY") | E4: =COUNTIF('6.1.2.1 Resource'!I2:I1000,"CAYm1") | F4: =COUNTIF('6.1.2.1 Resource'!I2:I1000,"CAYm2")
A5: 6.1.2.2 FDP Partic. | B5: Total FDP/STTP participations | C5: Count of rows per year | D5: =COUNTIF('6.1.2.2 FDP Partic.'!I2:I1000,"CAY") | E5: =COUNTIF('6.1.2.2 FDP Partic.'!I2:I1000,"CAYm1") | F5: =COUNTIF('6.1.2.2 FDP Partic.'!I2:I1000,"CAYm2")
A6: 6.1.3 MOOC Content | B6: Total MOOC/e-content developed | C6: Count of rows per year | D6: =COUNTIF('6.1.3 MOOC Content'!I2:I1000,"CAY") | E6: =COUNTIF('6.1.3 MOOC Content'!I2:I1000,"CAYm1") | F6: =COUNTIF('6.1.3 MOOC Content'!I2:I1000,"CAYm2")
A7: 6.1.4 MOOC Certs | B7: Total MOOC certifications | C7: Count of rows per year | D7: =COUNTIF('6.1.4 MOOC Certs'!I2:I1000,"CAY") | E7: =COUNTIF('6.1.4 MOOC Certs'!I2:I1000,"CAYm1") | F7: =COUNTIF('6.1.4 MOOC Certs'!I2:I1000,"CAYm2")
A8: 6.1.5 Organised | B8: Programs organized | C8: Count of rows per year | D8: =COUNTIF('6.1.5 Organised'!I2:I1000,"CAY") | E8: =COUNTIF('6.1.5 Organised'!I2:I1000,"CAYm1") | F8: =COUNTIF('6.1.5 Organised'!I2:I1000,"CAYm2")
A9: 6.1.6 Innov Support | B9: Total innovation-support records | C9: Count of rows per year | D9: =COUNTIF('6.1.6 Innov Support'!I2:I1000,"CAY") | E9: =COUNTIF('6.1.6 Innov Support'!I2:I1000,"CAYm1") | F9: =COUNTIF('6.1.6 Innov Support'!I2:I1000,"CAYm2")
A10: 6.1.6 Innov Support | B10: Awards achieved | C10: Count where Outcome = "Award" | D10: =COUNTIFS('6.1.6 Innov Support'!I2:I1000,"CAY",'6.1.6 Innov Support'!G2:G1000,"Award") | E10: =COUNTIFS('6.1.6 Innov Support'!I2:I1000,"CAYm1",'6.1.6 Innov Support'!G2:G1000,"Award") | F10: =COUNTIFS('6.1.6 Innov Support'!I2:I1000,"CAYm2",'6.1.6 Innov Support'!G2:G1000,"Award")
A11: 6.1.6 Innov Support | B11: Patents achieved | C11: Count where Outcome = "Patent" | D11: =COUNTIFS('6.1.6 Innov Support'!I2:I1000,"CAY",'6.1.6 Innov Support'!G2:G1000,"Patent") | E11: =COUNTIFS('6.1.6 Innov Support'!I2:I1000,"CAYm1",'6.1.6 Innov Support'!G2:G1000,"Patent") | F11: =COUNTIFS('6.1.6 Innov Support'!I2:I1000,"CAYm2",'6.1.6 Innov Support'!G2:G1000,"Patent")
A12: 6.1.6 Innov Support | B12: Startups achieved | C12: Count where Outcome = "Startup" | D12: =COUNTIFS('6.1.6 Innov Support'!I2:I1000,"CAY",'6.1.6 Innov Support'!G2:G1000,"Startup") | E12: =COUNTIFS('6.1.6 Innov Support'!I2:I1000,"CAYm1",'6.1.6 Innov Support'!G2:G1000,"Startup") | F12: =COUNTIFS('6.1.6 Innov Support'!I2:I1000,"CAYm2",'6.1.6 Innov Support'!G2:G1000,"Startup")
A13: 6.1.6 Innov Support | B13: Publications achieved | C13: Count where Outcome = "Publication" | D13: =COUNTIFS('6.1.6 Innov Support'!I2:I1000,"CAY",'6.1.6 Innov Support'!G2:G1000,"Publication") | E13: =COUNTIFS('6.1.6 Innov Support'!I2:I1000,"CAYm1",'6.1.6 Innov Support'!G2:G1000,"Publication") | F13: =COUNTIFS('6.1.6 Innov Support'!I2:I1000,"CAYm2",'6.1.6 Innov Support'!G2:G1000,"Publication")
A14: 6.1.6 Innov Support | B14: Prototypes achieved | C14: Count where Outcome = "Prototype" | D14: =COUNTIFS('6.1.6 Innov Support'!I2:I1000,"CAY",'6.1.6 Innov Support'!G2:G1000,"Prototype") | E14: =COUNTIFS('6.1.6 Innov Support'!I2:I1000,"CAYm1",'6.1.6 Innov Support'!G2:G1000,"Prototype") | F14: =COUNTIFS('6.1.6 Innov Support'!I2:I1000,"CAYm2",'6.1.6 Innov Support'!G2:G1000,"Prototype")
A15: 6.1.7 Industry Engg. | B15: Total industry-engagement records | C15: Count of rows per year | D15: =COUNTIF('6.1.7 Industry Engg.'!I2:I1000,"CAY") | E15: =COUNTIF('6.1.7 Industry Engg.'!I2:I1000,"CAYm1") | F15: =COUNTIF('6.1.7 Industry Engg.'!I2:I1000,"CAYm2")
A16: 6.1.7 Industry Engg. | B16: Publications (industry-linked) | C16: Count where Outcomes = "Publication" | D16: =COUNTIFS('6.1.7 Industry Engg.'!I2:I1000,"CAY",'6.1.7 Industry Engg.'!G2:G1000,"Publication") | E16: =COUNTIFS('6.1.7 Industry Engg.'!I2:I1000,"CAYm1",'6.1.7 Industry Engg.'!G2:G1000,"Publication") | F16: =COUNTIFS('6.1.7 Industry Engg.'!I2:I1000,"CAYm2",'6.1.7 Industry Engg.'!G2:G1000,"Publication")
A17: 6.1.7 Industry Engg. | B17: Prototypes (industry-linked) | C17: Count where Outcomes = "Prototype" | D17: =COUNTIFS('6.1.7 Industry Engg.'!I2:I1000,"CAY",'6.1.7 Industry Engg.'!G2:G1000,"Prototype") | E17: =COUNTIFS('6.1.7 Industry Engg.'!I2:I1000,"CAYm1",'6.1.7 Industry Engg.'!G2:G1000,"Prototype") | F17: =COUNTIFS('6.1.7 Industry Engg.'!I2:I1000,"CAYm2",'6.1.7 Industry Engg.'!G2:G1000,"Prototype")
A18: 6.1.7 Industry Engg. | B18: Startups (industry-linked) | C18: Count where Outcomes = "Startup" | D18: =COUNTIFS('6.1.7 Industry Engg.'!I2:I1000,"CAY",'6.1.7 Industry Engg.'!G2:G1000,"Startup") | E18: =COUNTIFS('6.1.7 Industry Engg.'!I2:I1000,"CAYm1",'6.1.7 Industry Engg.'!G2:G1000,"Startup") | F18: =COUNTIFS('6.1.7 Industry Engg.'!I2:I1000,"CAYm2",'6.1.7 Industry Engg.'!G2:G1000,"Startup")
A19: 6.1.7 Industry Engg. | B19: Funded Projects (industry-linked) | C19: Count where Outcomes = "Funded Project" | D19: =COUNTIFS('6.1.7 Industry Engg.'!I2:I1000,"CAY",'6.1.7 Industry Engg.'!G2:G1000,"Funded Project") | E19: =COUNTIFS('6.1.7 Industry Engg.'!I2:I1000,"CAYm1",'6.1.7 Industry Engg.'!G2:G1000,"Funded Project") | F19: =COUNTIFS('6.1.7 Industry Engg.'!I2:I1000,"CAYm2",'6.1.7 Industry Engg.'!G2:G1000,"Funded Project")
