Workbook

Sheet Instructions
A1: Cluster-based SFR Calculator (CSE Department & Allied Clusters)
A3: - Enter program-wise student counts AFTER applying NBA caps (SA + L with L≤10%*SA, capped at 1.1*SA) and excluding SNQ.
A4: - UG1..UG5 are CSE programs under the Department; UG6 (IT) is Allied; PG1 is Department.
A5: - Faculty sheet: enter DF (dept faculty), AF (allied faculty) and FF (100% first-year only) for CAY, CAYm1, CAYm2.
A6: - Summary auto-computes DS, AS, S1..S3, F1..F3, Effective Faculty, SFR1..3, Average SFR, and Marks (out of 30).
A7: - Marks rule: <15→30; 15–25→linear down (30 - 2*(SFR-15)); >25→0.
A8: - Exclude MCA/BCA or non-engineering programs entirely from this workbook.

Sheet Programs
A1: Item | B1: CAY | C1: CAYm1 | D1: CAYm2
A2: UG Programs in Department (CSE cluster)
A3: UG1.B (CSE, 2nd Year)
A4: UG1.C (CSE, 3rd Year)
A5: UG1.D (CSE, 4th Year)
A6: UG1 = B + C + D | B6: =B3+B4+B5 | C6: =C3+C4+C5 | D6: =D3+D4+D5
A7: UG2.B (CSE-AI, 2nd Year)
A8: UG2.C (CSE-AI, 3rd Year)
A9: UG2.D (CSE-AI, 4th Year)
A10: UG2 = B + C + D | B10: =B7+B8+B9 | C10: =C7+C8+C9 | D10: =D7+D8+D9
A11: UG3.B (CSE-AIML, 2nd Year)
A12: UG3.C (CSE-AIML, 3rd Year)
A13: UG3.D (CSE-AIML, 4th Year)
A14: UG3 = B + C + D | B14: =B11+B12+B13 | C14: =C11+C12+C13 | D14: =D11+D12+D13
A15: UG4.B (CSE-CyberSec, 2nd Year)
A16: UG4.C (CSE-CyberSec, 3rd Year)
A17: UG4.D (CSE-CyberSec, 4th Year)
A18: UG4 = B + C + D | B18: =B15+B16+B17 | C18: =C15+C16+C17 | D18: =D15+D16+D17
A19: UG5.B (CSE-DataSci, 2nd Year)
A20: UG5.C (CSE-DataSci, 3rd Year)
A21: UG5.D (CSE-DataSci, 4th Year)
A22: UG5 = B + C + D | B22: =B19+B20+B21 | C22: =C19+C20+C21 | D22: =D19+D20+D21
A23: Allied UG Programs (e.g., Information Technology)
A24: UG6.B (IT, 2nd Year)
A25: UG6.C (IT, 3rd Year)
A26: UG6.D (IT, 4th Year)
A27: UG6 = B + C + D | B27: =B24+B25+B26 | C27: =C24+C25+C26 | D27: =D24+D25+D26
A28: PG Programs in Department
A29: PG1.A (CSE, 1st Year)
A30: PG1.B (CSE, 2nd Year)
A31: PG1 = A + B | B31: =B29+B30 | C31: =C29+C30 | D31: =D29+D30
A32: DS = Total students in Dept (UG1..UG5 + PG1) | B32: =SUM(B6,B10,B14,B18,B22,B31) | C32: =SUM(C6,C10,C14,C18,C22,C31) | D32: =SUM(D6,D10,D14,D18,D22,D31)
A33: AS = Total students in Allied (UG6) | B33: =B27 | C33: =C27 | D33: =D27
A34: S = DS + AS (Total Students) | B34: =B32+B33 | C34: =C32+C33 | D34: =D32+D33

Sheet Faculty
A1: Item | B1: CAY | C1: CAYm1 | D1: CAYm2
A2: DF = Dept Faculty (Full-time; exclude 1st-year-only)
A3: AF = Allied Faculty (Full-time)
A4: F = DF + AF | B4: =B2+B3 | C4: =C2+C3 | D4: =D2+D3
A5: FF = 100% First-Year-only Faculty (to exclude)
A6: Effective Faculty = F − FF | B6: =B4-B5 | C6: =C4-C5 | D6: =D4-D5

Sheet Summary
A1: Metric | B1: CAY | C1: CAYm1 | D1: CAYm2
A2: S = Total Students (linked from Programs) | B2: ='Programs'!B34 | C2: ='Programs'!C34 | D2: ='Programs'!D34
A3: F = Total Faculty (linked from Faculty) | B3: ='Faculty'!B4 | C3: ='Faculty'!C4 | D3: ='Faculty'!D4
A4: FF = First-Year-only Faculty (linked from Faculty) | B4: ='Faculty'!B5 | C4: ='Faculty'!C5 | D4: ='Faculty'!D5
A5: Effective Faculty = F − FF | B5: ='Faculty'!B6 | C5: ='Faculty'!C6 | D5: ='Faculty'!D6
A6: SFR = S / (Effective Faculty) | B6: =IF(B5>0, B2/B5, "") | C6: =IF(C5>0, C2/C5, "") | D6: =IF(D5>0, D2/D5, "")
A7: Average SFR (3-year) | B7: =AVERAGE(B6,C6,D6)
A8: Marks (out of 30) — <15→30; 15–25 linear; >25→0 | B8: =IF(B7="", "", IF(B7<15, 30, IF(B7<=25, 30 - 2*(B7-15), 0)))
