Workbook

Sheet Admission_Base
A1: Year of Entry (Label) | B1: Academic Year (e.g., 2020-21) | C1: N1 (1st Yr admissions, migration adj.) | D1: N2 (Lateral entry) | E1: N3 (Separate division) | F1: N4 (Supernumerary) | G1: N5 (MEES multiple entry) | H1: N6 (MEES multiple exit) | I1: Base Strength (Auto = N1+N2+N3+N4+N5−N6)
A2: CAY | I2: =SUM(C2:G2)-H2 -> 0
A3: CAYm1 | I3: =SUM(C3:G3)-H3 -> 0
A4: CAYm2 | I4: =SUM(C4:G4)-H4 -> 0
A5: CAYm3 | I5: =SUM(C5:G5)-H5 -> 0
A6: CAYm4 (LYG) | I6: =SUM(C6:G6)-H6 -> 0
A7: CAYm5 (LYGm1) | I7: =SUM(C7:G7)-H7 -> 0
A8: CAYm6 (LYGm2) | I8: =SUM(C8:G8)-H8 -> 0

Sheet Graduated_Summary
A1: Year of Entry (Label) | B1: Academic Year (e.g., 2020-21) | C1: Graduated WITHOUT Backlogs | D1: Graduated WITH Backlogs | E1: Total Graduated (Auto)
A2: CAY | E2: =SUM(C2:D2) -> 0
A3: CAYm1 | E3: =SUM(C3:D3) -> 0
A4: CAYm2 | E4: =SUM(C4:D4) -> 0
A5: CAYm3 | E5: =SUM(C5:D5) -> 0
A6: CAYm4 (LYG) | E6: =SUM(C6:D6) -> 0
A7: CAYm5 (LYGm1) | E7: =SUM(C7:D7) -> 0
A8: CAYm6 (LYGm2) | E8: =SUM(C8:D8) -> 0

Sheet Reconciliation
A1: Year of Entry (Label) | B1: Academic Year (auto) | C1: Base Strength (from Admission_Base) | D1: Total Graduated (from Graduated_Summary) | E1: Gap = Base − Graduated (Auto) | F1: Graduation % (Auto) | G1: Flag (Auto) | H1: Remarks (explain gap if any)
A2: CAY | B2: =IFERROR(VLOOKUP(A2,Admission_Base!$A$2:$B$8,2,FALSE),"") -> 0 | C2: =IFERROR(VLOOKUP(A2,Admission_Base!$A$2:$I$8,9,FALSE),"") -> 0 | D2: =IFERROR(VLOOKUP(A2,Graduated_Summary!$A$2:$E$8,5,FALSE),"") -> 0 | E2: =C2-D2 -> 0 | F2: =IFERROR(D2/C2,"") -> 0 | G2: =IF(E2=0,"GREEN",IF(AND(E2>0,E2<=5),"AMBER","RED")) -> 0
A3: CAYm1 | B3: =IFERROR(VLOOKUP(A3,Admission_Base!$A$2:$B$8,2,FALSE),"") -> 0 | C3: =IFERROR(VLOOKUP(A3,Admission_Base!$A$2:$I$8,9,FALSE),"") -> 0 | D3: =IFERROR(VLOOKUP(A3,Graduated_Summary!$A$2:$E$8,5,FALSE),"") -> 0 | E3: =C3-D3 -> 0 | F3: =IFERROR(D3/C3,"") -> 0 | G3: =IF(E3=0,"GREEN",IF(AND(E3>0,E3<=5),"AMBER","RED")) -> 0
A4: CAYm2 | B4: =IFERROR(VLOOKUP(A4,Admission_Base!$A$2:$B$8,2,FALSE),"") -> 0 | C4: =IFERROR(VLOOKUP(A4,Admission_Base!$A$2:$I$8,9,FALSE),"") -> 0 | D4: =IFERROR(VLOOKUP(A4,Graduated_Summary!$A$2:$E$8,5,FALSE),"") -> 0 | E4: =C4-D4 -> 0 | F4: =IFERROR(D4/C4,"") -> 0 | G4: =IF(E4=0,"GREEN",IF(AND(E4>0,E4<=5),"AMBER","RED")) -> 0
A5: CAYm3 | B5: =IFERROR(VLOOKUP(A5,Admission_Base!$A$2:$B$8,2,FALSE),"") -> 0 | C5: =IFERROR(VLOOKUP(A5,Admission_Base!$A$2:$I$8,9,FALSE),"") -> 0 | D5: =IFERROR(VLOOKUP(A5,Graduated_Summary!$A$2:$E$8,5,FALSE),"") -> 0 | E5: =C5-D5 -> 0 | F5: =IFERROR(D5/C5,"") -> 0 | G5: =IF(E5=0,"GREEN",IF(AND(E5>0,E5<=5),"AMBER","RED")) -> 0
A6: CAYm4 (LYG) | B6: =IFERROR(VLOOKUP(A6,Admission_Base!$A$2:$B$8,2,FALSE),"") -> 0 | C6: =IFERROR(VLOOKUP(A6,Admission_Base!$A$2:$I$8,9,FALSE),"") -> 0 | D6: =IFERROR(VLOOKUP(A6,Graduated_Summary!$A$2:$E$8,5,FALSE),"") -> 0 | E6: =C6-D6 -> 0 | F6: =IFERROR(D6/C6,"") -> 0 | G6: =IF(E6=0,"GREEN",IF(AND(E6>0,E6<=5),"AMBER","RED")) -> 0
A7: CAYm5 (LYGm1) | B7: =IFERROR(VLOOKUP(A7,Admission_Base!$A$2:$B$8,2,FALSE),"") -> 0 | C7: =IFERROR(VLOOKUP(A7,Admission_Base!$A$2:$I$8,9,FALSE),"") -> 0 | D7: =IFERROR(VLOOKUP(A7,Graduated_Summary!$A$2:$E$8,5,FALSE),"") -> 0 | E7: =C7-D7 -> 0 | F7: =IFERROR(D7/C7,"") -> 0 | G7: =IF(E7=0,"GREEN",IF(AND(E7>0,E7<=5),"AMBER","RED")) -> 0
A8: CAYm6 (LYGm2) | B8: =IFERROR(VLOOKUP(A8,Admission_Base!$A$2:$B$8,2,FALSE),"") -> 0 | C8: =IFERROR(VLOOKUP(A8,Admission_Base!$A$2:$I$8,9,FALSE),"") -> 0 | D8: =IFERROR(VLOOKUP(A8,Graduated_Summary!$A$2:$E$8,5,FALSE),"") -> 0 | E8: =C8-D8 -> 0 | F8: =IFERROR(D8/C8,"") -> 0 | G8: =IF(E8=0,"GREEN",IF(AND(E8>0,E8<=5),"AMBER","RED")) -> 0

Sheet Exceptions_Log
A1: Year of Entry (Label) | B1: Academic Year (e.g., 2020-21) | C1: Roll No (if applicable) | D1: Student Name | E1: Category | F1: Supporting Document Ref | G1: Remarks

Sheet Docs_Log
A1: Year of Entry (Label) | B1: Document Type (Admission Register / Gazette / Degree Award List / Backlog Records) | C1: File Path or Link | D1: Verified By | E1: Verification Date (YYYY-MM-DD) | F1: Remarks
A2: CAY
A3: CAYm1
A4: CAYm2
A5: CAYm3
A6: CAYm4 (LYG)
A7: CAYm5 (LYGm1)
A8: CAYm6 (LYGm2)

Sheet ReadMe
A1: Instructions
A2: NBA Criterion 4 – Cross-Verification Workbook (Admissions N1–N6 ↔ Graduations)
A4: How to use:
A5: 1) Fill 'Admission_Base' with N1..N6 per Year of Entry (CAY..CAYm6).
A6: - 'Base Strength' auto = N1+N2+N3+N4+N5−N6.
A7: 2) Fill 'Graduated_Summary' with graduates (WITHOUT & WITH backlogs).
A8: - 'Total Graduated' auto = sum of the two.
A9: 3) See 'Reconciliation': Base vs Graduated, Gap, % and a traffic-light Flag.
A10: 4) If 'Gap' ≠ 0, document cases in 'Exceptions_Log' (dropouts, fails, migration out, etc.).
A11: 5) Add proof files in 'Docs_Log' for audit trail (Admission Register, Gazette, Degree Award List, Backlog records).
A13: Notes:
A14: - MEES entries/exits must be entered ONLY in N5/N6; do not merge into N1–N4.
... A16: - Targets: Investigate flags Red/Amber until reconciled to Green.
