Workbook

Sheet Master_Equipment
A1: Equipment ID | B1: Equipment Name | C1: Lab Name | D1: Make/Model | E1: Serial No. | F1: Installation Date | G1: Warranty Expiry | H1: AMC Vendor/Contact | I1: Criticality (High/Med/Low)
A2: EL-OSC-01 | B2: Digital Oscilloscope | C2: Electronics Lab | D2: Tektronix TBS1102B | E2: TX-1102-9876 | F2: 2023-01-10 | G2: 2026-01-09 | H2: ABC Tech: 9876543210 | I2: High
A3: ME-CNC-01 | B3: CNC Milling Trainer | C3: Mechanical Workshop | D3: XYZ CNC-TR | E3: CNC-TR-2231 | F3: 2022-08-05 | G3: 2025-08-04 | H3: MechServe: 9876500011 | I3: High
A4: CS-CPU-01 | B4: GPU Workstation | C4: AI & DS Lab | D4: Dell Precision 7875 | E4: D-7875-5567 | F4: 2024-02-01 | G4: 2027-01-31 | H4: Dell ProSupport: 1800-XXX-XXX | I4: Medium

Sheet Usage_Log
A1: Date | B1: Equipment ID | C1: Start Time | D1: End Time | E1: Hours (Auto) | F1: User/Batch | G1: Purpose/Course
A2: 2025-08-01 | B2: EL-OSC-01 | C2: 09:00 | D2: 11:00 | E2: =(D2-C2)*24 | F2: ECE-A | G2: Digital Electronics Lab
A3: 2025-08-02 | B3: CS-CPU-01 | C3: 14:00 | D3: 17:30 | E3: =(D3-C3)*24 | F3: AIDS-B | G3: Deep Learning Practicum
A4: 2025-08-02 | B4: ME-CNC-01 | C4: 10:00 | D4: 12:30 | E4: =(D4-C4)*24 | F4: ME-A | G4: CNC Machining Exercise

Sheet Service_Log
A1: Date | B1: Equipment ID | C1: Service Type (PM/BD/Calib) | D1: Vendor/Technician | E1: Issue/Observation | F1: Action Taken | G1: Downtime (Hours) | H1: Next Due Date
A2: 2025-07-20 | B2: EL-OSC-01 | C2: Calib | D2: ABC Tech | E2: Annual calibration | F2: Calibrated with cert | G2: 2 | H2: 2026-07-20
A3: 2025-06-10 | B3: ME-CNC-01 | C3: PM | D3: MechServe | E3: Preventive maintenance | F3: Greasing, alignment | G3: 4 | H3: 2025-12-10
A4: 2025-07-15 | B4: CS-CPU-01 | C4: BD | D4: Dell ProSupport | E4: GPU fan failure | F4: Fan replaced | G4: 6

Sheet PM_Schedule
A1: Equipment ID | B1: PM Frequency (Months) | C1: Last Service Date | D1: Next Due (Auto) | E1: Status (Auto)
A2: EL-OSC-01 | B2: 12 | C2: 2025-07-20 | D2: =IF(AND(C2<>"",B2<>""),EDATE(C2,B2),"") | E2: =IF(D2="","",IF(D2<TODAY(),"OVERDUE",IF(D2<=TODAY()+7,"DUE SOON","OK")))
A3: ME-CNC-01 | B3: 6 | C3: 2025-06-10 | D3: =IF(AND(C3<>"",B3<>""),EDATE(C3,B3),"") | E3: =IF(D3="","",IF(D3<TODAY(),"OVERDUE",IF(D3<=TODAY()+7,"DUE SOON","OK")))
A4: CS-CPU-01 | B4: 12 | C4: 2025-07-15 | D4: =IF(AND(C4<>"",B4<>""),EDATE(C4,B4),"") | E4: =IF(D4="","",IF(D4<TODAY(),"OVERDUE",IF(D4<=TODAY()+7,"DUE SOON","OK")))

Sheet Summary
A1: Metric | B1: Value / Formula
A2: Total Equipment | B2: =COUNTA(Master_Equipment!A2:A1000)
A4: Equipment ID | B4: Equipment Name | C4: Utilization Hours (SUM) | D4: Downtime Hours (SUM) | E4: Next PM Due | F4: PM Status
A5: =Master_Equipment!A2 | B5: =Master_Equipment!B2 | C5: =SUMIF(Usage_Log!B:B,A5,Usage_Log!E:E) | D5: =SUMIF(Service_Log!B:B,A5,Service_Log!G:G) | E5: =IFERROR(VLOOKUP(A5,PM_Schedule!A:D,4,FALSE),"") | F5: =IFERROR(VLOOKUP(A5,PM_Schedule!A:E,5,FALSE),"")
A6: =Master_Equipment!A3 | B6: =Master_Equipment!B3 | C6: =SUMIF(Usage_Log!B:B,A6,Usage_Log!E:E) | D6: =SUMIF(Service_Log!B:B,A6,Service_Log!G:G) | E6: =IFERROR(VLOOKUP(A6,PM_Schedule!A:D,4,FALSE),"") | F6: =IFERROR(VLOOKUP(A6,PM_Schedule!A:E,5,FALSE),"")
A7: =Master_Equipment!A4 | B7: =Master_Equipment!B4 | C7: =SUMIF(Usage_Log!B:B,A7,Usage_Log!E:E) | D7: =SUMIF(Service_Log!B:B,A7,Service_Log!G:G) | E7: =IFERROR(VLOOKUP(A7,PM_Schedule!A:D,4,FALSE),"") | F7: =IFERROR(VLOOKUP(A7,PM_Schedule!A:E,5,FALSE),"")
