Workbook

Sheet Batch_Intake
A1: Year of Entry (Label) | B1: Academic Year (e.g., 2024-25) | C1: N1 (1st Yr admissions, migration adjusted) | D1: N2 (Lateral entry to 2nd Yr) | E1: N3 (Separate division, if any) | F1: N4 (Supernumerary: TFWS/EWS/PMSSS) | G1: N5 (MEES multiple entry) | H1: N6 (MEES multiple exit) | I1: Total Students (Auto: N1+N2+N3+N4+N5-N6)
A2: CAY | I2: =SUM(C2:G2)-H2 -> 0
A3: CAYm1 | I3: =SUM(C3:G3)-H3 -> 0
A4: CAYm2 | I4: =SUM(C4:G4)-H4 -> 0
A5: CAYm3 | I5: =SUM(C5:G5)-H5 -> 0
A6: CAYm4 (LYG) | I6: =SUM(C6:G6)-H6 -> 0
A7: CAYm5 (LYGm1) | I7: =SUM(C7:G7)-H7 -> 0
A8: CAYm6 (LYGm2) | I8: =SUM(C8:G8)-H8 -> 0

Sheet Graduation
A1: Year of Entry (Label) | B1: Academic Year (e.g., 2024-25) | C1: Graduated WITHOUT Backlogs | D1: Graduated WITH Backlogs | E1: Total Graduated (Auto) | F1: Graduation Efficiency % (Auto)
A2: CAY | E2: =SUM(C2:D2) -> 0 | F2: =IFERROR(E2/Batch_Intake!I2,"") -> 0
A3: CAYm1 | E3: =SUM(C3:D3) -> 0 | F3: =IFERROR(E3/Batch_Intake!I3,"") -> 0
A4: CAYm2 | E4: =SUM(C4:D4) -> 0 | F4: =IFERROR(E4/Batch_Intake!I4,"") -> 0
A5: CAYm3 | E5: =SUM(C5:D5) -> 0 | F5: =IFERROR(E5/Batch_Intake!I5,"") -> 0
A6: CAYm4 (LYG) | E6: =SUM(C6:D6) -> 0 | F6: =IFERROR(E6/Batch_Intake!I6,"") -> 0
A7: CAYm5 (LYGm1) | E7: =SUM(C7:D7) -> 0 | F7: =IFERROR(E7/Batch_Intake!I7,"") -> 0
A8: CAYm6 (LYGm2) | E8: =SUM(C8:D8) -> 0 | F8: =IFERROR(E8/Batch_Intake!I8,"") -> 0

Sheet Dashboard
A1: Metric | B1: Value (Auto)
A2: Average Graduation Efficiency (LYG..LYGm2) | B2: =IFERROR(AVERAGE(Graduation!F6:F8),"") -> 0
A3: Cohort Size (Sum of Total Students for LYG..LYGm2) | B3: =SUM(Batch_Intake!I6:I8) -> 0
A4: Graduated on time (Sum of Total Graduated for LYG..LYGm2) | B4: =SUM(Graduation!E6:E8) -> 0

Sheet Docs_Log
A1: Year of Entry (Label) | B1: Document Type (Result Gazette / Degree Award List / Backlog Clearance Extract) | C1: File Path or Link | D1: Verified By | E1: Verification Date (YYYY-MM-DD) | F1: Remarks
A2: CAY
A3: CAYm1
A4: CAYm2
A5: CAYm3
A6: CAYm4 (LYG)
A7: CAYm5 (LYGm1)
A8: CAYm6 (LYGm2)

Sheet ReadMe
A1: Instructions
A2: NBA Criterion 4 – Graduation Tracker (Within Stipulated Period)
A4: How to use:
A5: 1) Fill 'Batch_Intake' N1..N6 per Year of Entry (CAY..CAYm6).
A6: - Total Students auto-calculates = N1+N2+N3+N4+N5-N6.
A7: 2) Fill 'Graduation' with counts of students who graduated within the stipulated period:
A8: - Enter counts WITHOUT backlogs and WITH backlogs.
A9: - Total Graduated and Graduation Efficiency % auto-calculate.
A10: 3) 'Dashboard' summarises LYG..LYGm2 key KPIs for NBA reporting.
A11: 4) Log proofs in 'Docs_Log' (university result gazette, degree award lists, backlog clearance records).
A13: Notes:
A14: - Do NOT include MEES entries/exits in N1..N4; use N5/N6 columns for MEES adjustments.
... A16: - For ongoing cohorts (e.g., CAY..CAYm2 in a 4-year UG), leave graduation fields blank until completion.
