Workbook

Sheet MOOCs_EContent_Log
A1: S.N. | B1: Faculty Name | C1: Course / E-Content Title | D1: Platform / Initiative (URL if available) | E1: Platform Category (SWAYAM / SWAYAM Plus / NPTEL / e-PG Pathshala / Virtual Labs / LMS / Other) | F1: Role (Coordinator / Instructor / Content Developer / Reviewer / Editor) | G1: Duration (From – To or Term) | H1: Academic Year Tag (CAY / CAYm1 / CAYm2) | I1: No. of Modules / Videos (Optional) | J1: Approx. Learner Count (Optional) | K1: Evidence Type (URL / Certificate / Zip / Report) | L1: Evidence Link / File Path | M1: Institutional Report Evidence (Y/N + File Link) | N1: Verification Status (Y/N) | O1: Remarks | P1: Institutional Report Evidence (Y/N + File Link) | Q1: Institutional Report (Y/N) [Mirror]
N2: =IF(OR(E2="SWAYAM",E2="SWAYAM Plus",E2="NPTEL",E2="e-PG Pathshala"),"Y","") | O2: =M2
N3: =IF(OR(E3="SWAYAM",E3="SWAYAM Plus",E3="NPTEL",E3="e-PG Pathshala"),"Y","") | O3: =M3
N4: =IF(OR(E4="SWAYAM",E4="SWAYAM Plus",E4="NPTEL",E4="e-PG Pathshala"),"Y","") | O4: =M4
N5: =IF(OR(E5="SWAYAM",E5="SWAYAM Plus",E5="NPTEL",E5="e-PG Pathshala"),"Y","") | O5: =M5
N6: =IF(OR(E6="SWAYAM",E6="SWAYAM Plus",E6="NPTEL",E6="e-PG Pathshala"),"Y","") | O6: =M6
N7: =IF(OR(E7="SWAYAM",E7="SWAYAM Plus",E7="NPTEL",E7="e-PG Pathshala"),"Y","") | O7: =M7
N8: =IF(OR(E8="SWAYAM",E8="SWAYAM Plus",E8="NPTEL",E8="e-PG Pathshala"),"Y","") | O8: =M8
N9: =IF(OR(E9="SWAYAM",E9="SWAYAM Plus",E9="NPTEL",E9="e-PG Pathshala"),"Y","") | O9: =M9
N10: =IF(OR(E10="SWAYAM",E10="SWAYAM Plus",E10="NPTEL",E10="e-PG Pathshala"),"Y","") | O10: =M10
N11: =IF(OR(E11="SWAYAM",E11="SWAYAM Plus",E11="NPTEL",E11="e-PG Pathshala"),"Y","") | O11: =M11
N12: =IF(OR(E12="SWAYAM",E12="SWAYAM Plus",E12="NPTEL",E12="e-PG Pathshala"),"Y","") | O12: =M12
N13: =IF(OR(E13="SWAYAM",E13="SWAYAM Plus",E13="NPTEL",E13="e-PG Pathshala"),"Y","") | O13: =M13
... N101: =IF(OR(E101="SWAYAM",E101="SWAYAM Plus",E101="NPTEL",E101="e-PG Pathshala"),"Y","") | O101: =M101

Sheet Summary
A1: Quick Summary (Counts by Platform Category & Verified Flag)
A3: Platform Category | B3: Count (All) | C3: Count (Verified Y)
A4: SWAYAM | B4: =COUNTIF(MOOCs_EContent_Log!$E$2:$E$101,"SWAYAM") | C4: =COUNTIFS(MOOCs_EContent_Log!$E$2:$E$101,"SWAYAM",MOOCs_EContent_Log!$M$2:$M$101,"Y")
A5: SWAYAM Plus | B5: =COUNTIF(MOOCs_EContent_Log!$E$2:$E$101,"SWAYAM Plus") | C5: =COUNTIFS(MOOCs_EContent_Log!$E$2:$E$101,"SWAYAM Plus",MOOCs_EContent_Log!$M$2:$M$101,"Y")
A6: NPTEL | B6: =COUNTIF(MOOCs_EContent_Log!$E$2:$E$101,"NPTEL") | C6: =COUNTIFS(MOOCs_EContent_Log!$E$2:$E$101,"NPTEL",MOOCs_EContent_Log!$M$2:$M$101,"Y")
A7: e-PG Pathshala | B7: =COUNTIF(MOOCs_EContent_Log!$E$2:$E$101,"e-PG Pathshala") | C7: =COUNTIFS(MOOCs_EContent_Log!$E$2:$E$101,"e-PG Pathshala",MOOCs_EContent_Log!$M$2:$M$101,"Y")
A8: Virtual Labs | B8: =COUNTIF(MOOCs_EContent_Log!$E$2:$E$101,"Virtual Labs") | C8: =COUNTIFS(MOOCs_EContent_Log!$E$2:$E$101,"Virtual Labs",MOOCs_EContent_Log!$M$2:$M$101,"Y")
A9: LMS | B9: =COUNTIF(MOOCs_EContent_Log!$E$2:$E$101,"LMS") | C9: =COUNTIFS(MOOCs_EContent_Log!$E$2:$E$101,"LMS",MOOCs_EContent_Log!$M$2:$M$101,"Y")
A10: Other | B10: =COUNTIF(MOOCs_EContent_Log!$E$2:$E$101,"Other") | C10: =COUNTIFS(MOOCs_EContent_Log!$E$2:$E$101,"Other",MOOCs_EContent_Log!$M$2:$M$101,"Y")
A12: Institutional Report Evidence (Counts)
A13: Entries with Institutional Report = Y | B13: =COUNTIF(MOOCs_EContent_Log!$Q$2:$Q$101,"Y")

Sheet Summary_List
A1: S.N. | B1: Name of the Faculty | C1: Name of the Course Developed | D1: Platform (SWAYAM / SWAYAM Plus / NPTEL / e-PG Pathshala / Other) | E1: Availability (URL / Course Code) | F1: Year of Offering (AY Tag) | G1: Evidence (URL / Certificate / Report) | H1: Verified (Y/N)
A2: =IFERROR(SEQUENCE(COUNTA(B2:B1000)),) | B2: =FILTER(CHOOSE({1,2,3,4,5,6,7},MOOCs_EContent_Log!$B$2:$B$101,MOOCs_EContent_Log!$C$2:$C$101,MOOCs_EContent_Log!$E$2:$E$101,MOOCs_EContent_Log!$D$2:$D$101,MOOCs_EContent_Log!$H$2:$H$101,MOOCs_EContent_Log!$L$2:$L$101,MOOCs_EContent_Log!$N$2:$N$101),(MOOCs_EContent_Log!$M$2:$M$101="Y"),"No MOOC rows found")
A4: Note: Auto-filters rows where Platform Category is SWAYAM / SWAYAM Plus / NPTEL / e-PG Pathshala and displays Verified flag.
