Workbook

Sheet Labs
A1: Lab Name | B1: Available Hours/Week | C1: Seating Capacity
A2: Programming Lab | B2: 40 | C2: 40
A3: Electronics Lab | B3: 40 | C3: 30
A4: AI & DS Lab | B4: 40 | C4: 35
A5: Mechanical Workshop | B5: 40 | C5: 25
A6: Communication Systems Lab | B6: 40 | C6: 30

Sheet Sessions
A1: S. No. | B1: Week No. | C1: Lab | D1: Day | E1: Start Time | F1: End Time | G1: Course | H1: Faculty | I1: Batch/Section | J1: Planned Hours | K1: Available Hours (Auto) | L1: Utilization % (Auto) | M1: Overlap? (Auto)
A2: 1 | B2: 1 | C2: Programming Lab | D2: Mon | E2: 0.375 | F2: 0.45833333 | G2: Data Structures | H2: Dr. Rao | I2: CSE-A | J2: =(F2-E2)*24 | K2: =IFERROR(VLOOKUP(C2,Labs!A:B,2,FALSE),"") | L2: =IFERROR(J2/K2*100,"") | M2: =IF(SUMPRODUCT((C$2:C$7=C2)*(D$2:D$7=D2)*($E$2:$E$7<F2)*($F$2:$F$7>E2))>1,"YES","")
A3: 2 | B3: 1 | C3: Programming Lab | D3: Wed | E3: 0.58333333 | F3: 0.70833333 | G3: DBMS | H3: Ms. Iyer | I3: CSE-B | J3: =(F3-E3)*24 | K3: =IFERROR(VLOOKUP(C3,Labs!A:B,2,FALSE),"") | L3: =IFERROR(J3/K3*100,"") | M3: =IF(SUMPRODUCT((C$2:C$7=C3)*(D$2:D$7=D3)*($E$2:$E$7<F3)*($F$2:$F$7>E3))>1,"YES","")
A4: 3 | B4: 1 | C4: Electronics Lab | D4: Tue | E4: 0.41666667 | F4: 0.5 | G4: Digital Electronics | H4: Mr. Patel | I4: ECE-A | J4: =(F4-E4)*24 | K4: =IFERROR(VLOOKUP(C4,Labs!A:B,2,FALSE),"") | L4: =IFERROR(J4/K4*100,"") | M4: =IF(SUMPRODUCT((C$2:C$7=C4)*(D$2:D$7=D4)*($E$2:$E$7<F4)*($F$2:$F$7>E4))>1,"YES","")
A5: 4 | B5: 1 | C5: AI & DS Lab | D5: Thu | E5: 0.39583333 | F5: 0.52083333 | G5: Machine Learning | H5: Dr. Nair | I5: AIDS-A | J5: =(F5-E5)*24 | K5: =IFERROR(VLOOKUP(C5,Labs!A:B,2,FALSE),"") | L5: =IFERROR(J5/K5*100,"") | M5: =IF(SUMPRODUCT((C$2:C$7=C5)*(D$2:D$7=D5)*($E$2:$E$7<F5)*($F$2:$F$7>E5))>1,"YES","")
A6: 5 | B6: 1 | C6: Mechanical Workshop | D6: Fri | E6: 0.54166667 | F6: 0.66666667 | G6: Manufacturing Processes | H6: Mr. Singh | I6: ME-A | J6: =(F6-E6)*24 | K6: =IFERROR(VLOOKUP(C6,Labs!A:B,2,FALSE),"") | L6: =IFERROR(J6/K6*100,"") | M6: =IF(SUMPRODUCT((C$2:C$7=C6)*(D$2:D$7=D6)*($E$2:$E$7<F6)*($F$2:$F$7>E6))>1,"YES","")
A7: 6 | B7: 1 | C7: Programming Lab | D7: Mon | E7: 0.41666667 | F7: 0.5 | G7: OOPS | H7: Dr. Mehta | I7: CSE-C | J7: =(F7-E7)*24 | K7: =IFERROR(VLOOKUP(C7,Labs!A:B,2,FALSE),"") | L7: =IFERROR(J7/K7*100,"") | M7: =IF(SUMPRODUCT((C$2:C$7=C7)*(D$2:D$7=D7)*($E$2:$E$7<F7)*($F$2:$F$7>E7))>1,"YES","")

Sheet Summary
A1: Metric | B1: Value / Formula
A2: Total Sessions (this file) | B2: =ROWS(Sessions!A2:A7)
A3: Distinct Labs Scheduled | B3: =SUM(IF(FREQUENCY(MATCH(Sessions!C2:C7,Sessions!C2:C7,0),MATCH(Sessions!C2:C7,Sessions!C2:C7,0))>0,1))
A4: Total Planned Hours (All Labs) | B4: =SUM(Sessions!J2:J7)
A6: Lab-wise Summary | B6: Hours Used | C6: Available/Week | D6: Utilization %
A7: Programming Lab | B7: =SUMIF(Sessions!C:C,A7,Sessions!J:J) | C7: =IFERROR(VLOOKUP(A7,Labs!A:B,2,FALSE),0) | D7: =IF(C7>0,B7/C7*100,"")
A8: Electronics Lab | B8: =SUMIF(Sessions!C:C,A8,Sessions!J:J) | C8: =IFERROR(VLOOKUP(A8,Labs!A:B,2,FALSE),0) | D8: =IF(C8>0,B8/C8*100,"")
A9: AI & DS Lab | B9: =SUMIF(Sessions!C:C,A9,Sessions!J:J) | C9: =IFERROR(VLOOKUP(A9,Labs!A:B,2,FALSE),0) | D9: =IF(C9>0,B9/C9*100,"")
A10: Mechanical Workshop | B10: =SUMIF(Sessions!C:C,A10,Sessions!J:J) | C10: =IFERROR(VLOOKUP(A10,Labs!A:B,2,FALSE),0) | D10: =IF(C10>0,B10/C10*100,"")
A11: Communication Systems Lab | B11: =SUMIF(Sessions!C:C,A11,Sessions!J:J) | C11: =IFERROR(VLOOKUP(A11,Labs!A:B,2,FALSE),0) | D11: =IF(C11>0,B11/C11*100,"")
