Workbook

Sheet Master_Log
A1: Faculty Name | B1: Role (Participant / Resource Person) | C1: Event Title (STTP/FDP) | D1: Organized By (External Only) | E1: Location | F1: Year Tag (CAY / CAYm1 / CAYm2) | G1: Date From (dd-mm-yyyy) | H1: Date To (dd-mm-yyyy) | I1: No. of Days | J1: Level (National / International) | K1: Evidence Link / File Ref | L1: Auto Points (Participants only)

Sheet Yearly_Calc
A1: Faculty Name | B1: CAYm1 Points (Raw) | C1: CAYm1 Points (Capped 5) | D1: CAYm2 Points (Raw) | E1: CAYm2 Points (Capped 5) | F1: CAYm3 Points (Raw) | G1: CAYm3 Points (Capped 5)
B2: =IF(A2="","",SUMIFS(Master_Log!$L$2:$L$101, Master_Log!$A$2:$A$101, A2, Master_Log!$F$2:$F$101, "CAYm1")) | C2: =IF(B2="","",MIN(5,B2)) | D2: =IF(A2="","",SUMIFS(Master_Log!$L$2:$L$101, Master_Log!$A$2:$A$101, A2, Master_Log!$F$2:$F$101, "CAYm2")) | E2: =IF(D2="","",MIN(5,D2)) | F2: =IF(A2="","",SUMIFS(Master_Log!$L$2:$L$101, Master_Log!$A$2:$A$101, A2, Master_Log!$F$2:$F$101, "CAYm3")) | G2: =IF(F2="","",MIN(5,F2))
B3: =IF(A3="","",SUMIFS(Master_Log!$L$2:$L$101, Master_Log!$A$2:$A$101, A3, Master_Log!$F$2:$F$101, "CAYm1")) | C3: =IF(B3="","",MIN(5,B3)) | D3: =IF(A3="","",SUMIFS(Master_Log!$L$2:$L$101, Master_Log!$A$2:$A$101, A3, Master_Log!$F$2:$F$101, "CAYm2")) | E3: =IF(D3="","",MIN(5,D3)) | F3: =IF(A3="","",SUMIFS(Master_Log!$L$2:$L$101, Master_Log!$A$2:$A$101, A3, Master_Log!$F$2:$F$101, "CAYm3")) | G3: =IF(F3="","",MIN(5,F3))
B4: =IF(A4="","",SUMIFS(Master_Log!$L$2:$L$101, Master_Log!$A$2:$A$101, A4, Master_Log!$F$2:$F$101, "CAYm1")) | C4: =IF(B4="","",MIN(5,B4)) | D4: =IF(A4="","",SUMIFS(Master_Log!$L$2:$L$101, Master_Log!$A$2:$A$101, A4, Master_Log!$F$2:$F$101, "CAYm2")) | E4: =IF(D4="","",MIN(5,D4)) | F4: =IF(A4="","",SUMIFS(Master_Log!$L$2:$L$101, Master_Log!$A$2:$A$101, A4, Master_Log!$F$2:$F$101, "CAYm3")) | G4: =IF(F4="","",MIN(5,F4))
B5: =IF(A5="","",SUMIFS(Master_Log!$L$2:$L$101, Master_Log!$A$2:$A$101, A5, Master_Log!$F$2:$F$101, "CAYm1")) | C5: =IF(B5="","",MIN(5,B5)) | D5: =IF(A5="","",SUMIFS(Master_Log!$L$2:$L$101, Master_Log!$A$2:$A$101, A5, Master_Log!$F$2:$F$101, "CAYm2")) | E5: =IF(D5="","",MIN(5,D5)) | F5: =IF(A5="","",SUMIFS(Master_Log!$L$2:$L$101, Master_Log!$A$2:$A$101, A5, Master_Log!$F$2:$F$101, "CAYm3")) | G5: =IF(F5="","",MIN(5,F5))
B6: =IF(A6="","",SUMIFS(Master_Log!$L$2:$L$101, Master_Log!$A$2:$A$101, A6, Master_Log!$F$2:$F$101, "CAYm1")) | C6: =IF(B6="","",MIN(5,B6)) | D6: =IF(A6="","",SUMIFS(Master_Log!$L$2:$L$101, Master_Log!$A$2:$A$101, A6, Master_Log!$F$2:$F$101, "CAYm2")) | E6: =IF(D6="","",MIN(5,D6)) | F6: =IF(A6="","",SUMIFS(Master_Log!$L$2:$L$101, Master_Log!$A$2:$A$101, A6, Master_Log!$F$2:$F$101, "CAYm3")) | G6: =IF(F6="","",MIN(5,F6))
B7: =IF(A7="","",SUMIFS(Master_Log!$L$2:$L$101, Master_Log!$A$2:$A$101, A7, Master_Log!$F$2:$F$101, "CAYm1")) | C7: =IF(B7="","",MIN(5,B7)) | D7: =IF(A7="","",SUMIFS(Master_Log!$L$2:$L$101, Master_Log!$A$2:$A$101, A7, Master_Log!$F$2:$F$101, "CAYm2")) | E7: =IF(D7="","",MIN(5,D7)) | F7: =IF(A7="","",SUMIFS(Master_Log!$L$2:$L$101, Master_Log!$A$2:$A$101, A7, Master_Log!$F$2:$F$101, "CAYm3")) | G7: =IF(F7="","",MIN(5,F7))
B8: =IF(A8="","",SUMIFS(Master_Log!$L$2:$L$101, Master_Log!$A$2:$A$101, A8, Master_Log!$F$2:$F$101, "CAYm1")) | C8: =IF(B8="","",MIN(5,B8)) | D8: =IF(A8="","",SUMIFS(Master_Log!$L$2:$L$101, Master_Log!$A$2:$A$101, A8, Master_Log!$F$2:$F$101, "CAYm2")) | E8: =IF(D8="","",MIN(5,D8)) | F8: =IF(A8="","",SUMIFS(Master_Log!$L$2:$L$101, Master_Log!$A$2:$A$101, A8, Master_Log!$F$2:$F$101, "CAYm3")) | G8: =IF(F8="","",MIN(5,F8))
B9: =IF(A9="","",SUMIFS(Master_Log!$L$2:$L$101, Master_Log!$A$2:$A$101, A9, Master_Log!$F$2:$F$101, "CAYm1")) | C9: =IF(B9="","",MIN(5,B9)) | D9: =IF(A9="","",SUMIFS(Master_Log!$L$2:$L$101, Master_Log!$A$2:$A$101, A9, Master_Log!$F$2:$F$101, "CAYm2")) | E9: =IF(D9="","",MIN(5,D9)) | F9: =IF(A9="","",SUMIFS(Master_Log!$L$2:$L$101, Master_Log!$A$2:$A$101, A9, Master_Log!$F$2:$F$101, "CAYm3")) | G9: =IF(F9="","",MIN(5,F9))
B10: =IF(A10="","",SUMIFS(Master_Log!$L$2:$L$101, Master_Log!$A$2:$A$101, A10, Master_Log!$F$2:$F$101, "CAYm1")) | C10: =IF(B10="","",MIN(5,B10)) | D10: =IF(A10="","",SUMIFS(Master_Log!$L$2:$L$101, Master_Log!$A$2:$A$101, A10, Master_Log!$F$2:$F$101, "CAYm2")) | E10: =IF(D10="","",MIN(5,D10)) | F10: =IF(A10="","",SUMIFS(Master_Log!$L$2:$L$101, Master_Log!$A$2:$A$101, A10, Master_Log!$F$2:$F$101, "CAYm3")) | G10: =IF(F10="","",MIN(5,F10))
B11: =IF(A11="","",SUMIFS(Master_Log!$L$2:$L$101, Master_Log!$A$2:$A$101, A11, Master_Log!$F$2:$F$101, "CAYm1")) | C11: =IF(B11="","",MIN(5,B11)) | D11: =IF(A11="","",SUMIFS(Master_Log!$L$2:$L$101, Master_Log!$A$2:$A$101, A11, Master_Log!$F$2:$F$101, "CAYm2")) | E11: =IF(D11="","",MIN(5,D11)) | F11: =IF(A11="","",SUMIFS(Master_Log!$L$2:$L$101, Master_Log!$A$2:$A$101, A11, Master_Log!$F$2:$F$101, "CAYm3")) | G11: =IF(F11="","",MIN(5,F11))
B12: =IF(A12="","",SUMIFS(Master_Log!$L$2:$L$101, Master_Log!$A$2:$A$101, A12, Master_Log!$F$2:$F$101, "CAYm1")) | C12: =IF(B12="","",MIN(5,B12)) | D12: =IF(A12="","",SUMIFS(Master_Log!$L$2:$L$101, Master_Log!$A$2:$A$101, A12, Master_Log!$F$2:$F$101, "CAYm2")) | E12: =IF(D12="","",MIN(5,D12)) | F12: =IF(A12="","",SUMIFS(Master_Log!$L$2:$L$101, Master_Log!$A$2:$A$101, A12, Master_Log!$F$2:$F$101, "CAYm3")) | G12: =IF(F12="","",MIN(5,F12))
B13: =IF(A13="","",SUMIFS(Master_Log!$L$2:$L$101, Master_Log!$A$2:$A$101, A13, Master_Log!$F$2:$F$101, "CAYm1")) | C13: =IF(B13="","",MIN(5,B13)) | D13: =IF(A13="","",SUMIFS(Master_Log!$L$2:$L$101, Master_Log!$A$2:$A$101, A13, Master_Log!$F$2:$F$101, "CAYm2")) | E13: =IF(D13="","",MIN(5,D13)) | F13: =IF(A13="","",SUMIFS(Master_Log!$L$2:$L$101, Master_Log!$A$2:$A$101, A13, Master_Log!$F$2:$F$101, "CAYm3")) | G13: =IF(F13="","",MIN(5,F13))
... B101: =IF(A101="","",SUMIFS(Master_Log!$L$2:$L$101, Master_Log!$A$2:$A$101, A101, Master_Log!$F$2:$F$101, "CAYm1")) | C101: =IF(B101="","",MIN(5,B101)) | D101: =IF(A101="","",SUMIFS(Master_Log!$L$2:$L$101, Master_Log!$A$2:$A$101, A101, Master_Log!$F$2:$F$101, "CAYm2")) | E101: =IF(D101="","",MIN(5,D101)) | F101: =IF(A101="","",SUMIFS(Master_Log!$L$2:$L$101, Master_Log!$A$2:$A$101, A101, Master_Log!$F$2:$F$101, "CAYm3")) | G101: =IF(F101="","",MIN(5,F101))
A102: Totals | B102: =COUNTIF(C2:C101,">0") | C102: =SUM(C2:C101) | D102: =COUNTIF(E2:E101,">0") | E102: =SUM(E2:E101) | F102: =COUNTIF(G2:G101,">0") | G102: =SUM(G2:G101)

Sheet Summary_10_Marks
A1: Inputs & Computations for NBA (10 marks = 5 Resource + 5 Participation)
A3: Department Students (DS) | B3: RDF = CEILING(DS/20) | C3: Sum of Capped Points (Participants) | D3: AP = MIN(5, Sum/(0.5*RDF))
A4: CAYm1 (DS_1) | B4: =CEILING(A4/20,1) | C4: =Yearly_Calc!C102 | D4: =MIN(5,IF(B4=0,0,C4/(0.5*B4)))
A5: CAYm2 (DS_2) | B5: =CEILING(A5/20,1) | C5: =Yearly_Calc!E102 | D5: =MIN(5,IF(B5=0,0,C5/(0.5*B5)))
A6: CAYm3 (DS_3) | B6: =CEILING(A6/20,1) | C6: =Yearly_Calc!G102 | D6: =MIN(5,IF(B6=0,0,C6/(0.5*B6)))
C8: Average AP (Participants, capped at 5) | D8: =MIN(5,AVERAGE(D4:D6))
A10: Resource Person Events (quick counters)
A11: Count of rows marked 'Resource Person' in Master_Log | B11: =COUNTIF(Master_Log!$B$2:$B$101,"Resource Person")
A13: Notes:
A14: 1) Only EXTERNAL programs count (exclude parent institute).
A15: 2) Participant points: 2–5 days=3; >5 days=5; per faculty per year capped at 5.
A16: 3) Summary uses capped participant points for AP computation.
