Workbook

Sheet Patents
A1: S.N. | B1: Faculty Inventor(s) | C1: Title | D1: Application No. | E1: Publication No. | F1: Publication Date | G1: Grant No. | H1: Grant Date | I1: Jurisdiction (IN/US/EU/PCT) | J1: Assignee/Applicant | K1: IPC/CPC | L1: Status (Published/Granted) | M1: Year Tag (CAY/CAYm1/CAYm2/CAYm3) | N1: Official Link (IPO/USPTO/EPO/WIPO)

Sheet Models & Prototypes
A1: S.N. | B1: Faculty Lead(s) | C1: Title | D1: Type (Model/Prototype) | E1: Domain | F1: TRL (1–9) | G1: Key Specs / Tests Passed | H1: Validation / Partner | I1: Outcome (Award/Pilot/Showcase/Patent Filed/Startup/None) | J1: Evidence Link (Report/Video/Photos/Git) | K1: Year Tag (CAY/CAYm1/CAYm2/CAYm3)

Sheet Summary
A1: Metric | B1: Definition | C1: CAY | D1: CAYm1 | E1: CAYm2 | F1: CAYm3
A2: Patents — Published | B2: Count of patent publications by Year Tag | C2: =COUNTIFS(Patents!M2:M1000,"CAY",Patents!L2:L1000,"Published") | D2: =COUNTIFS(Patents!M2:M1000,"CAYm1",Patents!L2:L1000,"Published") | E2: =COUNTIFS(Patents!M2:M1000,"CAYm2",Patents!L2:L1000,"Published") | F2: =COUNTIFS(Patents!M2:M1000,"CAYm3",Patents!L2:L1000,"Published")
A3: Patents — Granted | B3: Count of patent grants by Year Tag | C3: =COUNTIFS(Patents!M2:M1000,"CAY",Patents!L2:L1000,"Granted") | D3: =COUNTIFS(Patents!M2:M1000,"CAYm1",Patents!L2:L1000,"Granted") | E3: =COUNTIFS(Patents!M2:M1000,"CAYm2",Patents!L2:L1000,"Granted") | F3: =COUNTIFS(Patents!M2:M1000,"CAYm3",Patents!L2:L1000,"Granted")
A4: Models — Total | B4: Entries with Type = "Model" by Year Tag | C4: =COUNTIFS('Models & Prototypes'!K2:K1000,"CAY",'Models & Prototypes'!D2:D1000,"Model") | D4: =COUNTIFS('Models & Prototypes'!K2:K1000,"CAYm1",'Models & Prototypes'!D2:D1000,"Model") | E4: =COUNTIFS('Models & Prototypes'!K2:K1000,"CAYm2",'Models & Prototypes'!D2:D1000,"Model") | F4: =COUNTIFS('Models & Prototypes'!K2:K1000,"CAYm3",'Models & Prototypes'!D2:D1000,"Model")
A5: Prototypes — Total | B5: Entries with Type = "Prototype" by Year Tag | C5: =COUNTIFS('Models & Prototypes'!K2:K1000,"CAY",'Models & Prototypes'!D2:D1000,"Prototype") | D5: =COUNTIFS('Models & Prototypes'!K2:K1000,"CAYm1",'Models & Prototypes'!D2:D1000,"Prototype") | E5: =COUNTIFS('Models & Prototypes'!K2:K1000,"CAYm2",'Models & Prototypes'!D2:D1000,"Prototype") | F5: =COUNTIFS('Models & Prototypes'!K2:K1000,"CAYm3",'Models & Prototypes'!D2:D1000,"Prototype")
A6: Prototype Outcomes — Award | B6: Prototypes with Outcome = "Award" by Year Tag | C6: =COUNTIFS('Models & Prototypes'!K2:K1000,"CAY",'Models & Prototypes'!D2:D1000,"Prototype",'Models & Prototypes'!I2:I1000,"Award") | D6: =COUNTIFS('Models & Prototypes'!K2:K1000,"CAYm1",'Models & Prototypes'!D2:D1000,"Prototype",'Models & Prototypes'!I2:I1000,"Award") | E6: =COUNTIFS('Models & Prototypes'!K2:K1000,"CAYm2",'Models & Prototypes'!D2:D1000,"Prototype",'Models & Prototypes'!I2:I1000,"Award") | F6: =COUNTIFS('Models & Prototypes'!K2:K1000,"CAYm3",'Models & Prototypes'!D2:D1000,"Prototype",'Models & Prototypes'!I2:I1000,"Award")
A7: Prototype Outcomes — Pilot | B7: Prototypes with Outcome = "Pilot" by Year Tag | C7: =COUNTIFS('Models & Prototypes'!K2:K1000,"CAY",'Models & Prototypes'!D2:D1000,"Prototype",'Models & Prototypes'!I2:I1000,"Pilot") | D7: =COUNTIFS('Models & Prototypes'!K2:K1000,"CAYm1",'Models & Prototypes'!D2:D1000,"Prototype",'Models & Prototypes'!I2:I1000,"Pilot") | E7: =COUNTIFS('Models & Prototypes'!K2:K1000,"CAYm2",'Models & Prototypes'!D2:D1000,"Prototype",'Models & Prototypes'!I2:I1000,"Pilot") | F7: =COUNTIFS('Models & Prototypes'!K2:K1000,"CAYm3",'Models & Prototypes'!D2:D1000,"Prototype",'Models & Prototypes'!I2:I1000,"Pilot")
A8: Prototype Outcomes — Showcase | B8: Prototypes with Outcome = "Showcase" by Year Tag | C8: =COUNTIFS('Models & Prototypes'!K2:K1000,"CAY",'Models & Prototypes'!D2:D1000,"Prototype",'Models & Prototypes'!I2:I1000,"Showcase") | D8: =COUNTIFS('Models & Prototypes'!K2:K1000,"CAYm1",'Models & Prototypes'!D2:D1000,"Prototype",'Models & Prototypes'!I2:I1000,"Showcase") | E8: =COUNTIFS('Models & Prototypes'!K2:K1000,"CAYm2",'Models & Prototypes'!D2:D1000,"Prototype",'Models & Prototypes'!I2:I1000,"Showcase") | F8: =COUNTIFS('Models & Prototypes'!K2:K1000,"CAYm3",'Models & Prototypes'!D2:D1000,"Prototype",'Models & Prototypes'!I2:I1000,"Showcase")
A9: Prototype Outcomes — Patent Filed | B9: Prototypes with Outcome = "Patent Filed" by Year Tag | C9: =COUNTIFS('Models & Prototypes'!K2:K1000,"CAY",'Models & Prototypes'!D2:D1000,"Prototype",'Models & Prototypes'!I2:I1000,"Patent Filed") | D9: =COUNTIFS('Models & Prototypes'!K2:K1000,"CAYm1",'Models & Prototypes'!D2:D1000,"Prototype",'Models & Prototypes'!I2:I1000,"Patent Filed") | E9: =COUNTIFS('Models & Prototypes'!K2:K1000,"CAYm2",'Models & Prototypes'!D2:D1000,"Prototype",'Models & Prototypes'!I2:I1000,"Patent Filed") | F9: =COUNTIFS('Models & Prototypes'!K2:K1000,"CAYm3",'Models & Prototypes'!D2:D1000,"Prototype",'Models & Prototypes'!I2:I1000,"Patent Filed")
A10: Prototype Outcomes — Startup | B10: Prototypes with Outcome = "Startup" by Year Tag | C10: =COUNTIFS('Models & Prototypes'!K2:K1000,"CAY",'Models & Prototypes'!D2:D1000,"Prototype",'Models & Prototypes'!I2:I1000,"Startup") | D10: =COUNTIFS('Models & Prototypes'!K2:K1000,"CAYm1",'Models & Prototypes'!D2:D1000,"Prototype",'Models & Prototypes'!I2:I1000,"Startup") | E10: =COUNTIFS('Models & Prototypes'!K2:K1000,"CAYm2",'Models & Prototypes'!D2:D1000,"Prototype",'Models & Prototypes'!I2:I1000,"Startup") | F10: =COUNTIFS('Models & Prototypes'!K2:K1000,"CAYm3",'Models & Prototypes'!D2:D1000,"Prototype",'Models & Prototypes'!I2:I1000,"Startup")
A11: Prototype Outcomes — None | B11: Prototypes with Outcome = "None" by Year Tag | C11: =COUNTIFS('Models & Prototypes'!K2:K1000,"CAY",'Models & Prototypes'!D2:D1000,"Prototype",'Models & Prototypes'!I2:I1000,"None") | D11: =COUNTIFS('Models & Prototypes'!K2:K1000,"CAYm1",'Models & Prototypes'!D2:D1000,"Prototype",'Models & Prototypes'!I2:I1000,"None") | E11: =COUNTIFS('Models & Prototypes'!K2:K1000,"CAYm2",'Models & Prototypes'!D2:D1000,"Prototype",'Models & Prototypes'!I2:I1000,"None") | F11: =COUNTIFS('Models & Prototypes'!K2:K1000,"CAYm3",'Models & Prototypes'!D2:D1000,"Prototype",'Models & Prototypes'!I2:I1000,"None")
