Workbook

Sheet NBA_Table
A1: Year Label | B1: Academic Year (e.g., 2024-25) | C1: N (Sanctioned Intake) | D1: N1 (1st Year, adj. migration) | E1: N2 (Lateral Entry, 2nd Year) | F1: N3 (Separate Division, if any) | G1: N4 (Supernumerary: TFWS/EWS/PMSSS) | H1: Total Admissions (Auto) | I1: Utilisation % (Auto) | J1: Enter N, N1–N4. MEES/ABC excluded.
A2: CAY | H2: =SUM(D2:G2) -> 0 | I2: =IFERROR(H2/C2,"") -> 0
A3: CAYm1 | H3: =SUM(D3:G3) -> 0 | I3: =IFERROR(H3/C3,"") -> 0
A4: CAYm2 | H4: =SUM(D4:G4) -> 0 | I4: =IFERROR(H4/C4,"") -> 0
A5: CAYm3 | H5: =SUM(D5:G5) -> 0 | I5: =IFERROR(H5/C5,"") -> 0
A6: CAYm4 (LYG) | H6: =SUM(D6:G6) -> 0 | I6: =IFERROR(H6/C6,"") -> 0
A7: CAYm5 (LYGm1) | H7: =SUM(D7:G7) -> 0 | I7: =IFERROR(H7/C7,"") -> 0
A8: CAYm6 (LYGm2) | H8: =SUM(D8:G8) -> 0 | I8: =IFERROR(H8/C8,"") -> 0

Sheet Checks
A1: Metric | B1: Value (Auto)
A2: Seat Utilisation % (CAY) | B2: =NBA_Table!I2 -> 0
A3: Seat Utilisation % (CAYm1) | B3: =NBA_Table!I3 -> 0
A4: Seat Utilisation % (CAYm2) | B4: =NBA_Table!I4 -> 0
A5: Seat Utilisation % (CAYm3) | B5: =NBA_Table!I5 -> 0
A6: Seat Utilisation % (CAYm4/LYG) | B6: =NBA_Table!I6 -> 0
A7: Seat Utilisation % (CAYm5/LYGm1) | B7: =NBA_Table!I7 -> 0
A8: Seat Utilisation % (CAYm6/LYGm2) | B8: =IFERROR(SUM(NBA_Table!D2:D4)/SUM(NBA_Table!C2:C4),0) -> 0
A9: 3-year Enrolment Ratio (uses N1 for CAY..CAYm2)

Sheet Docs_Log
A1: Year Label | B1: Document Type (AICTE Approval / Admission List / Migration In / Migration Out / Lateral Entry / Supernumerary Approval / MEES Exclusion Note) | C1: File Path or Link | D1: Verified By | E1: Verification Date (YYYY-MM-DD) | F1: Remarks
A2: CAY
A3: CAYm1
A4: CAYm2
A5: CAYm3
A6: CAYm4 (LYG)
A7: CAYm5 (LYGm1)
A8: CAYm6 (LYGm2)

Sheet ReadMe
A1: Instructions
A2: NBA Criterion 4 – Admissions Template (Ready-to-Use)
A4: How to use:
A5: 1) On the 'NBA_Table' sheet, fill columns: Academic Year, N, N1, N2, N3 (if any), N4.
A6: - Exclude all Multiple Entry–Exit System (MEES/ABC) students from N1–N4.
A7: 2) 'Total Admissions' and 'Utilisation %' are auto-calculated.
A8: 3) On the 'Checks' sheet, the 3-year Enrolment Ratio (CAY..CAYm2) is auto-calculated from N1 and N.
A9: 4) Use 'Docs_Log' to track evidence (AICTE approvals, admission lists, lateral entry rosters, supernumerary approvals, MEES exclusion note).
A11: Column notes (NBA_Table):
A12: - N: Sanctioned intake approved by AICTE/competent authority for that year.
A13: - N1: 1st-year admissions adjusted for migration (admitted − migrated out + migrated in).
A14: - N2: Lateral entry admitted directly into 2nd year (incl. allowed leftover fills).
... A20: Tip: If sanctioned intake (N) changes year-wise, enter the exact AICTE-approved N for each row.
