Workbook

Sheet Instructions
A1: Payroll Tracker — NBA Accreditation (Faculty Employment Evidence)
A3: - Use 'Staff_Master' to maintain faculty list (Name, EmpID, Dept, DOJ, Status).
A4: - Record monthly payments in 'Payroll_Register'. Net Pay and monthly/yearly totals are auto-calculated.
A5: - Attach proof: Bank/ECS ref, payslip ID, or document link in the 'Proof_ID_or_Link' column.
A6: - Use filters on headers to view CAY / CAYm1 / CAYm2 (set 'Year' appropriately).
A7: - 'Summary' shows Year-wise totals by Month and by Faculty using SUMIF/SUMIFS.
A8: - Keep at least 3 months’ records for each faculty per NBA year. Export to PDF for audit if needed.

Sheet Staff_Master
A1: Emp_ID | B1: Faculty_Name | C1: Department | D1: Designation | E1: Employment_Type (Regular/Contractual_FT) | F1: Date_of_Joining | G1: Date_of_Relieving | H1: Active (Yes/No) | I1: Bank_Account_Last4 | J1: Remarks
A2: EMP001 | B2: Dr. A.B. XYZ | C2: CSE | D2: Professor | E2: Regular | F2: 2020-07-01 | H2: Yes | I2: 1234
A3: EMP002 | B3: Ms. C.D. PQR | C3: CSE-AI | D3: Assistant Professor | E3: Regular | F3: 2021-08-15 | H3: Yes | I3: 5678
A4: EMP003 | B4: Mr. E.F. LMN | C4: IT (Allied) | D4: Assistant Professor | E4: Contractual_FT | F4: 2021-09-20 | H4: Yes | I4: 9012

Sheet Payroll_Register
A1: Date | B1: Month | C1: Year | D1: Emp_ID | E1: Faculty_Name | F1: Department | G1: Designation | H1: Employment_Type | I1: Gross_Pay | J1: EPF | K1: ESI | L1: TDS | M1: Other_Deductions | N1: Total_Deductions | O1: Net_Pay | P1: Payment_Mode | Q1: Proof_ID_or_Link | R1: Remarks
A2: 2025-07-31 | B2: Jul | C2: 2025 | D2: EMP001 | E2: Dr. A.B. XYZ | F2: CSE | G2: Professor | H2: Regular | I2: 120000 | J2: 15000 | K2: 0 | L2: 0 | M2: 0 | N2: =SUM(J2:M2) | O2: =I2-N2 | P2: Bank Transfer | Q2: ECS#789654 | R2: Paid
A3: 2025-07-31 | B3: Jul | C3: 2025 | D3: EMP002 | E3: Ms. C.D. PQR | F3: CSE-AI | G3: Assistant Professor | H3: Regular | I3: 65000 | J3: 8000 | K3: 0 | L3: 0 | M3: 0 | N3: =SUM(J3:M3) | O3: =I3-N3 | P3: Bank Transfer | Q3: ECS#789655 | R3: Paid
A4: 2025-07-31 | B4: Jul | C4: 2025 | D4: EMP003 | E4: Mr. E.F. LMN | F4: IT (Allied) | G4: Assistant Professor | H4: Contractual_FT | I4: 58000 | J4: 7500 | K4: 0 | L4: 0 | M4: 0 | N4: =SUM(J4:M4) | O4: =I4-N4 | P4: Bank Transfer | Q4: ECS#789656 | R4: Paid

Sheet Summary
A1: Metric | B1: CAY | C1: CAYm1 | D1: CAYm2
A2: Yearly Totals by Month (select via 'Year' in Payroll_Register)
A3: Month | B3: Gross_Total | C3: Deductions_Total | D3: Net_Total
A4: Jan | B4: =SUMIFS(Payroll_Register!I:I, Payroll_Register!B:B, A4, Payroll_Register!C:C, "2025") | C4: =SUMIFS(Payroll_Register!N:N, Payroll_Register!B:B, A4, Payroll_Register!C:C, "2025") | D4: =SUMIFS(Payroll_Register!O:O, Payroll_Register!B:B, A4, Payroll_Register!C:C, "2025")
A5: Feb | B5: =SUMIFS(Payroll_Register!I:I, Payroll_Register!B:B, A5, Payroll_Register!C:C, "2025") | C5: =SUMIFS(Payroll_Register!N:N, Payroll_Register!B:B, A5, Payroll_Register!C:C, "2025") | D5: =SUMIFS(Payroll_Register!O:O, Payroll_Register!B:B, A5, Payroll_Register!C:C, "2025")
A6: Mar | B6: =SUMIFS(Payroll_Register!I:I, Payroll_Register!B:B, A6, Payroll_Register!C:C, "2025") | C6: =SUMIFS(Payroll_Register!N:N, Payroll_Register!B:B, A6, Payroll_Register!C:C, "2025") | D6: =SUMIFS(Payroll_Register!O:O, Payroll_Register!B:B, A6, Payroll_Register!C:C, "2025")
A7: Apr | B7: =SUMIFS(Payroll_Register!I:I, Payroll_Register!B:B, A7, Payroll_Register!C:C, "2025") | C7: =SUMIFS(Payroll_Register!N:N, Payroll_Register!B:B, A7, Payroll_Register!C:C, "2025") | D7: =SUMIFS(Payroll_Register!O:O, Payroll_Register!B:B, A7, Payroll_Register!C:C, "2025")
A8: May | B8: =SUMIFS(Payroll_Register!I:I, Payroll_Register!B:B, A8, Payroll_Register!C:C, "2025") | C8: =SUMIFS(Payroll_Register!N:N, Payroll_Register!B:B, A8, Payroll_Register!C:C, "2025") | D8: =SUMIFS(Payroll_Register!O:O, Payroll_Register!B:B, A8, Payroll_Register!C:C, "2025")
A9: Jun | B9: =SUMIFS(Payroll_Register!I:I, Payroll_Register!B:B, A9, Payroll_Register!C:C, "2025") | C9: =SUMIFS(Payroll_Register!N:N, Payroll_Register!B:B, A9, Payroll_Register!C:C, "2025") | D9: =SUMIFS(Payroll_Register!O:O, Payroll_Register!B:B, A9, Payroll_Register!C:C, "2025")
A10: Jul | B10: =SUMIFS(Payroll_Register!I:I, Payroll_Register!B:B, A10, Payroll_Register!C:C, "2025") | C10: =SUMIFS(Payroll_Register!N:N, Payroll_Register!B:B, A10, Payroll_Register!C:C, "2025") | D10: =SUMIFS(Payroll_Register!O:O, Payroll_Register!B:B, A10, Payroll_Register!C:C, "2025")
A11: Aug | B11: =SUMIFS(Payroll_Register!I:I, Payroll_Register!B:B, A11, Payroll_Register!C:C, "2025") | C11: =SUMIFS(Payroll_Register!N:N, Payroll_Register!B:B, A11, Payroll_Register!C:C, "2025") | D11: =SUMIFS(Payroll_Register!O:O, Payroll_Register!B:B, A11, Payroll_Register!C:C, "2025")
A12: Sep | B12: =SUMIFS(Payroll_Register!I:I, Payroll_Register!B:B, A12, Payroll_Register!C:C, "2025") | C12: =SUMIFS(Payroll_Register!N:N, Payroll_Register!B:B, A12, Payroll_Register!C:C, "2025") | D12: =SUMIFS(Payroll_Register!O:O, Payroll_Register!B:B, A12, Payroll_Register!C:C, "2025")
A13: Oct | B13: =SUMIFS(Payroll_Register!I:I, Payroll_Register!B:B, A13, Payroll_Register!C:C, "2025") | C13: =SUMIFS(Payroll_Register!N:N, Payroll_Register!B:B, A13, Payroll_Register!C:C, "2025") | D13: =SUMIFS(Payroll_Register!O:O, Payroll_Register!B:B, A13, Payroll_Register!C:C, "2025")
A14: Nov | B14: =SUMIFS(Payroll_Register!I:I, Payroll_Register!B:B, A14, Payroll_Register!C:C, "2025") | C14: =SUMIFS(Payroll_Register!N:N, Payroll_Register!B:B, A14, Payroll_Register!C:C, "2025") | D14: =SUMIFS(Payroll_Register!O:O, Payroll_Register!B:B, A14, Payroll_Register!C:C, "2025")
A15: Dec | B15: =SUMIFS(Payroll_Register!I:I, Payroll_Register!B:B, A15, Payroll_Register!C:C, "2025") | C15: =SUMIFS(Payroll_Register!N:N, Payroll_Register!B:B, A15, Payroll_Register!C:C, "2025") | D15: =SUMIFS(Payroll_Register!O:O, Payroll_Register!B:B, A15, Payroll_Register!C:C, "2025")
A16: Year Total (CAY=2025) | B16: =SUM(B4:B15) | C16: =SUM(C4:C15) | D16: =SUM(D4:D15)

Sheet Notes
A1: How to get CAY/CAYm1/CAYm2 totals:
A3: - Update the YEAR criteria in Summary!B/C/D formulas or duplicate the month table for 2024 and 2023.
A4: - Alternatively, use Excel PivotTable on 'Payroll_Register' with Year/Month and Net_Pay to get dynamic summaries.
A5: - Keep proof documents (payslips/ECS) indexed by 'Proof_ID_or_Link'.
