Workbook

Sheet PhD Records
A1: S.N. | B1: Scholar Name | C1: Mode (Full-time/Part-time) | D1: Status (Enrolled/Graduated) | E1: Year of Enrollment | F1: Enrollment Year Tag (CAY/CAYm1/CAYm2/CAYm3) | G1: Year of Graduation | H1: Graduation Year Tag (CAY/CAYm1/CAYm2/CAYm3) | I1: Research Area | J1: Supervisor Name | K1: Affiliated University | L1: Evidence Link (Admission/Convocation/Thesis)

Sheet Summary
A1: Metric | B1: Definition | C1: CAY | D1: CAYm1 | E1: CAYm2 | F1: CAYm3
A2: Total Enrollments | B2: Count of Ph.D. enrollments per year (Status=Enrolled; uses Enrollment Year Tag) | C2: =COUNTIFS('PhD Records'!D2:D1000,"Enrolled",'PhD Records'!F2:F1000,"CAY") | D2: =COUNTIFS('PhD Records'!D2:D1000,"Enrolled",'PhD Records'!F2:F1000,"CAYm1") | E2: =COUNTIFS('PhD Records'!D2:D1000,"Enrolled",'PhD Records'!F2:F1000,"CAYm2") | F2: =COUNTIFS('PhD Records'!D2:D1000,"Enrolled",'PhD Records'!F2:F1000,"CAYm3")
A3: Total Graduations | B3: Count of Ph.D. graduations per year (Status=Graduated; uses Graduation Year Tag) | C3: =COUNTIFS('PhD Records'!D2:D1000,"Graduated",'PhD Records'!H2:H1000,"CAY") | D3: =COUNTIFS('PhD Records'!D2:D1000,"Graduated",'PhD Records'!H2:H1000,"CAYm1") | E3: =COUNTIFS('PhD Records'!D2:D1000,"Graduated",'PhD Records'!H2:H1000,"CAYm2") | F3: =COUNTIFS('PhD Records'!D2:D1000,"Graduated",'PhD Records'!H2:H1000,"CAYm3")
A4: Enrollments (Full-time) | B4: Enrollments with Mode="Full-time" (by Enrollment Year Tag) | C4: =COUNTIFS('PhD Records'!C2:C1000,"Full-time",'PhD Records'!D2:D1000,"Enrolled",'PhD Records'!F2:F1000,"CAY") | D4: =COUNTIFS('PhD Records'!C2:C1000,"Full-time",'PhD Records'!D2:D1000,"Enrolled",'PhD Records'!F2:F1000,"CAYm1") | E4: =COUNTIFS('PhD Records'!C2:C1000,"Full-time",'PhD Records'!D2:D1000,"Enrolled",'PhD Records'!F2:F1000,"CAYm2") | F4: =COUNTIFS('PhD Records'!C2:C1000,"Full-time",'PhD Records'!D2:D1000,"Enrolled",'PhD Records'!F2:F1000,"CAYm3")
A5: Enrollments (Part-time) | B5: Enrollments with Mode="Part-time" (by Enrollment Year Tag) | C5: =COUNTIFS('PhD Records'!C2:C1000,"Part-time",'PhD Records'!D2:D1000,"Enrolled",'PhD Records'!F2:F1000,"CAY") | D5: =COUNTIFS('PhD Records'!C2:C1000,"Part-time",'PhD Records'!D2:D1000,"Enrolled",'PhD Records'!F2:F1000,"CAYm1") | E5: =COUNTIFS('PhD Records'!C2:C1000,"Part-time",'PhD Records'!D2:D1000,"Enrolled",'PhD Records'!F2:F1000,"CAYm2") | F5: =COUNTIFS('PhD Records'!C2:C1000,"Part-time",'PhD Records'!D2:D1000,"Enrolled",'PhD Records'!F2:F1000,"CAYm3")
A6: Graduations (Full-time) | B6: Graduations with Mode="Full-time" (by Graduation Year Tag) | C6: =COUNTIFS('PhD Records'!C2:C1000,"Full-time",'PhD Records'!D2:D1000,"Graduated",'PhD Records'!H2:H1000,"CAY") | D6: =COUNTIFS('PhD Records'!C2:C1000,"Full-time",'PhD Records'!D2:D1000,"Graduated",'PhD Records'!H2:H1000,"CAYm1") | E6: =COUNTIFS('PhD Records'!C2:C1000,"Full-time",'PhD Records'!D2:D1000,"Graduated",'PhD Records'!H2:H1000,"CAYm2") | F6: =COUNTIFS('PhD Records'!C2:C1000,"Full-time",'PhD Records'!D2:D1000,"Graduated",'PhD Records'!H2:H1000,"CAYm3")
A7: Graduations (Part-time) | B7: Graduations with Mode="Part-time" (by Graduation Year Tag) | C7: =COUNTIFS('PhD Records'!C2:C1000,"Part-time",'PhD Records'!D2:D1000,"Graduated",'PhD Records'!H2:H1000,"CAY") | D7: =COUNTIFS('PhD Records'!C2:C1000,"Part-time",'PhD Records'!D2:D1000,"Graduated",'PhD Records'!H2:H1000,"CAYm1") | E7: =COUNTIFS('PhD Records'!C2:C1000,"Part-time",'PhD Records'!D2:D1000,"Graduated",'PhD Records'!H2:H1000,"CAYm2") | F7: =COUNTIFS('PhD Records'!C2:C1000,"Part-time",'PhD Records'!D2:D1000,"Graduated",'PhD Records'!H2:H1000,"CAYm3")
