Workbook

Sheet Instructions
A1: Placement, Higher Studies & Entrepreneurship – Calculator (30 Points)
A3: • Purpose: Calculate points for 'Placement, Higher Studies & Entrepreneurship (30)' metric.
A4: • How to use:
A5: • 1) Fill the 'Input' sheet: Year, Students Passed (Z), Placed, Higher Studies, Entrepreneurs.
A6: • 2) 'Yearly_Calc' auto-computes PI, HSI, EI and combined P per year.
A7: • 3) 'Summary' shows Average P and Final Points = 0.3 × Average P (capped at 30).
A8: • Notes:
A9: • - PI = Placed/Z × 100; HSI = Higher Studies/Z × 100; EI = Entrepreneurs/Z × 100; P = PI+HSI+EI.
A10: • - Include exactly three academic years: CAYm1, CAYm2, CAYm3 (most recent first).
A11: • - Evidence to retain: offer letters, admission proofs, startup registration/incubator letters.

Sheet Input
A1: Year (e.g., CAYm1) | B1: Students Passed (Z) | C1: Placed | D1: Higher Studies | E1: Entrepreneurs
A2: CAYm1
A3: CAYm2
A4: CAYm3

Sheet Yearly_Calc
A1: Year | B1: Z: Passed | C1: Placed | D1: Higher Studies | E1: Entrepreneurs | F1: PI = Placed/Z*100 | G1: HSI = Higher/Z*100 | H1: EI = Entre/Z*100 | I1: P = PI+HSI+EI
A2: =Input!A2 | B2: =Input!B2 | C2: =Input!C2 | D2: =Input!D2 | E2: =Input!E2 | F2: =IF(B2>0, C2/B2*100, 0) | G2: =IF(B2>0, D2/B2*100, 0) | H2: =IF(B2>0, E2/B2*100, 0) | I2: =F2+G2+H2
A3: =Input!A3 | B3: =Input!B3 | C3: =Input!C3 | D3: =Input!D3 | E3: =Input!E3 | F3: =IF(B3>0, C3/B3*100, 0) | G3: =IF(B3>0, D3/B3*100, 0) | H3: =IF(B3>0, E3/B3*100, 0) | I3: =F3+G3+H3
A4: =Input!A4 | B4: =Input!B4 | C4: =Input!C4 | D4: =Input!D4 | E4: =Input!E4 | F4: =IF(B4>0, C4/B4*100, 0) | G4: =IF(B4>0, D4/B4*100, 0) | H4: =IF(B4>0, E4/B4*100, 0) | I4: =F4+G4+H4
H6: Average P across years | I6: =AVERAGE(I2:I4)

Sheet Summary
A1: Summary
A3: Average Placement Index (P) | B3: =Yearly_Calc!I6
A4: Final Points = 0.3 × Average P (capped at 30) | B4: =MIN(0.3*B3,30)
