Workbook

Sheet Programs Organized
A1: S.N. | B1: Program Type (Workshop/FDP/STTP/Industrial Training) | C1: Program Title | D1: Audience (Students/Faculty/Both) | E1: Organizer / Industry Partner | F1: Dates (From–To) | G1: Duration (Days/Hours) | H1: Mode (Online/Offline/Hybrid) | I1: No. of Participants | J1: Resource Persons (Names/Org.) | K1: Funding/Sponsorship (AICTE/ISTE/UGC/Industry/None) | L1: Evidence Link (Brochure/Report/Photos/Certificates) | M1: Year (CAY/CAYm1/CAYm2/CAYm3)

Sheet Summary
A1: Metric | B1: Definition | C1: CAY | D1: CAYm1 | E1: CAYm2 | F1: CAYm3
A2: Total Programs | B2: Count of all programs organized | C2: =COUNTIF('Programs Organized'!M2:M1000,"CAY") | D2: =COUNTIF('Programs Organized'!M2:M1000,"CAYm1") | E2: =COUNTIF('Programs Organized'!M2:M1000,"CAYm2") | F2: =COUNTIF('Programs Organized'!M2:M1000,"CAYm3")
A3: Workshops | B3: Programs where Type = "Workshop" | C3: =COUNTIFS('Programs Organized'!M2:M1000,"CAY",'Programs Organized'!B2:B1000,"Workshop") | D3: =COUNTIFS('Programs Organized'!M2:M1000,"CAYm1",'Programs Organized'!B2:B1000,"Workshop") | E3: =COUNTIFS('Programs Organized'!M2:M1000,"CAYm2",'Programs Organized'!B2:B1000,"Workshop") | F3: =COUNTIFS('Programs Organized'!M2:M1000,"CAYm3",'Programs Organized'!B2:B1000,"Workshop")
A4: FDPs | B4: Programs where Type = "FDP" | C4: =COUNTIFS('Programs Organized'!M2:M1000,"CAY",'Programs Organized'!B2:B1000,"FDP") | D4: =COUNTIFS('Programs Organized'!M2:M1000,"CAYm1",'Programs Organized'!B2:B1000,"FDP") | E4: =COUNTIFS('Programs Organized'!M2:M1000,"CAYm2",'Programs Organized'!B2:B1000,"FDP") | F4: =COUNTIFS('Programs Organized'!M2:M1000,"CAYm3",'Programs Organized'!B2:B1000,"FDP")
A5: STTPs | B5: Programs where Type = "STTP" | C5: =COUNTIFS('Programs Organized'!M2:M1000,"CAY",'Programs Organized'!B2:B1000,"STTP") | D5: =COUNTIFS('Programs Organized'!M2:M1000,"CAYm1",'Programs Organized'!B2:B1000,"STTP") | E5: =COUNTIFS('Programs Organized'!M2:M1000,"CAYm2",'Programs Organized'!B2:B1000,"STTP") | F5: =COUNTIFS('Programs Organized'!M2:M1000,"CAYm3",'Programs Organized'!B2:B1000,"STTP")
A6: Industrial Trainings | B6: Programs where Type = "Industrial Training" | C6: =COUNTIFS('Programs Organized'!M2:M1000,"CAY",'Programs Organized'!B2:B1000,"Industrial Training") | D6: =COUNTIFS('Programs Organized'!M2:M1000,"CAYm1",'Programs Organized'!B2:B1000,"Industrial Training") | E6: =COUNTIFS('Programs Organized'!M2:M1000,"CAYm2",'Programs Organized'!B2:B1000,"Industrial Training") | F6: =COUNTIFS('Programs Organized'!M2:M1000,"CAYm3",'Programs Organized'!B2:B1000,"Industrial Training")
A7: Audience: Students | B7: Programs conducted for Students | C7: =COUNTIFS('Programs Organized'!M2:M1000,"CAY",'Programs Organized'!D2:D1000,"Students") | D7: =COUNTIFS('Programs Organized'!M2:M1000,"CAYm1",'Programs Organized'!D2:D1000,"Students") | E7: =COUNTIFS('Programs Organized'!M2:M1000,"CAYm2",'Programs Organized'!D2:D1000,"Students") | F7: =COUNTIFS('Programs Organized'!M2:M1000,"CAYm3",'Programs Organized'!D2:D1000,"Students")
A8: Audience: Faculty | B8: Programs conducted for Faculty | C8: =COUNTIFS('Programs Organized'!M2:M1000,"CAY",'Programs Organized'!D2:D1000,"Faculty") | D8: =COUNTIFS('Programs Organized'!M2:M1000,"CAYm1",'Programs Organized'!D2:D1000,"Faculty") | E8: =COUNTIFS('Programs Organized'!M2:M1000,"CAYm2",'Programs Organized'!D2:D1000,"Faculty") | F8: =COUNTIFS('Programs Organized'!M2:M1000,"CAYm3",'Programs Organized'!D2:D1000,"Faculty")
A9: Audience: Both | B9: Programs conducted for Both | C9: =COUNTIFS('Programs Organized'!M2:M1000,"CAY",'Programs Organized'!D2:D1000,"Both") | D9: =COUNTIFS('Programs Organized'!M2:M1000,"CAYm1",'Programs Organized'!D2:D1000,"Both") | E9: =COUNTIFS('Programs Organized'!M2:M1000,"CAYm2",'Programs Organized'!D2:D1000,"Both") | F9: =COUNTIFS('Programs Organized'!M2:M1000,"CAYm3",'Programs Organized'!D2:D1000,"Both")
A10: Mode: Online | B10: Programs conducted in Online mode | C10: =COUNTIFS('Programs Organized'!M2:M1000,"CAY",'Programs Organized'!H2:H1000,"Online") | D10: =COUNTIFS('Programs Organized'!M2:M1000,"CAYm1",'Programs Organized'!H2:H1000,"Online") | E10: =COUNTIFS('Programs Organized'!M2:M1000,"CAYm2",'Programs Organized'!H2:H1000,"Online") | F10: =COUNTIFS('Programs Organized'!M2:M1000,"CAYm3",'Programs Organized'!H2:H1000,"Online")
A11: Mode: Offline | B11: Programs conducted in Offline mode | C11: =COUNTIFS('Programs Organized'!M2:M1000,"CAY",'Programs Organized'!H2:H1000,"Offline") | D11: =COUNTIFS('Programs Organized'!M2:M1000,"CAYm1",'Programs Organized'!H2:H1000,"Offline") | E11: =COUNTIFS('Programs Organized'!M2:M1000,"CAYm2",'Programs Organized'!H2:H1000,"Offline") | F11: =COUNTIFS('Programs Organized'!M2:M1000,"CAYm3",'Programs Organized'!H2:H1000,"Offline")
A12: Mode: Hybrid | B12: Programs conducted in Hybrid mode | C12: =COUNTIFS('Programs Organized'!M2:M1000,"CAY",'Programs Organized'!H2:H1000,"Hybrid") | D12: =COUNTIFS('Programs Organized'!M2:M1000,"CAYm1",'Programs Organized'!H2:H1000,"Hybrid") | E12: =COUNTIFS('Programs Organized'!M2:M1000,"CAYm2",'Programs Organized'!H2:H1000,"Hybrid") | F12: =COUNTIFS('Programs Organized'!M2:M1000,"CAYm3",'Programs Organized'!H2:H1000,"Hybrid")
