Workbook

Sheet Continuous Evaluation
A1: Student ID | B1: Student Name | C1: C1 Problem Identification (0–3) | D1: C2 Methodology & Design (0–3) | E1: C3 Progress & Discipline (0–3) | F1: C4 Innovation & Depth (0–3) | G1: C5 Teamwork & Communication (0–3) | H1: C6 Periodic Review (0–3) | I1: Total (Weighted) | J1: Level (0–3) | L1: Weights: C1=0.10, C2=0.20, C3=0.15, C4=0.15, C5=0.10, C6=0.30
A2: PJT101 | B2: A. Kumar | C2: 3 | D2: 3 | E2: 2 | F2: 3 | G2: 3 | H2: 3 | I2: =IF(COUNTA(C2:H2)=0,"",C2*0.1+D2*0.2+E2*0.15+F2*0.15+G2*0.1+H2*0.3) | J2: =IF(I2="","",IF(I2>=2.5,3,IF(I2>=2,2,IF(I2>=1.5,1,0))))
A3: PJT102 | B3: B. Singh | C3: 2 | D3: 2 | E3: 2 | F3: 2 | G3: 1 | H3: 2 | I3: =IF(COUNTA(C3:H3)=0,"",C3*0.1+D3*0.2+E3*0.15+F3*0.15+G3*0.1+H3*0.3) | J3: =IF(I3="","",IF(I3>=2.5,3,IF(I3>=2,2,IF(I3>=1.5,1,0))))
I4: =IF(COUNTA(C4:H4)=0,"",C4*0.1+D4*0.2+E4*0.15+F4*0.15+G4*0.1+H4*0.3) | J4: =IF(I4="","",IF(I4>=2.5,3,IF(I4>=2,2,IF(I4>=1.5,1,0))))
I5: =IF(COUNTA(C5:H5)=0,"",C5*0.1+D5*0.2+E5*0.15+F5*0.15+G5*0.1+H5*0.3) | J5: =IF(I5="","",IF(I5>=2.5,3,IF(I5>=2,2,IF(I5>=1.5,1,0))))
I6: =IF(COUNTA(C6:H6)=0,"",C6*0.1+D6*0.2+E6*0.15+F6*0.15+G6*0.1+H6*0.3) | J6: =IF(I6="","",IF(I6>=2.5,3,IF(I6>=2,2,IF(I6>=1.5,1,0))))
I7: =IF(COUNTA(C7:H7)=0,"",C7*0.1+D7*0.2+E7*0.15+F7*0.15+G7*0.1+H7*0.3) | J7: =IF(I7="","",IF(I7>=2.5,3,IF(I7>=2,2,IF(I7>=1.5,1,0))))
I8: =IF(COUNTA(C8:H8)=0,"",C8*0.1+D8*0.2+E8*0.15+F8*0.15+G8*0.1+H8*0.3) | J8: =IF(I8="","",IF(I8>=2.5,3,IF(I8>=2,2,IF(I8>=1.5,1,0))))
I9: =IF(COUNTA(C9:H9)=0,"",C9*0.1+D9*0.2+E9*0.15+F9*0.15+G9*0.1+H9*0.3) | J9: =IF(I9="","",IF(I9>=2.5,3,IF(I9>=2,2,IF(I9>=1.5,1,0))))
I10: =IF(COUNTA(C10:H10)=0,"",C10*0.1+D10*0.2+E10*0.15+F10*0.15+G10*0.1+H10*0.3) | J10: =IF(I10="","",IF(I10>=2.5,3,IF(I10>=2,2,IF(I10>=1.5,1,0))))
I11: =IF(COUNTA(C11:H11)=0,"",C11*0.1+D11*0.2+E11*0.15+F11*0.15+G11*0.1+H11*0.3) | J11: =IF(I11="","",IF(I11>=2.5,3,IF(I11>=2,2,IF(I11>=1.5,1,0))))
I12: =IF(COUNTA(C12:H12)=0,"",C12*0.1+D12*0.2+E12*0.15+F12*0.15+G12*0.1+H12*0.3) | J12: =IF(I12="","",IF(I12>=2.5,3,IF(I12>=2,2,IF(I12>=1.5,1,0))))
I13: =IF(COUNTA(C13:H13)=0,"",C13*0.1+D13*0.2+E13*0.15+F13*0.15+G13*0.1+H13*0.3) | J13: =IF(I13="","",IF(I13>=2.5,3,IF(I13>=2,2,IF(I13>=1.5,1,0))))
I14: =IF(COUNTA(C14:H14)=0,"",C14*0.1+D14*0.2+E14*0.15+F14*0.15+G14*0.1+H14*0.3) | J14: =IF(I14="","",IF(I14>=2.5,3,IF(I14>=2,2,IF(I14>=1.5,1,0))))
I15: =IF(COUNTA(C15:H15)=0,"",C15*0.1+D15*0.2+E15*0.15+F15*0.15+G15*0.1+H15*0.3) | J15: =IF(I15="","",IF(I15>=2.5,3,IF(I15>=2,2,IF(I15>=1.5,1,0))))
... I201: =IF(COUNTA(C201:H201)=0,"",C201*0.1+D201*0.2+E201*0.15+F201*0.15+G201*0.1+H201*0.3) | J201: =IF(I201="","",IF(I201>=2.5,3,IF(I201>=2,2,IF(I201>=1.5,1,0))))

Sheet Final Evaluation
A1: Student ID | B1: Student Name | C1: F1 Report (0–3) | D1: F2 Implementation/Results (0–3) | E1: F3 Originality (0–3) | F1: F4 Presentation/Viva (0–3) | G1: F5 Societal/Ethical Aspects (0–3) | H1: Total (Weighted) | I1: Level (0–3) | K1: Weights: F1=0.20, F2=0.30, F3=0.20, F4=0.20, F5=0.10
A2: PJT101 | B2: A. Kumar | C2: 3 | D2: 3 | E2: 2 | F2: 3 | G2: 2 | H2: =IF(COUNTA(C2:G2)=0,"",C2*0.2+D2*0.3+E2*0.2+F2*0.2+G2*0.1) | I2: =IF(H2="","",IF(H2>=2.5,3,IF(H2>=2,2,IF(H2>=1.5,1,0))))
A3: PJT102 | B3: B. Singh | C3: 2 | D3: 2 | E3: 2 | F3: 1 | G3: 2 | H3: =IF(COUNTA(C3:G3)=0,"",C3*0.2+D3*0.3+E3*0.2+F3*0.2+G3*0.1) | I3: =IF(H3="","",IF(H3>=2.5,3,IF(H3>=2,2,IF(H3>=1.5,1,0))))
H4: =IF(COUNTA(C4:G4)=0,"",C4*0.2+D4*0.3+E4*0.2+F4*0.2+G4*0.1) | I4: =IF(H4="","",IF(H4>=2.5,3,IF(H4>=2,2,IF(H4>=1.5,1,0))))
H5: =IF(COUNTA(C5:G5)=0,"",C5*0.2+D5*0.3+E5*0.2+F5*0.2+G5*0.1) | I5: =IF(H5="","",IF(H5>=2.5,3,IF(H5>=2,2,IF(H5>=1.5,1,0))))
H6: =IF(COUNTA(C6:G6)=0,"",C6*0.2+D6*0.3+E6*0.2+F6*0.2+G6*0.1) | I6: =IF(H6="","",IF(H6>=2.5,3,IF(H6>=2,2,IF(H6>=1.5,1,0))))
H7: =IF(COUNTA(C7:G7)=0,"",C7*0.2+D7*0.3+E7*0.2+F7*0.2+G7*0.1) | I7: =IF(H7="","",IF(H7>=2.5,3,IF(H7>=2,2,IF(H7>=1.5,1,0))))
H8: =IF(COUNTA(C8:G8)=0,"",C8*0.2+D8*0.3+E8*0.2+F8*0.2+G8*0.1) | I8: =IF(H8="","",IF(H8>=2.5,3,IF(H8>=2,2,IF(H8>=1.5,1,0))))
H9: =IF(COUNTA(C9:G9)=0,"",C9*0.2+D9*0.3+E9*0.2+F9*0.2+G9*0.1) | I9: =IF(H9="","",IF(H9>=2.5,3,IF(H9>=2,2,IF(H9>=1.5,1,0))))
H10: =IF(COUNTA(C10:G10)=0,"",C10*0.2+D10*0.3+E10*0.2+F10*0.2+G10*0.1) | I10: =IF(H10="","",IF(H10>=2.5,3,IF(H10>=2,2,IF(H10>=1.5,1,0))))
H11: =IF(COUNTA(C11:G11)=0,"",C11*0.2+D11*0.3+E11*0.2+F11*0.2+G11*0.1) | I11: =IF(H11="","",IF(H11>=2.5,3,IF(H11>=2,2,IF(H11>=1.5,1,0))))
H12: =IF(COUNTA(C12:G12)=0,"",C12*0.2+D12*0.3+E12*0.2+F12*0.2+G12*0.1) | I12: =IF(H12="","",IF(H12>=2.5,3,IF(H12>=2,2,IF(H12>=1.5,1,0))))
H13: =IF(COUNTA(C13:G13)=0,"",C13*0.2+D13*0.3+E13*0.2+F13*0.2+G13*0.1) | I13: =IF(H13="","",IF(H13>=2.5,3,IF(H13>=2,2,IF(H13>=1.5,1,0))))
H14: =IF(COUNTA(C14:G14)=0,"",C14*0.2+D14*0.3+E14*0.2+F14*0.2+G14*0.1) | I14: =IF(H14="","",IF(H14>=2.5,3,IF(H14>=2,2,IF(H14>=1.5,1,0))))
H15: =IF(COUNTA(C15:G15)=0,"",C15*0.2+D15*0.3+E15*0.2+F15*0.2+G15*0.1) | I15: =IF(H15="","",IF(H15>=2.5,3,IF(H15>=2,2,IF(H15>=1.5,1,0))))
... H201: =IF(COUNTA(C201:G201)=0,"",C201*0.2+D201*0.3+E201*0.2+F201*0.2+G201*0.1) | I201: =IF(H201="","",IF(H201>=2.5,3,IF(H201>=2,2,IF(H201>=1.5,1,0))))

Sheet Rubric Definition
A1: Criterion ID | B1: Criterion Name | C1: Phase | D1: Weight | E1: CO Mapped | F1: PO(s) Mapped | G1: PSO(s) Mapped | H1: Notes/Evidence
A2: Continuous Evaluation Rubric Definitions
A3: Criterion ID | B3: Criterion Name | C3: Phase | D3: Weight | E3: CO Mapped | F3: PO(s) Mapped | G3: PSO(s) Mapped | H3: Notes/Evidence
A4: C1 | B4: Problem Identification | C4: Continuous | D4: 0.1 | E4: CO1 | F4: PO1, PO2 | G4: PSO1
A5: C2 | B5: Methodology & Design | C5: Continuous | D5: 0.2 | E5: CO2 | F5: PO3, PO4 | G5: PSO1
A6: C3 | B6: Progress & Discipline | C6: Continuous | D6: 0.15 | E6: CO3 | F6: PO8, PO11 | G6: PSO3
A7: C4 | B7: Innovation & Depth | C7: Continuous | D7: 0.15 | E7: CO4 | F7: PO5 | G7: PSO2
A8: C5 | B8: Teamwork & Communication | C8: Continuous | D8: 0.1 | E8: CO5 | F8: PO9, PO10 | G8: PSO3
A9: C6 | B9: Periodic Review | C9: Continuous | D9: 0.3 | E9: CO6 | F9: PO12 | G9: PSO3
A12: Final Evaluation Rubric Definitions
A13: Criterion ID | B13: Criterion Name | C13: Phase | D13: Weight | E13: CO Mapped | F13: PO(s) Mapped | G13: PSO(s) Mapped | H13: Notes/Evidence
A14: F1 | B14: Report | C14: Final | D14: 0.2 | E14: CO7 | F14: PO10, PO11 | G14: PSO3
A15: F2 | B15: Implementation/Results | C15: Final | D15: 0.3 | E15: CO8 | F15: PO3, PO4 | G15: PSO1
A16: F3 | B16: Originality | C16: Final | D16: 0.2 | E16: CO9 | F16: PO5 | G16: PSO2
A17: F4 | B17: Presentation/Viva | C17: Final | D17: 0.2 | E17: CO10 | F17: PO9, PO10 | G17: PSO3
A18: F5 | B18: Societal/Ethical Aspects | C18: Final | D18: 0.1 | E18: CO11 | F18: PO6, PO7 | G18: PSO3

Sheet CO Attainment (Projects)
A1: CO | B1: Continuous Avg (0–3) | C1: Final Avg (0–3) | D1: Weighted Avg (40% Cont + 60% Final) | E1: Level (0–3) | F1: PO(s) | G1: PSO(s)
A2: CO1 | B2: =IFERROR(SUMPRODUCT(FILTER('Rubric Definition'!D:D,('Rubric Definition'!E:E=A2)*('Rubric Definition'!C:C="Continuous")),XLOOKUP(FILTER('Rubric Definition'!A:A,('Rubric Definition'!E:E=A2)*('Rubric Definition'!C:C="Continuous")),'Criterion Averages'!A:A,'Criterion Averages'!C:C)) / SUM(FILTER('Rubric Definition'!D:D,('Rubric Definition'!E:E=A2)*('Rubric Definition'!C:C="Continuous"))),"") | C2: =IFERROR(SUMPRODUCT(FILTER('Rubric Definition'!D:D,('Rubric Definition'!E:E=A2)*('Rubric Definition'!C:C="Final")),XLOOKUP(FILTER('Rubric Definition'!A:A,('Rubric Definition'!E:E=A2)*('Rubric Definition'!C:C="Final")),'Criterion Averages'!A:A,'Criterion Averages'!C:C)) / SUM(FILTER('Rubric Definition'!D:D,('Rubric Definition'!E:E=A2)*('Rubric Definition'!C:C="Final"))),"") | D2: =IF(AND(B2<>"",C2<>""),0.4*B2+0.6*C2,IF(B2<>"",B2,C2)) | E2: =IF(D2="","",IF(D2>=2.5,3,IF(D2>=2,2,IF(D2>=1.5,1,0)))) | F2: =IFERROR(TEXTJOIN(", ",TRUE,UNIQUE(FILTER('Rubric Definition'!F:F,'Rubric Definition'!E:E=A2))),"") | G2: =IFERROR(TEXTJOIN(", ",TRUE,UNIQUE(FILTER('Rubric Definition'!G:G,'Rubric Definition'!E:E=A2))),"")
A3: CO2 | B3: =IFERROR(SUMPRODUCT(FILTER('Rubric Definition'!D:D,('Rubric Definition'!E:E=A3)*('Rubric Definition'!C:C="Continuous")),XLOOKUP(FILTER('Rubric Definition'!A:A,('Rubric Definition'!E:E=A3)*('Rubric Definition'!C:C="Continuous")),'Criterion Averages'!A:A,'Criterion Averages'!C:C)) / SUM(FILTER('Rubric Definition'!D:D,('Rubric Definition'!E:E=A3)*('Rubric Definition'!C:C="Continuous"))),"") | C3: =IFERROR(SUMPRODUCT(FILTER('Rubric Definition'!D:D,('Rubric Definition'!E:E=A3)*('Rubric Definition'!C:C="Final")),XLOOKUP(FILTER('Rubric Definition'!A:A,('Rubric Definition'!E:E=A3)*('Rubric Definition'!C:C="Final")),'Criterion Averages'!A:A,'Criterion Averages'!C:C)) / SUM(FILTER('Rubric Definition'!D:D,('Rubric Definition'!E:E=A3)*('Rubric Definition'!C:C="Final"))),"") | D3: =IF(AND(B3<>"",C3<>""),0.4*B3+0.6*C3,IF(B3<>"",B3,C3)) | E3: =IF(D3="","",IF(D3>=2.5,3,IF(D3>=2,2,IF(D3>=1.5,1,0)))) | F3: =IFERROR(TEXTJOIN(", ",TRUE,UNIQUE(FILTER('Rubric Definition'!F:F,'Rubric Definition'!E:E=A3))),"") | G3: =IFERROR(TEXTJOIN(", ",TRUE,UNIQUE(FILTER('Rubric Definition'!G:G,'Rubric Definition'!E:E=A3))),"")
A4: CO3 | B4: =IFERROR(SUMPRODUCT(FILTER('Rubric Definition'!D:D,('Rubric Definition'!E:E=A4)*('Rubric Definition'!C:C="Continuous")),XLOOKUP(FILTER('Rubric Definition'!A:A,('Rubric Definition'!E:E=A4)*('Rubric Definition'!C:C="Continuous")),'Criterion Averages'!A:A,'Criterion Averages'!C:C)) / SUM(FILTER('Rubric Definition'!D:D,('Rubric Definition'!E:E=A4)*('Rubric Definition'!C:C="Continuous"))),"") | C4: =IFERROR(SUMPRODUCT(FILTER('Rubric Definition'!D:D,('Rubric Definition'!E:E=A4)*('Rubric Definition'!C:C="Final")),XLOOKUP(FILTER('Rubric Definition'!A:A,('Rubric Definition'!E:E=A4)*('Rubric Definition'!C:C="Final")),'Criterion Averages'!A:A,'Criterion Averages'!C:C)) / SUM(FILTER('Rubric Definition'!D:D,('Rubric Definition'!E:E=A4)*('Rubric Definition'!C:C="Final"))),"") | D4: =IF(AND(B4<>"",C4<>""),0.4*B4+0.6*C4,IF(B4<>"",B4,C4)) | E4: =IF(D4="","",IF(D4>=2.5,3,IF(D4>=2,2,IF(D4>=1.5,1,0)))) | F4: =IFERROR(TEXTJOIN(", ",TRUE,UNIQUE(FILTER('Rubric Definition'!F:F,'Rubric Definition'!E:E=A4))),"") | G4: =IFERROR(TEXTJOIN(", ",TRUE,UNIQUE(FILTER('Rubric Definition'!G:G,'Rubric Definition'!E:E=A4))),"")
A5: CO4 | B5: =IFERROR(SUMPRODUCT(FILTER('Rubric Definition'!D:D,('Rubric Definition'!E:E=A5)*('Rubric Definition'!C:C="Continuous")),XLOOKUP(FILTER('Rubric Definition'!A:A,('Rubric Definition'!E:E=A5)*('Rubric Definition'!C:C="Continuous")),'Criterion Averages'!A:A,'Criterion Averages'!C:C)) / SUM(FILTER('Rubric Definition'!D:D,('Rubric Definition'!E:E=A5)*('Rubric Definition'!C:C="Continuous"))),"") | C5: =IFERROR(SUMPRODUCT(FILTER('Rubric Definition'!D:D,('Rubric Definition'!E:E=A5)*('Rubric Definition'!C:C="Final")),XLOOKUP(FILTER('Rubric Definition'!A:A,('Rubric Definition'!E:E=A5)*('Rubric Definition'!C:C="Final")),'Criterion Averages'!A:A,'Criterion Averages'!C:C)) / SUM(FILTER('Rubric Definition'!D:D,('Rubric Definition'!E:E=A5)*('Rubric Definition'!C:C="Final"))),"") | D5: =IF(AND(B5<>"",C5<>""),0.4*B5+0.6*C5,IF(B5<>"",B5,C5)) | E5: =IF(D5="","",IF(D5>=2.5,3,IF(D5>=2,2,IF(D5>=1.5,1,0)))) | F5: =IFERROR(TEXTJOIN(", ",TRUE,UNIQUE(FILTER('Rubric Definition'!F:F,'Rubric Definition'!E:E=A5))),"") | G5: =IFERROR(TEXTJOIN(", ",TRUE,UNIQUE(FILTER('Rubric Definition'!G:G,'Rubric Definition'!E:E=A5))),"")
A6: CO5 | B6: =IFERROR(SUMPRODUCT(FILTER('Rubric Definition'!D:D,('Rubric Definition'!E:E=A6)*('Rubric Definition'!C:C="Continuous")),XLOOKUP(FILTER('Rubric Definition'!A:A,('Rubric Definition'!E:E=A6)*('Rubric Definition'!C:C="Continuous")),'Criterion Averages'!A:A,'Criterion Averages'!C:C)) / SUM(FILTER('Rubric Definition'!D:D,('Rubric Definition'!E:E=A6)*('Rubric Definition'!C:C="Continuous"))),"") | C6: =IFERROR(SUMPRODUCT(FILTER('Rubric Definition'!D:D,('Rubric Definition'!E:E=A6)*('Rubric Definition'!C:C="Final")),XLOOKUP(FILTER('Rubric Definition'!A:A,('Rubric Definition'!E:E=A6)*('Rubric Definition'!C:C="Final")),'Criterion Averages'!A:A,'Criterion Averages'!C:C)) / SUM(FILTER('Rubric Definition'!D:D,('Rubric Definition'!E:E=A6)*('Rubric Definition'!C:C="Final"))),"") | D6: =IF(AND(B6<>"",C6<>""),0.4*B6+0.6*C6,IF(B6<>"",B6,C6)) | E6: =IF(D6="","",IF(D6>=2.5,3,IF(D6>=2,2,IF(D6>=1.5,1,0)))) | F6: =IFERROR(TEXTJOIN(", ",TRUE,UNIQUE(FILTER('Rubric Definition'!F:F,'Rubric Definition'!E:E=A6))),"") | G6: =IFERROR(TEXTJOIN(", ",TRUE,UNIQUE(FILTER('Rubric Definition'!G:G,'Rubric Definition'!E:E=A6))),"")
A7: CO6 | B7: =IFERROR(SUMPRODUCT(FILTER('Rubric Definition'!D:D,('Rubric Definition'!E:E=A7)*('Rubric Definition'!C:C="Continuous")),XLOOKUP(FILTER('Rubric Definition'!A:A,('Rubric Definition'!E:E=A7)*('Rubric Definition'!C:C="Continuous")),'Criterion Averages'!A:A,'Criterion Averages'!C:C)) / SUM(FILTER('Rubric Definition'!D:D,('Rubric Definition'!E:E=A7)*('Rubric Definition'!C:C="Continuous"))),"") | C7: =IFERROR(SUMPRODUCT(FILTER('Rubric Definition'!D:D,('Rubric Definition'!E:E=A7)*('Rubric Definition'!C:C="Final")),XLOOKUP(FILTER('Rubric Definition'!A:A,('Rubric Definition'!E:E=A7)*('Rubric Definition'!C:C="Final")),'Criterion Averages'!A:A,'Criterion Averages'!C:C)) / SUM(FILTER('Rubric Definition'!D:D,('Rubric Definition'!E:E=A7)*('Rubric Definition'!C:C="Final"))),"") | D7: =IF(AND(B7<>"",C7<>""),0.4*B7+0.6*C7,IF(B7<>"",B7,C7)) | E7: =IF(D7="","",IF(D7>=2.5,3,IF(D7>=2,2,IF(D7>=1.5,1,0)))) | F7: =IFERROR(TEXTJOIN(", ",TRUE,UNIQUE(FILTER('Rubric Definition'!F:F,'Rubric Definition'!E:E=A7))),"") | G7: =IFERROR(TEXTJOIN(", ",TRUE,UNIQUE(FILTER('Rubric Definition'!G:G,'Rubric Definition'!E:E=A7))),"")
A8: CO7 | B8: =IFERROR(SUMPRODUCT(FILTER('Rubric Definition'!D:D,('Rubric Definition'!E:E=A8)*('Rubric Definition'!C:C="Continuous")),XLOOKUP(FILTER('Rubric Definition'!A:A,('Rubric Definition'!E:E=A8)*('Rubric Definition'!C:C="Continuous")),'Criterion Averages'!A:A,'Criterion Averages'!C:C)) / SUM(FILTER('Rubric Definition'!D:D,('Rubric Definition'!E:E=A8)*('Rubric Definition'!C:C="Continuous"))),"") | C8: =IFERROR(SUMPRODUCT(FILTER('Rubric Definition'!D:D,('Rubric Definition'!E:E=A8)*('Rubric Definition'!C:C="Final")),XLOOKUP(FILTER('Rubric Definition'!A:A,('Rubric Definition'!E:E=A8)*('Rubric Definition'!C:C="Final")),'Criterion Averages'!A:A,'Criterion Averages'!C:C)) / SUM(FILTER('Rubric Definition'!D:D,('Rubric Definition'!E:E=A8)*('Rubric Definition'!C:C="Final"))),"") | D8: =IF(AND(B8<>"",C8<>""),0.4*B8+0.6*C8,IF(B8<>"",B8,C8)) | E8: =IF(D8="","",IF(D8>=2.5,3,IF(D8>=2,2,IF(D8>=1.5,1,0)))) | F8: =IFERROR(TEXTJOIN(", ",TRUE,UNIQUE(FILTER('Rubric Definition'!F:F,'Rubric Definition'!E:E=A8))),"") | G8: =IFERROR(TEXTJOIN(", ",TRUE,UNIQUE(FILTER('Rubric Definition'!G:G,'Rubric Definition'!E:E=A8))),"")
A9: CO8 | B9: =IFERROR(SUMPRODUCT(FILTER('Rubric Definition'!D:D,('Rubric Definition'!E:E=A9)*('Rubric Definition'!C:C="Continuous")),XLOOKUP(FILTER('Rubric Definition'!A:A,('Rubric Definition'!E:E=A9)*('Rubric Definition'!C:C="Continuous")),'Criterion Averages'!A:A,'Criterion Averages'!C:C)) / SUM(FILTER('Rubric Definition'!D:D,('Rubric Definition'!E:E=A9)*('Rubric Definition'!C:C="Continuous"))),"") | C9: =IFERROR(SUMPRODUCT(FILTER('Rubric Definition'!D:D,('Rubric Definition'!E:E=A9)*('Rubric Definition'!C:C="Final")),XLOOKUP(FILTER('Rubric Definition'!A:A,('Rubric Definition'!E:E=A9)*('Rubric Definition'!C:C="Final")),'Criterion Averages'!A:A,'Criterion Averages'!C:C)) / SUM(FILTER('Rubric Definition'!D:D,('Rubric Definition'!E:E=A9)*('Rubric Definition'!C:C="Final"))),"") | D9: =IF(AND(B9<>"",C9<>""),0.4*B9+0.6*C9,IF(B9<>"",B9,C9)) | E9: =IF(D9="","",IF(D9>=2.5,3,IF(D9>=2,2,IF(D9>=1.5,1,0)))) | F9: =IFERROR(TEXTJOIN(", ",TRUE,UNIQUE(FILTER('Rubric Definition'!F:F,'Rubric Definition'!E:E=A9))),"") | G9: =IFERROR(TEXTJOIN(", ",TRUE,UNIQUE(FILTER('Rubric Definition'!G:G,'Rubric Definition'!E:E=A9))),"")
A10: CO9 | B10: =IFERROR(SUMPRODUCT(FILTER('Rubric Definition'!D:D,('Rubric Definition'!E:E=A10)*('Rubric Definition'!C:C="Continuous")),XLOOKUP(FILTER('Rubric Definition'!A:A,('Rubric Definition'!E:E=A10)*('Rubric Definition'!C:C="Continuous")),'Criterion Averages'!A:A,'Criterion Averages'!C:C)) / SUM(FILTER('Rubric Definition'!D:D,('Rubric Definition'!E:E=A10)*('Rubric Definition'!C:C="Continuous"))),"") | C10: =IFERROR(SUMPRODUCT(FILTER('Rubric Definition'!D:D,('Rubric Definition'!E:E=A10)*('Rubric Definition'!C:C="Final")),XLOOKUP(FILTER('Rubric Definition'!A:A,('Rubric Definition'!E:E=A10)*('Rubric Definition'!C:C="Final")),'Criterion Averages'!A:A,'Criterion Averages'!C:C)) / SUM(FILTER('Rubric Definition'!D:D,('Rubric Definition'!E:E=A10)*('Rubric Definition'!C:C="Final"))),"") | D10: =IF(AND(B10<>"",C10<>""),0.4*B10+0.6*C10,IF(B10<>"",B10,C10)) | E10: =IF(D10="","",IF(D10>=2.5,3,IF(D10>=2,2,IF(D10>=1.5,1,0)))) | F10: =IFERROR(TEXTJOIN(", ",TRUE,UNIQUE(FILTER('Rubric Definition'!F:F,'Rubric Definition'!E:E=A10))),"") | G10: =IFERROR(TEXTJOIN(", ",TRUE,UNIQUE(FILTER('Rubric Definition'!G:G,'Rubric Definition'!E:E=A10))),"")
A11: CO10 | B11: =IFERROR(SUMPRODUCT(FILTER('Rubric Definition'!D:D,('Rubric Definition'!E:E=A11)*('Rubric Definition'!C:C="Continuous")),XLOOKUP(FILTER('Rubric Definition'!A:A,('Rubric Definition'!E:E=A11)*('Rubric Definition'!C:C="Continuous")),'Criterion Averages'!A:A,'Criterion Averages'!C:C)) / SUM(FILTER('Rubric Definition'!D:D,('Rubric Definition'!E:E=A11)*('Rubric Definition'!C:C="Continuous"))),"") | C11: =IFERROR(SUMPRODUCT(FILTER('Rubric Definition'!D:D,('Rubric Definition'!E:E=A11)*('Rubric Definition'!C:C="Final")),XLOOKUP(FILTER('Rubric Definition'!A:A,('Rubric Definition'!E:E=A11)*('Rubric Definition'!C:C="Final")),'Criterion Averages'!A:A,'Criterion Averages'!C:C)) / SUM(FILTER('Rubric Definition'!D:D,('Rubric Definition'!E:E=A11)*('Rubric Definition'!C:C="Final"))),"") | D11: =IF(AND(B11<>"",C11<>""),0.4*B11+0.6*C11,IF(B11<>"",B11,C11)) | E11: =IF(D11="","",IF(D11>=2.5,3,IF(D11>=2,2,IF(D11>=1.5,1,0)))) | F11: =IFERROR(TEXTJOIN(", ",TRUE,UNIQUE(FILTER('Rubric Definition'!F:F,'Rubric Definition'!E:E=A11))),"") | G11: =IFERROR(TEXTJOIN(", ",TRUE,UNIQUE(FILTER('Rubric Definition'!G:G,'Rubric Definition'!E:E=A11))),"")
A12: CO11 | B12: =IFERROR(SUMPRODUCT(FILTER('Rubric Definition'!D:D,('Rubric Definition'!E:E=A12)*('Rubric Definition'!C:C="Continuous")),XLOOKUP(FILTER('Rubric Definition'!A:A,('Rubric Definition'!E:E=A12)*('Rubric Definition'!C:C="Continuous")),'Criterion Averages'!A:A,'Criterion Averages'!C:C)) / SUM(FILTER('Rubric Definition'!D:D,('Rubric Definition'!E:E=A12)*('Rubric Definition'!C:C="Continuous"))),"") | C12: =IFERROR(SUMPRODUCT(FILTER('Rubric Definition'!D:D,('Rubric Definition'!E:E=A12)*('Rubric Definition'!C:C="Final")),XLOOKUP(FILTER('Rubric Definition'!A:A,('Rubric Definition'!E:E=A12)*('Rubric Definition'!C:C="Final")),'Criterion Averages'!A:A,'Criterion Averages'!C:C)) / SUM(FILTER('Rubric Definition'!D:D,('Rubric Definition'!E:E=A12)*('Rubric Definition'!C:C="Final"))),"") | D12: =IF(AND(B12<>"",C12<>""),0.4*B12+0.6*C12,IF(B12<>"",B12,C12)) | E12: =IF(D12="","",IF(D12>=2.5,3,IF(D12>=2,2,IF(D12>=1.5,1,0)))) | F12: =IFERROR(TEXTJOIN(", ",TRUE,UNIQUE(FILTER('Rubric Definition'!F:F,'Rubric Definition'!E:E=A12))),"") | G12: =IFERROR(TEXTJOIN(", ",TRUE,UNIQUE(FILTER('Rubric Definition'!G:G,'Rubric Definition'!E:E=A12))),"")
B13: =IFERROR(SUMPRODUCT(FILTER('Rubric Definition'!D:D,('Rubric Definition'!E:E=A13)*('Rubric Definition'!C:C="Continuous")),XLOOKUP(FILTER('Rubric Definition'!A:A,('Rubric Definition'!E:E=A13)*('Rubric Definition'!C:C="Continuous")),'Criterion Averages'!A:A,'Criterion Averages'!C:C)) / SUM(FILTER('Rubric Definition'!D:D,('Rubric Definition'!E:E=A13)*('Rubric Definition'!C:C="Continuous"))),"") | C13: =IFERROR(SUMPRODUCT(FILTER('Rubric Definition'!D:D,('Rubric Definition'!E:E=A13)*('Rubric Definition'!C:C="Final")),XLOOKUP(FILTER('Rubric Definition'!A:A,('Rubric Definition'!E:E=A13)*('Rubric Definition'!C:C="Final")),'Criterion Averages'!A:A,'Criterion Averages'!C:C)) / SUM(FILTER('Rubric Definition'!D:D,('Rubric Definition'!E:E=A13)*('Rubric Definition'!C:C="Final"))),"") | D13: =IF(AND(B13<>"",C13<>""),0.4*B13+0.6*C13,IF(B13<>"",B13,C13)) | E13: =IF(D13="","",IF(D13>=2.5,3,IF(D13>=2,2,IF(D13>=1.5,1,0)))) | F13: =IFERROR(TEXTJOIN(", ",TRUE,UNIQUE(FILTER('Rubric Definition'!F:F,'Rubric Definition'!E:E=A13))),"") | G13: =IFERROR(TEXTJOIN(", ",TRUE,UNIQUE(FILTER('Rubric Definition'!G:G,'Rubric Definition'!E:E=A13))),"")
B14: =IFERROR(SUMPRODUCT(FILTER('Rubric Definition'!D:D,('Rubric Definition'!E:E=A14)*('Rubric Definition'!C:C="Continuous")),XLOOKUP(FILTER('Rubric Definition'!A:A,('Rubric Definition'!E:E=A14)*('Rubric Definition'!C:C="Continuous")),'Criterion Averages'!A:A,'Criterion Averages'!C:C)) / SUM(FILTER('Rubric Definition'!D:D,('Rubric Definition'!E:E=A14)*('Rubric Definition'!C:C="Continuous"))),"") | C14: =IFERROR(SUMPRODUCT(FILTER('Rubric Definition'!D:D,('Rubric Definition'!E:E=A14)*('Rubric Definition'!C:C="Final")),XLOOKUP(FILTER('Rubric Definition'!A:A,('Rubric Definition'!E:E=A14)*('Rubric Definition'!C:C="Final")),'Criterion Averages'!A:A,'Criterion Averages'!C:C)) / SUM(FILTER('Rubric Definition'!D:D,('Rubric Definition'!E:E=A14)*('Rubric Definition'!C:C="Final"))),"") | D14: =IF(AND(B14<>"",C14<>""),0.4*B14+0.6*C14,IF(B14<>"",B14,C14)) | E14: =IF(D14="","",IF(D14>=2.5,3,IF(D14>=2,2,IF(D14>=1.5,1,0)))) | F14: =IFERROR(TEXTJOIN(", ",TRUE,UNIQUE(FILTER('Rubric Definition'!F:F,'Rubric Definition'!E:E=A14))),"") | G14: =IFERROR(TEXTJOIN(", ",TRUE,UNIQUE(FILTER('Rubric Definition'!G:G,'Rubric Definition'!E:E=A14))),"")
B15: =IFERROR(SUMPRODUCT(FILTER('Rubric Definition'!D:D,('Rubric Definition'!E:E=A15)*('Rubric Definition'!C:C="Continuous")),XLOOKUP(FILTER('Rubric Definition'!A:A,('Rubric Definition'!E:E=A15)*('Rubric Definition'!C:C="Continuous")),'Criterion Averages'!A:A,'Criterion Averages'!C:C)) / SUM(FILTER('Rubric Definition'!D:D,('Rubric Definition'!E:E=A15)*('Rubric Definition'!C:C="Continuous"))),"") | C15: =IFERROR(SUMPRODUCT(FILTER('Rubric Definition'!D:D,('Rubric Definition'!E:E=A15)*('Rubric Definition'!C:C="Final")),XLOOKUP(FILTER('Rubric Definition'!A:A,('Rubric Definition'!E:E=A15)*('Rubric Definition'!C:C="Final")),'Criterion Averages'!A:A,'Criterion Averages'!C:C)) / SUM(FILTER('Rubric Definition'!D:D,('Rubric Definition'!E:E=A15)*('Rubric Definition'!C:C="Final"))),"") | D15: =IF(AND(B15<>"",C15<>""),0.4*B15+0.6*C15,IF(B15<>"",B15,C15)) | E15: =IF(D15="","",IF(D15>=2.5,3,IF(D15>=2,2,IF(D15>=1.5,1,0)))) | F15: =IFERROR(TEXTJOIN(", ",TRUE,UNIQUE(FILTER('Rubric Definition'!F:F,'Rubric Definition'!E:E=A15))),"") | G15: =IFERROR(TEXTJOIN(", ",TRUE,UNIQUE(FILTER('Rubric Definition'!G:G,'Rubric Definition'!E:E=A15))),"")
B16: =IFERROR(SUMPRODUCT(FILTER('Rubric Definition'!D:D,('Rubric Definition'!E:E=A16)*('Rubric Definition'!C:C="Continuous")),XLOOKUP(FILTER('Rubric Definition'!A:A,('Rubric Definition'!E:E=A16)*('Rubric Definition'!C:C="Continuous")),'Criterion Averages'!A:A,'Criterion Averages'!C:C)) / SUM(FILTER('Rubric Definition'!D:D,('Rubric Definition'!E:E=A16)*('Rubric Definition'!C:C="Continuous"))),"") | C16: =IFERROR(SUMPRODUCT(FILTER('Rubric Definition'!D:D,('Rubric Definition'!E:E=A16)*('Rubric Definition'!C:C="Final")),XLOOKUP(FILTER('Rubric Definition'!A:A,('Rubric Definition'!E:E=A16)*('Rubric Definition'!C:C="Final")),'Criterion Averages'!A:A,'Criterion Averages'!C:C)) / SUM(FILTER('Rubric Definition'!D:D,('Rubric Definition'!E:E=A16)*('Rubric Definition'!C:C="Final"))),"") | D16: =IF(AND(B16<>"",C16<>""),0.4*B16+0.6*C16,IF(B16<>"",B16,C16)) | E16: =IF(D16="","",IF(D16>=2.5,3,IF(D16>=2,2,IF(D16>=1.5,1,0)))) | F16: =IFERROR(TEXTJOIN(", ",TRUE,UNIQUE(FILTER('Rubric Definition'!F:F,'Rubric Definition'!E:E=A16))),"") | G16: =IFERROR(TEXTJOIN(", ",TRUE,UNIQUE(FILTER('Rubric Definition'!G:G,'Rubric Definition'!E:E=A16))),"")
B17: =IFERROR(SUMPRODUCT(FILTER('Rubric Definition'!D:D,('Rubric Definition'!E:E=A17)*('Rubric Definition'!C:C="Continuous")),XLOOKUP(FILTER('Rubric Definition'!A:A,('Rubric Definition'!E:E=A17)*('Rubric Definition'!C:C="Continuous")),'Criterion Averages'!A:A,'Criterion Averages'!C:C)) / SUM(FILTER('Rubric Definition'!D:D,('Rubric Definition'!E:E=A17)*('Rubric Definition'!C:C="Continuous"))),"") | C17: =IFERROR(SUMPRODUCT(FILTER('Rubric Definition'!D:D,('Rubric Definition'!E:E=A17)*('Rubric Definition'!C:C="Final")),XLOOKUP(FILTER('Rubric Definition'!A:A,('Rubric Definition'!E:E=A17)*('Rubric Definition'!C:C="Final")),'Criterion Averages'!A:A,'Criterion Averages'!C:C)) / SUM(FILTER('Rubric Definition'!D:D,('Rubric Definition'!E:E=A17)*('Rubric Definition'!C:C="Final"))),"") | D17: =IF(AND(B17<>"",C17<>""),0.4*B17+0.6*C17,IF(B17<>"",B17,C17)) | E17: =IF(D17="","",IF(D17>=2.5,3,IF(D17>=2,2,IF(D17>=1.5,1,0)))) | F17: =IFERROR(TEXTJOIN(", ",TRUE,UNIQUE(FILTER('Rubric Definition'!F:F,'Rubric Definition'!E:E=A17))),"") | G17: =IFERROR(TEXTJOIN(", ",TRUE,UNIQUE(FILTER('Rubric Definition'!G:G,'Rubric Definition'!E:E=A17))),"")
B18: =IFERROR(SUMPRODUCT(FILTER('Rubric Definition'!D:D,('Rubric Definition'!E:E=A18)*('Rubric Definition'!C:C="Continuous")),XLOOKUP(FILTER('Rubric Definition'!A:A,('Rubric Definition'!E:E=A18)*('Rubric Definition'!C:C="Continuous")),'Criterion Averages'!A:A,'Criterion Averages'!C:C)) / SUM(FILTER('Rubric Definition'!D:D,('Rubric Definition'!E:E=A18)*('Rubric Definition'!C:C="Continuous"))),"") | C18: =IFERROR(SUMPRODUCT(FILTER('Rubric Definition'!D:D,('Rubric Definition'!E:E=A18)*('Rubric Definition'!C:C="Final")),XLOOKUP(FILTER('Rubric Definition'!A:A,('Rubric Definition'!E:E=A18)*('Rubric Definition'!C:C="Final")),'Criterion Averages'!A:A,'Criterion Averages'!C:C)) / SUM(FILTER('Rubric Definition'!D:D,('Rubric Definition'!E:E=A18)*('Rubric Definition'!C:C="Final"))),"") | D18: =IF(AND(B18<>"",C18<>""),0.4*B18+0.6*C18,IF(B18<>"",B18,C18)) | E18: =IF(D18="","",IF(D18>=2.5,3,IF(D18>=2,2,IF(D18>=1.5,1,0)))) | F18: =IFERROR(TEXTJOIN(", ",TRUE,UNIQUE(FILTER('Rubric Definition'!F:F,'Rubric Definition'!E:E=A18))),"") | G18: =IFERROR(TEXTJOIN(", ",TRUE,UNIQUE(FILTER('Rubric Definition'!G:G,'Rubric Definition'!E:E=A18))),"")
B19: =IFERROR(SUMPRODUCT(FILTER('Rubric Definition'!D:D,('Rubric Definition'!E:E=A19)*('Rubric Definition'!C:C="Continuous")),XLOOKUP(FILTER('Rubric Definition'!A:A,('Rubric Definition'!E:E=A19)*('Rubric Definition'!C:C="Continuous")),'Criterion Averages'!A:A,'Criterion Averages'!C:C)) / SUM(FILTER('Rubric Definition'!D:D,('Rubric Definition'!E:E=A19)*('Rubric Definition'!C:C="Continuous"))),"") | C19: =IFERROR(SUMPRODUCT(FILTER('Rubric Definition'!D:D,('Rubric Definition'!E:E=A19)*('Rubric Definition'!C:C="Final")),XLOOKUP(FILTER('Rubric Definition'!A:A,('Rubric Definition'!E:E=A19)*('Rubric Definition'!C:C="Final")),'Criterion Averages'!A:A,'Criterion Averages'!C:C)) / SUM(FILTER('Rubric Definition'!D:D,('Rubric Definition'!E:E=A19)*('Rubric Definition'!C:C="Final"))),"") | D19: =IF(AND(B19<>"",C19<>""),0.4*B19+0.6*C19,IF(B19<>"",B19,C19)) | E19: =IF(D19="","",IF(D19>=2.5,3,IF(D19>=2,2,IF(D19>=1.5,1,0)))) | F19: =IFERROR(TEXTJOIN(", ",TRUE,UNIQUE(FILTER('Rubric Definition'!F:F,'Rubric Definition'!E:E=A19))),"") | G19: =IFERROR(TEXTJOIN(", ",TRUE,UNIQUE(FILTER('Rubric Definition'!G:G,'Rubric Definition'!E:E=A19))),"")
B20: =IFERROR(SUMPRODUCT(FILTER('Rubric Definition'!D:D,('Rubric Definition'!E:E=A20)*('Rubric Definition'!C:C="Continuous")),XLOOKUP(FILTER('Rubric Definition'!A:A,('Rubric Definition'!E:E=A20)*('Rubric Definition'!C:C="Continuous")),'Criterion Averages'!A:A,'Criterion Averages'!C:C)) / SUM(FILTER('Rubric Definition'!D:D,('Rubric Definition'!E:E=A20)*('Rubric Definition'!C:C="Continuous"))),"") | C20: =IFERROR(SUMPRODUCT(FILTER('Rubric Definition'!D:D,('Rubric Definition'!E:E=A20)*('Rubric Definition'!C:C="Final")),XLOOKUP(FILTER('Rubric Definition'!A:A,('Rubric Definition'!E:E=A20)*('Rubric Definition'!C:C="Final")),'Criterion Averages'!A:A,'Criterion Averages'!C:C)) / SUM(FILTER('Rubric Definition'!D:D,('Rubric Definition'!E:E=A20)*('Rubric Definition'!C:C="Final"))),"") | D20: =IF(AND(B20<>"",C20<>""),0.4*B20+0.6*C20,IF(B20<>"",B20,C20)) | E20: =IF(D20="","",IF(D20>=2.5,3,IF(D20>=2,2,IF(D20>=1.5,1,0)))) | F20: =IFERROR(TEXTJOIN(", ",TRUE,UNIQUE(FILTER('Rubric Definition'!F:F,'Rubric Definition'!E:E=A20))),"") | G20: =IFERROR(TEXTJOIN(", ",TRUE,UNIQUE(FILTER('Rubric Definition'!G:G,'Rubric Definition'!E:E=A20))),"")
B21: =IFERROR(SUMPRODUCT(FILTER('Rubric Definition'!D:D,('Rubric Definition'!E:E=A21)*('Rubric Definition'!C:C="Continuous")),XLOOKUP(FILTER('Rubric Definition'!A:A,('Rubric Definition'!E:E=A21)*('Rubric Definition'!C:C="Continuous")),'Criterion Averages'!A:A,'Criterion Averages'!C:C)) / SUM(FILTER('Rubric Definition'!D:D,('Rubric Definition'!E:E=A21)*('Rubric Definition'!C:C="Continuous"))),"") | C21: =IFERROR(SUMPRODUCT(FILTER('Rubric Definition'!D:D,('Rubric Definition'!E:E=A21)*('Rubric Definition'!C:C="Final")),XLOOKUP(FILTER('Rubric Definition'!A:A,('Rubric Definition'!E:E=A21)*('Rubric Definition'!C:C="Final")),'Criterion Averages'!A:A,'Criterion Averages'!C:C)) / SUM(FILTER('Rubric Definition'!D:D,('Rubric Definition'!E:E=A21)*('Rubric Definition'!C:C="Final"))),"") | D21: =IF(AND(B21<>"",C21<>""),0.4*B21+0.6*C21,IF(B21<>"",B21,C21)) | E21: =IF(D21="","",IF(D21>=2.5,3,IF(D21>=2,2,IF(D21>=1.5,1,0)))) | F21: =IFERROR(TEXTJOIN(", ",TRUE,UNIQUE(FILTER('Rubric Definition'!F:F,'Rubric Definition'!E:E=A21))),"") | G21: =IFERROR(TEXTJOIN(", ",TRUE,UNIQUE(FILTER('Rubric Definition'!G:G,'Rubric Definition'!E:E=A21))),"")
B22: =IFERROR(SUMPRODUCT(FILTER('Rubric Definition'!D:D,('Rubric Definition'!E:E=A22)*('Rubric Definition'!C:C="Continuous")),XLOOKUP(FILTER('Rubric Definition'!A:A,('Rubric Definition'!E:E=A22)*('Rubric Definition'!C:C="Continuous")),'Criterion Averages'!A:A,'Criterion Averages'!C:C)) / SUM(FILTER('Rubric Definition'!D:D,('Rubric Definition'!E:E=A22)*('Rubric Definition'!C:C="Continuous"))),"") | C22: =IFERROR(SUMPRODUCT(FILTER('Rubric Definition'!D:D,('Rubric Definition'!E:E=A22)*('Rubric Definition'!C:C="Final")),XLOOKUP(FILTER('Rubric Definition'!A:A,('Rubric Definition'!E:E=A22)*('Rubric Definition'!C:C="Final")),'Criterion Averages'!A:A,'Criterion Averages'!C:C)) / SUM(FILTER('Rubric Definition'!D:D,('Rubric Definition'!E:E=A22)*('Rubric Definition'!C:C="Final"))),"") | D22: =IF(AND(B22<>"",C22<>""),0.4*B22+0.6*C22,IF(B22<>"",B22,C22)) | E22: =IF(D22="","",IF(D22>=2.5,3,IF(D22>=2,2,IF(D22>=1.5,1,0)))) | F22: =IFERROR(TEXTJOIN(", ",TRUE,UNIQUE(FILTER('Rubric Definition'!F:F,'Rubric Definition'!E:E=A22))),"") | G22: =IFERROR(TEXTJOIN(", ",TRUE,UNIQUE(FILTER('Rubric Definition'!G:G,'Rubric Definition'!E:E=A22))),"")
B23: =IFERROR(SUMPRODUCT(FILTER('Rubric Definition'!D:D,('Rubric Definition'!E:E=A23)*('Rubric Definition'!C:C="Continuous")),XLOOKUP(FILTER('Rubric Definition'!A:A,('Rubric Definition'!E:E=A23)*('Rubric Definition'!C:C="Continuous")),'Criterion Averages'!A:A,'Criterion Averages'!C:C)) / SUM(FILTER('Rubric Definition'!D:D,('Rubric Definition'!E:E=A23)*('Rubric Definition'!C:C="Continuous"))),"") | C23: =IFERROR(SUMPRODUCT(FILTER('Rubric Definition'!D:D,('Rubric Definition'!E:E=A23)*('Rubric Definition'!C:C="Final")),XLOOKUP(FILTER('Rubric Definition'!A:A,('Rubric Definition'!E:E=A23)*('Rubric Definition'!C:C="Final")),'Criterion Averages'!A:A,'Criterion Averages'!C:C)) / SUM(FILTER('Rubric Definition'!D:D,('Rubric Definition'!E:E=A23)*('Rubric Definition'!C:C="Final"))),"") | D23: =IF(AND(B23<>"",C23<>""),0.4*B23+0.6*C23,IF(B23<>"",B23,C23)) | E23: =IF(D23="","",IF(D23>=2.5,3,IF(D23>=2,2,IF(D23>=1.5,1,0)))) | F23: =IFERROR(TEXTJOIN(", ",TRUE,UNIQUE(FILTER('Rubric Definition'!F:F,'Rubric Definition'!E:E=A23))),"") | G23: =IFERROR(TEXTJOIN(", ",TRUE,UNIQUE(FILTER('Rubric Definition'!G:G,'Rubric Definition'!E:E=A23))),"")
B24: =IFERROR(SUMPRODUCT(FILTER('Rubric Definition'!D:D,('Rubric Definition'!E:E=A24)*('Rubric Definition'!C:C="Continuous")),XLOOKUP(FILTER('Rubric Definition'!A:A,('Rubric Definition'!E:E=A24)*('Rubric Definition'!C:C="Continuous")),'Criterion Averages'!A:A,'Criterion Averages'!C:C)) / SUM(FILTER('Rubric Definition'!D:D,('Rubric Definition'!E:E=A24)*('Rubric Definition'!C:C="Continuous"))),"") | C24: =IFERROR(SUMPRODUCT(FILTER('Rubric Definition'!D:D,('Rubric Definition'!E:E=A24)*('Rubric Definition'!C:C="Final")),XLOOKUP(FILTER('Rubric Definition'!A:A,('Rubric Definition'!E:E=A24)*('Rubric Definition'!C:C="Final")),'Criterion Averages'!A:A,'Criterion Averages'!C:C)) / SUM(FILTER('Rubric Definition'!D:D,('Rubric Definition'!E:E=A24)*('Rubric Definition'!C:C="Final"))),"") | D24: =IF(AND(B24<>"",C24<>""),0.4*B24+0.6*C24,IF(B24<>"",B24,C24)) | E24: =IF(D24="","",IF(D24>=2.5,3,IF(D24>=2,2,IF(D24>=1.5,1,0)))) | F24: =IFERROR(TEXTJOIN(", ",TRUE,UNIQUE(FILTER('Rubric Definition'!F:F,'Rubric Definition'!E:E=A24))),"") | G24: =IFERROR(TEXTJOIN(", ",TRUE,UNIQUE(FILTER('Rubric Definition'!G:G,'Rubric Definition'!E:E=A24))),"")
... B101: =IFERROR(SUMPRODUCT(FILTER('Rubric Definition'!D:D,('Rubric Definition'!E:E=A101)*('Rubric Definition'!C:C="Continuous")),XLOOKUP(FILTER('Rubric Definition'!A:A,('Rubric Definition'!E:E=A101)*('Rubric Definition'!C:C="Continuous")),'Criterion Averages'!A:A,'Criterion Averages'!C:C)) / SUM(FILTER('Rubric Definition'!D:D,('Rubric Definition'!E:E=A101)*('Rubric Definition'!C:C="Continuous"))),"") | C101: =IFERROR(SUMPRODUCT(FILTER('Rubric Definition'!D:D,('Rubric Definition'!E:E=A101)*('Rubric Definition'!C:C="Final")),XLOOKUP(FILTER('Rubric Definition'!A:A,('Rubric Definition'!E:E=A101)*('Rubric Definition'!C:C="Final")),'Criterion Averages'!A:A,'Criterion Averages'!C:C)) / SUM(FILTER('Rubric Definition'!D:D,('Rubric Definition'!E:E=A101)*('Rubric Definition'!C:C="Final"))),"") | D101: =IF(AND(B101<>"",C101<>""),0.4*B101+0.6*C101,IF(B101<>"",B101,C101)) | E101: =IF(D101="","",IF(D101>=2.5,3,IF(D101>=2,2,IF(D101>=1.5,1,0)))) | F101: =IFERROR(TEXTJOIN(", ",TRUE,UNIQUE(FILTER('Rubric Definition'!F:F,'Rubric Definition'!E:E=A101))),"") | G101: =IFERROR(TEXTJOIN(", ",TRUE,UNIQUE(FILTER('Rubric Definition'!G:G,'Rubric Definition'!E:E=A101))),"")

Sheet CO–PO_PSO Matrix
A1: CO–PO/PSO Mapping Matrix (from Rubric Definition)
A3: CO | B3: PO1 | C3: PO2 | D3: PO3 | E3: PO4 | F3: PO5 | G3: PO6 | H3: PO7 | I3: PO8 | J3: PO9 | K3: PO10 | L3: PO11 | M3: PO12 | N3: PSO1 | O3: PSO2 | P3: PSO3
A4: CO1
A5: CO2
A6: CO3
A7: CO4
A8: CO5
A9: CO6
A10: CO7
A11: CO8
A12: CO9
A13: CO10
A14: CO11

Sheet PO_PSO Aggregation
A1: Outcome | B1: Aggregated Attainment (Avg of mapped CO Levels)
A2: PO1
A3: PO2
A4: PO3
A5: PO4
A6: PO5
A7: PO6
A8: PO7
A9: PO8
A10: PO9
A11: PO10
A12: PO11
A13: PO12
... A16: PSO3

Sheet Evidence Logs
A1: Category | B1: Document Type | C1: File/Link | D1: Notes
A2: Continuous | B2: Progress Review Forms
A3: Final | B3: Project Reports (PDF)
A4: Final | B4: Seminar PPTs
A5: Final | B5: Prototype/Code/Video

Sheet Audit Checklist
A1: NBA Audit Checklist — Project Evaluation (20 Marks)
A3: Audit Point | B3: Evidence Expected | C3: Status (✔/✖)
A4: Rubrics Defined | B4: Continuous + Final Rubric Definitions with CO–PO/PSO mapping
A5: Continuous Evaluation | B5: Progress reviews, mentor evaluation forms
A6: Final Evaluation | B6: Project reports, seminar/viva evaluation forms
A7: CO Attainment | B7: CO Attainment sheet auto-calculated
A8: PO/PSO Aggregation | B8: PO/PSO Aggregation derived from COs
A9: Evidence | B9: Reports, PPTs, prototypes, videos linked

Sheet Project Proposal & Approval Log
A1: Project Proposal & Approval Log
A2: Note: Maintain all project proposals & signed approval forms; link scanned copies in Evidence column.
A3: Project ID | B3: Project Title | C3: Student(s) | D3: Faculty Guide | E3: COs Targeted | F3: PO/PSOs Targeted | G3: Proposal Status | H3: Approval Status | I3: Approved By | J3: Approval Date | K3: Evidence File (PDF/Link) | L3: Remarks
A4: PJT001 | B4: AI-based Quality Control | C4: INT101, INT102 | D4: Dr. A. Rao | E4: CO2, CO4, CO8 | F4: PO3, PO4, PSO1 | G4: Submitted | H4: Pending | K4: PJT001_Proposal.pdf | L4: Awaiting HoD approval
A5: PJT002 | B5: IoT Smart Agriculture | C5: INT103, INT104 | D5: Prof. S. Gupta | E5: CO1, CO3, CO7 | F5: PO1, PO6, PSO2 | G5: Submitted | H5: Approved | I5: Dr. S. Gupta (HoD) | J5: 15-May-2025 | K5: PJT002_Approval.pdf | L5: Approved and initiated

Sheet Project Attainment Dashboard
A1: Project Attainment Dashboard (Continuous + Final → CO → PO/PSO) | H1: Notes
H2: Weightage: 40% Continuous + 60% Final
A3: Section A — CO-wise Attainment Summary | H3: Threshold (Level 3): ≥ 2.5
A4: CO | B4: Continuous Avg (0–3) | C4: Final Avg (0–3) | D4: Weighted Avg (40/60) | E4: Level (0–3) | F4: PO(s) | G4: PSO(s) | H4: Threshold (Level 2): 2.0–2.49
A5: ='CO Attainment (Projects)'!A2 | B5: ='CO Attainment (Projects)'!B2 | C5: ='CO Attainment (Projects)'!C2 | D5: ='CO Attainment (Projects)'!D2 | E5: ='CO Attainment (Projects)'!E2 | F5: ='CO Attainment (Projects)'!F2 | G5: ='CO Attainment (Projects)'!G2 | H5: Threshold (Level 1): 1.5–1.99
A6: ='CO Attainment (Projects)'!A3 | B6: ='CO Attainment (Projects)'!B3 | C6: ='CO Attainment (Projects)'!C3 | D6: ='CO Attainment (Projects)'!D3 | E6: ='CO Attainment (Projects)'!E3 | F6: ='CO Attainment (Projects)'!F3 | G6: ='CO Attainment (Projects)'!G3 | H6: Threshold (Level 0): < 1.5
A7: ='CO Attainment (Projects)'!A4 | B7: ='CO Attainment (Projects)'!B4 | C7: ='CO Attainment (Projects)'!C4 | D7: ='CO Attainment (Projects)'!D4 | E7: ='CO Attainment (Projects)'!E4 | F7: ='CO Attainment (Projects)'!F4 | G7: ='CO Attainment (Projects)'!G4
A8: ='CO Attainment (Projects)'!A5 | B8: ='CO Attainment (Projects)'!B5 | C8: ='CO Attainment (Projects)'!C5 | D8: ='CO Attainment (Projects)'!D5 | E8: ='CO Attainment (Projects)'!E5 | F8: ='CO Attainment (Projects)'!F5 | G8: ='CO Attainment (Projects)'!G5
A9: ='CO Attainment (Projects)'!A6 | B9: ='CO Attainment (Projects)'!B6 | C9: ='CO Attainment (Projects)'!C6 | D9: ='CO Attainment (Projects)'!D6 | E9: ='CO Attainment (Projects)'!E6 | F9: ='CO Attainment (Projects)'!F6 | G9: ='CO Attainment (Projects)'!G6
A10: ='CO Attainment (Projects)'!A7 | B10: ='CO Attainment (Projects)'!B7 | C10: ='CO Attainment (Projects)'!C7 | D10: ='CO Attainment (Projects)'!D7 | E10: ='CO Attainment (Projects)'!E7 | F10: ='CO Attainment (Projects)'!F7 | G10: ='CO Attainment (Projects)'!G7
A11: ='CO Attainment (Projects)'!A8 | B11: ='CO Attainment (Projects)'!B8 | C11: ='CO Attainment (Projects)'!C8 | D11: ='CO Attainment (Projects)'!D8 | E11: ='CO Attainment (Projects)'!E8 | F11: ='CO Attainment (Projects)'!F8 | G11: ='CO Attainment (Projects)'!G8
A12: ='CO Attainment (Projects)'!A9 | B12: ='CO Attainment (Projects)'!B9 | C12: ='CO Attainment (Projects)'!C9 | D12: ='CO Attainment (Projects)'!D9 | E12: ='CO Attainment (Projects)'!E9 | F12: ='CO Attainment (Projects)'!F9 | G12: ='CO Attainment (Projects)'!G9
A13: ='CO Attainment (Projects)'!A10 | B13: ='CO Attainment (Projects)'!B10 | C13: ='CO Attainment (Projects)'!C10 | D13: ='CO Attainment (Projects)'!D10 | E13: ='CO Attainment (Projects)'!E10 | F13: ='CO Attainment (Projects)'!F10 | G13: ='CO Attainment (Projects)'!G10
A14: ='CO Attainment (Projects)'!A11 | B14: ='CO Attainment (Projects)'!B11 | C14: ='CO Attainment (Projects)'!C11 | D14: ='CO Attainment (Projects)'!D11 | E14: ='CO Attainment (Projects)'!E11 | F14: ='CO Attainment (Projects)'!F11 | G14: ='CO Attainment (Projects)'!G11
A15: ='CO Attainment (Projects)'!A12 | B15: ='CO Attainment (Projects)'!B12 | C15: ='CO Attainment (Projects)'!C12 | D15: ='CO Attainment (Projects)'!D12 | E15: ='CO Attainment (Projects)'!E12 | F15: ='CO Attainment (Projects)'!F12 | G15: ='CO Attainment (Projects)'!G12
A17: Section B — Aggregated PO/PSO Attainment
A18: Outcome | B18: Aggregated Attainment (Avg Level)
A19: =IF('PO_PSO Aggregation'!A2="","",'PO_PSO Aggregation'!A2) | B19: =IF('PO_PSO Aggregation'!B2="","",'PO_PSO Aggregation'!B2)
A20: =IF('PO_PSO Aggregation'!A3="","",'PO_PSO Aggregation'!A3) | B20: =IF('PO_PSO Aggregation'!B3="","",'PO_PSO Aggregation'!B3)
A21: =IF('PO_PSO Aggregation'!A4="","",'PO_PSO Aggregation'!A4) | B21: =IF('PO_PSO Aggregation'!B4="","",'PO_PSO Aggregation'!B4)
A22: =IF('PO_PSO Aggregation'!A5="","",'PO_PSO Aggregation'!A5) | B22: =IF('PO_PSO Aggregation'!B5="","",'PO_PSO Aggregation'!B5)
A23: =IF('PO_PSO Aggregation'!A6="","",'PO_PSO Aggregation'!A6) | B23: =IF('PO_PSO Aggregation'!B6="","",'PO_PSO Aggregation'!B6)
A24: =IF('PO_PSO Aggregation'!A7="","",'PO_PSO Aggregation'!A7) | B24: =IF('PO_PSO Aggregation'!B7="","",'PO_PSO Aggregation'!B7)
A25: =IF('PO_PSO Aggregation'!A8="","",'PO_PSO Aggregation'!A8) | B25: =IF('PO_PSO Aggregation'!B8="","",'PO_PSO Aggregation'!B8)
A26: =IF('PO_PSO Aggregation'!A9="","",'PO_PSO Aggregation'!A9) | B26: =IF('PO_PSO Aggregation'!B9="","",'PO_PSO Aggregation'!B9)
A27: =IF('PO_PSO Aggregation'!A10="","",'PO_PSO Aggregation'!A10) | B27: =IF('PO_PSO Aggregation'!B10="","",'PO_PSO Aggregation'!B10)
A28: =IF('PO_PSO Aggregation'!A11="","",'PO_PSO Aggregation'!A11) | B28: =IF('PO_PSO Aggregation'!B11="","",'PO_PSO Aggregation'!B11)
A29: =IF('PO_PSO Aggregation'!A12="","",'PO_PSO Aggregation'!A12) | B29: =IF('PO_PSO Aggregation'!B12="","",'PO_PSO Aggregation'!B12)
A30: =IF('PO_PSO Aggregation'!A13="","",'PO_PSO Aggregation'!A13) | B30: =IF('PO_PSO Aggregation'!B13="","",'PO_PSO Aggregation'!B13)
... A38: =IF('PO_PSO Aggregation'!A21="","",'PO_PSO Aggregation'!A21) | B38: =IF('PO_PSO Aggregation'!B21="","",'PO_PSO Aggregation'!B21)

Sheet Project Seminar & Viva Records
A1: Project Seminar Schedule & Viva Records (Signed by Panel)
A3: Section A — Seminar Schedule
A4: Date | B4: Time | C4: Project ID | D4: Project Title | E4: Student(s) | F4: Guide | G4: Panel Members | H4: Venue/Mode | I4: Evidence Link (PPT/Report)
A5: 20-Jun | B5: 10:00 AM | C5: PJT001 | D5: AI-based Quality Control | E5: INT101, INT102 | F5: Dr. A. Rao | G5: Prof. X, Dr. Y (External) | H5: Seminar Hall 1 | I5: PJT001_PPT.pdf
A6: 20-Jun | B6: 10:30 AM | C6: PJT002 | D6: IoT Smart Agriculture | E6: INT103, INT104 | F6: Prof. S. Gupta | G6: Prof. X, Dr. Y (External) | H6: Seminar Hall 1 | I6: PJT002_PPT.pdf
A10: Section B — Viva Records (Signed by Panel)
A11: Student ID | B11: Project ID | C11: Report (F1) | D11: Implementation (F2) | E11: Originality (F3) | F11: Presentation (F4) | G11: Societal Aspects (F5) | H11: Total (Weighted) | I11: Level (0–3) | J11: Panel Signatures | K11: Remarks | L11: Evidence File
A12: INT101 | B12: PJT001 | C12: 3 | D12: 3 | E12: 2 | F12: 3 | G12: 2 | H12: 2.7 | I12: 3 | J12: ✔ Internal, ✔ External | K12: Excellent | L12: PJT001_Viva.pdf
A13: INT103 | B13: PJT002 | C13: 2 | D13: 2 | E13: 2 | F13: 1 | G13: 2 | H13: 1.9 | I13: 1 | J13: ✔ Internal, ✔ External | K13: Needs improvement | L13: PJT002_Viva.pdf

Sheet Project Progress Reviews
A1: Project Progress Reviews (Mentor Evaluations & Periodic Forms)
A2: Note: Conduct at least 3 progress reviews; upload signed forms & link here for audit evidence.
A3: Review Date | B3: Project ID | C3: Project Title | D3: Student(s) | E3: Mentor | F3: C1 Problem ID (0–3) | G3: C2 Methodology (0–3) | H3: C3 Progress (0–3) | I3: C4 Innovation (0–3) | J3: C5 Teamwork (0–3) | K3: C6 Review (0–3) | L3: Total (Weighted) | M3: Remarks | N3: Mentor Signature | O3: Evidence File (Scan/Link)
A4: 10-Jun | B4: PJT001 | C4: AI-based Quality Control | D4: INT101, INT102 | E4: Dr. A. Rao | F4: 3 | G4: 3 | H4: 2 | I4: 3 | J4: 3 | K4: 3 | L4: 2.8 | M4: Good progress, continue | N4: ✔ | O4: PJT001_Review1.pdf
A5: 24-Jun | B5: PJT001 | C5: AI-based Quality Control | D5: INT101, INT102 | E5: Dr. A. Rao | F5: 3 | G5: 2 | H5: 2 | I5: 3 | J5: 2 | K5: 3 | L5: 2.5 | M5: Methodology needs strengthening | N5: ✔ | O5: PJT001_Review2.pdf

Sheet Project Prototype Evidence
A1: Project Prototype/Demo Evidence Log (Photos, Code, Video Links)
A2: Note: Maintain prototype/demo evidence for all projects; attach photos, code links, or video demos.
A3: Project ID | B3: Project Title | C3: Prototype Type | D3: Evidence Link (Photo/Code/Video) | E3: Verified By | F3: Remarks
A4: PJT001 | B4: AI-based Quality Control | C4: Python Code + GUI Demo | D4: https://github.com/college/PJT001 | E4: Dr. A. Rao | F4: Working prototype
A5: PJT002 | B5: IoT Smart Agriculture | C5: IoT Hardware + Cloud Dashboard | D5: PJT002_DemoVideo.mp4 | E5: Prof. S. Gupta | F5: Successfully tested
A6: PJT003 | B6: Renewable Energy Monitoring | C6: Arduino Prototype | D6: PJT003_Photos.pdf | E6: Dr. K. Menon | F6: Needs improvement

Sheet Project Final Reports Log
A1: Project Final Reports Log (High, Medium, Low Achievers)
A2: Note: Maintain at least 3 signed final reports (High, Medium, Low achievers) with PDF evidence linked here.
A3: Project ID | B3: Project Title | C3: Student(s) | D3: Category (High/Medium/Low) | E3: Evidence File (Report PDF) | F3: Verified By | G3: Remarks
A4: PJT001 | B4: AI-based Quality Control | C4: INT101, INT102 | D4: High Achiever | E4: PJT001_FinalReport.pdf | F4: Dr. A. Rao | G4: Excellent work, potential for publication
A5: PJT002 | B5: IoT Smart Agriculture | C5: INT103, INT104 | D5: Medium Achiever | E5: PJT002_FinalReport.pdf | F5: Prof. S. Gupta | G5: Functional prototype, moderate report quality
A6: PJT003 | B6: Renewable Energy Monitoring | C6: INT105, INT106 | D6: Low Achiever | E6: PJT003_FinalReport.pdf | F6: Dr. K. Menon | G6: Weak methodology, incomplete analysis

Sheet Criterion Averages
A1: Criterion ID | B1: Phase | C1: Average Score (0–3)
A2: C1 | B2: Continuous | C2: =IFERROR(AVERAGE(='Continuous Evaluation'!C2:C200),"")
A3: C2 | B3: Continuous | C3: =IFERROR(AVERAGE(='Continuous Evaluation'!D2:D200),"")
A4: C3 | B4: Continuous | C4: =IFERROR(AVERAGE(='Continuous Evaluation'!E2:E200),"")
A5: C4 | B5: Continuous | C5: =IFERROR(AVERAGE(='Continuous Evaluation'!F2:F200),"")
A6: C5 | B6: Continuous | C6: =IFERROR(AVERAGE(='Continuous Evaluation'!G2:G200),"")
A7: C6 | B7: Continuous | C7: =IFERROR(AVERAGE(='Continuous Evaluation'!H2:H200),"")
A8: F1 | B8: Final | C8: =IFERROR(AVERAGE(='Final Evaluation'!C2:C200),"")
A9: F2 | B9: Final | C9: =IFERROR(AVERAGE(='Final Evaluation'!D2:D200),"")
A10: F3 | B10: Final | C10: =IFERROR(AVERAGE(='Final Evaluation'!E2:E200),"")
A11: F4 | B11: Final | C11: =IFERROR(AVERAGE(='Final Evaluation'!F2:F200),"")
A12: F5 | B12: Final | C12: =IFERROR(AVERAGE(='Final Evaluation'!G2:G200),"")
