Workbook

Sheet SEE Question Paper Mapping
A1: Q. No | B1: Question Description | C1: CO Mapped | D1: PO(s) Mapped | E1: PSO(s) Mapped | F1: Bloom’s Level | G1: Marks | H1: Evidence (File/Link)
A2: 1(a) | B2: Define Data Mining concepts | C2: CO1 | D2: PO1 | E2: PSO1 | F2: Remember | G2: 4 | H2: SEE_Q1a.pdf
A3: 1(b) | B3: Differentiate Classification vs Clustering | C3: CO2 | D3: PO2, PO3 | E3: PSO2 | F3: Analyze | G3: 6 | H3: SEE_Q1b.pdf
A4: 2 | B4: Apply Apriori algorithm on dataset | C4: CO3 | D4: PO4 | E4: PSO2 | F4: Apply | G4: 10 | H4: SEE_Q2.pdf
A5: 3 | B5: Design a neural network model for classification | C5: CO4 | D5: PO5 | E5: PSO3 | F5: Create | G5: 15 | H5: SEE_Q3.pdf

Sheet Question Paper Blueprint
A1: SEE Question Paper Blueprint
A3: Section A — Reference: Use the 'SEE Question Paper Mapping' sheet for per-question details (Q. No → CO → PO/PSO → Bloom → Marks → Evidence).
A6: Section B — Bloom’s Level Distribution
A7: Bloom’s Level | B7: No. of Questions | C7: Total Marks | D7: % Weightage | E7: NBA Expectation (Guide) | H7: Total SEE Marks
A8: Remember | B8: =COUNTIF('SEE Question Paper Mapping'!F:F,"Remember") -> 1 | C8: =SUMIF('SEE Question Paper Mapping'!F:F,"Remember",'SEE Question Paper Mapping'!G:G) -> 4 | D8: =IF($H$8=0,"",C8/$H$8) -> 0.11428571 | E8: 10–15% | H8: =SUM('SEE Question Paper Mapping'!G:G) -> 35
A9: Understand | B9: =COUNTIF('SEE Question Paper Mapping'!F:F,"Understand") -> 0 | C9: =SUMIF('SEE Question Paper Mapping'!F:F,"Understand",'SEE Question Paper Mapping'!G:G) -> 0 | D9: =IF($H$8=0,"",C9/$H$8) -> 0 | E9: 15–20%
A10: Apply | B10: =COUNTIF('SEE Question Paper Mapping'!F:F,"Apply") -> 1 | C10: =SUMIF('SEE Question Paper Mapping'!F:F,"Apply",'SEE Question Paper Mapping'!G:G) -> 10 | D10: =IF($H$8=0,"",C10/$H$8) -> 0.28571429 | E10: 20–30%
A11: Analyze | B11: =COUNTIF('SEE Question Paper Mapping'!F:F,"Analyze") -> 1 | C11: =SUMIF('SEE Question Paper Mapping'!F:F,"Analyze",'SEE Question Paper Mapping'!G:G) -> 6 | D11: =IF($H$8=0,"",C11/$H$8) -> 0.17142857 | E11: 20–30%
A12: Evaluate | B12: =COUNTIF('SEE Question Paper Mapping'!F:F,"Evaluate") -> 0 | C12: =SUMIF('SEE Question Paper Mapping'!F:F,"Evaluate",'SEE Question Paper Mapping'!G:G) -> 0 | D12: =IF($H$8=0,"",C12/$H$8) -> 0 | E12: 10–20%
A13: Create | B13: =COUNTIF('SEE Question Paper Mapping'!F:F,"Create") -> 1 | C13: =SUMIF('SEE Question Paper Mapping'!F:F,"Create",'SEE Question Paper Mapping'!G:G) -> 15 | D13: =IF($H$8=0,"",C13/$H$8) -> 0.42857143 | E13: 10–15%
A17: Section C — CO–PO/PSO Coverage Summary
A18: CO | B18: PO(s) Addressed | C18: PSO(s) Addressed | D18: Questions Mapped | E18: Total Marks | F18: % Weightage
A19: CO1 | E19: =IFERROR(SUMIF('SEE Question Paper Mapping'!C:C,A19,'SEE Question Paper Mapping'!G:G),"") -> 4 | F19: =IF($H$8=0,"",E19/$H$8) -> 0.11428571
A20: CO2 | E20: =IFERROR(SUMIF('SEE Question Paper Mapping'!C:C,A20,'SEE Question Paper Mapping'!G:G),"") -> 6 | F20: =IF($H$8=0,"",E20/$H$8) -> 0.17142857
A21: CO3 | E21: =IFERROR(SUMIF('SEE Question Paper Mapping'!C:C,A21,'SEE Question Paper Mapping'!G:G),"") -> 10 | F21: =IF($H$8=0,"",E21/$H$8) -> 0.28571429
A22: CO4 | E22: =IFERROR(SUMIF('SEE Question Paper Mapping'!C:C,A22,'SEE Question Paper Mapping'!G:G),"") -> 15 | F22: =IF($H$8=0,"",E22/$H$8) -> 0.42857143
A23: CO5 | E23: =IFERROR(SUMIF('SEE Question Paper Mapping'!C:C,A23,'SEE Question Paper Mapping'!G:G),"") -> 0 | F23: =IF($H$8=0,"",E23/$H$8) -> 0
A24: CO6 | E24: =IFERROR(SUMIF('SEE Question Paper Mapping'!C:C,A24,'SEE Question Paper Mapping'!G:G),"") -> 0 | F24: =IF($H$8=0,"",E24/$H$8) -> 0
A25: CO7 | E25: =IFERROR(SUMIF('SEE Question Paper Mapping'!C:C,A25,'SEE Question Paper Mapping'!G:G),"") -> 0 | F25: =IF($H$8=0,"",E25/$H$8) -> 0
A26: CO8 | E26: =IFERROR(SUMIF('SEE Question Paper Mapping'!C:C,A26,'SEE Question Paper Mapping'!G:G),"") -> 0 | F26: =IF($H$8=0,"",E26/$H$8) -> 0
A27: CO9 | E27: =IFERROR(SUMIF('SEE Question Paper Mapping'!C:C,A27,'SEE Question Paper Mapping'!G:G),"") -> 0 | F27: =IF($H$8=0,"",E27/$H$8) -> 0
A28: CO10 | E28: =IFERROR(SUMIF('SEE Question Paper Mapping'!C:C,A28,'SEE Question Paper Mapping'!G:G),"") -> 0 | F28: =IF($H$8=0,"",E28/$H$8) -> 0
