Workbook

Sheet SEE Question Paper Mapping
A1: Q. No | B1: Question Description | C1: CO Mapped | D1: PO(s) Mapped | E1: PSO(s) Mapped | F1: Bloom’s Level | G1: Marks | H1: Evidence (File/Link)
A2: 1(a) | B2: Define Data Mining concepts | C2: CO1 | D2: PO1 | E2: PSO1 | F2: Remember | G2: 4 | H2: SEE_Q1a.pdf
A3: 1(b) | B3: Differentiate Classification vs Clustering | C3: CO2 | D3: PO2, PO3 | E3: PSO2 | F3: Analyze | G3: 6 | H3: SEE_Q1b.pdf
A4: 2 | B4: Apply Apriori algorithm on dataset | C4: CO3 | D4: PO4 | E4: PSO2 | F4: Apply | G4: 10 | H4: SEE_Q2.pdf
A5: 3 | B5: Design a neural network model for classification | C5: CO4 | D5: PO5 | E5: PSO3 | F5: Create | G5: 15 | H5: SEE_Q3.pdf

Sheet Question Paper Blueprint
A1: SEE Question Paper Blueprint
A3: Section A — Reference: Use the 'SEE Question Paper Mapping' sheet for per-question details (Q. No → CO → PO/PSO → Bloom → Marks → Evidence).
A6: Section B — Bloom’s Level Distribution
A7: Bloom’s Level | B7: No. of Questions | C7: Total Marks | D7: % Weightage | E7: NBA Expectation (Guide) | H7: Total SEE Marks
A8: Remember | B8: =COUNTIF('SEE Question Paper Mapping'!F:F,"Remember") -> 1 | C8: =SUMIF('SEE Question Paper Mapping'!F:F,"Remember",'SEE Question Paper Mapping'!G:G) -> 4 | D8: =IF($H$8=0,"",C8/$H$8) -> 0.11428571 | E8: 10–15% | H8: =SUM('SEE Question Paper Mapping'!G:G) -> 35
A9: Understand | B9: =COUNTIF('SEE Question Paper Mapping'!F:F,"Understand") -> 0 | C9: =SUMIF('SEE Question Paper Mapping'!F:F,"Understand",'SEE Question Paper Mapping'!G:G) -> 0 | D9: =IF($H$8=0,"",C9/$H$8) -> 0 | E9: 15–20%
A10: Apply | B10: =COUNTIF('SEE Question Paper Mapping'!F:F,"Apply") -> 1 | C10: =SUMIF('SEE Question Paper Mapping'!F:F,"Apply",'SEE Question Paper Mapping'!G:G) -> 10 | D10: =IF($H$8=0,"",C10/$H$8) -> 0.28571429 | E10: 20–30%
A11: Analyze | B11: =COUNTIF('SEE Question Paper Mapping'!F:F,"Analyze") -> 1 | C11: =SUMIF('SEE Question Paper Mapping'!F:F,"Analyze",'SEE Question Paper Mapping'!G:G) -> 6 | D11: =IF($H$8=0,"",C11/$H$8) -> 0.17142857 | E11: 20–30%
A12: Evaluate | B12: =COUNTIF('SEE Question Paper Mapping'!F:F,"Evaluate") -> 0 | C12: =SUMIF('SEE Question Paper Mapping'!F:F,"Evaluate",'SEE Question Paper Mapping'!G:G) -> 0 | D12: =IF($H$8=0,"",C12/$H$8) -> 0 | E12: 10–20%
A13: Create | B13: =COUNTIF('SEE Question Paper Mapping'!F:F,"Create") -> 1 | C13: =SUMIF('SEE Question Paper Mapping'!F:F,"Create",'SEE Question Paper Mapping'!G:G) -> 15 | D13: =IF($H$8=0,"",C13/$H$8) -> 0.42857143 | E13: 10–15%
A17: Section C — CO–PO/PSO Coverage Summary
A18: CO | B18: PO(s) Addressed | C18: PSO(s) Addressed | D18: Questions Mapped | E18: Total Marks | F18: % Weightage
A19: CO1 | E19: =IFERROR(SUMIF('SEE Question Paper Mapping'!C:C,A19,'SEE Question Paper Mapping'!G:G),"") -> 4 | F19: =IF($H$8=0,"",E19/$H$8) -> 0.11428571
A20: CO2 | E20: =IFERROR(SUMIF('SEE Question Paper Mapping'!C:C,A20,'SEE Question Paper Mapping'!G:G),"") -> 6 | F20: =IF($H$8=0,"",E20/$H$8) -> 0.17142857
A21: CO3 | E21: =IFERROR(SUMIF('SEE Question Paper Mapping'!C:C,A21,'SEE Question Paper Mapping'!G:G),"") -> 10 | F21: =IF($H$8=0,"",E21/$H$8) -> 0.28571429
A22: CO4 | E22: =IFERROR(SUMIF('SEE Question Paper Mapping'!C:C,A22,'SEE Question Paper Mapping'!G:G),"") -> 15 | F22: =IF($H$8=0,"",E22/$H$8) -> 0.42857143
A23: CO5 | E23: =IFERROR(SUMIF('SEE Question Paper Mapping'!C:C,A23,'SEE Question Paper Mapping'!G:G),"") -> 0 | F23: =IF($H$8=0,"",E23/$H$8) -> 0
A24: CO6 | E24: =IFERROR(SUMIF('SEE Question Paper Mapping'!C:C,A24,'SEE Question Paper Mapping'!G:G),"") -> 0 | F24: =IF($H$8=0,"",E24/$H$8) -> 0
A25: CO7 | E25: =IFERROR(SUMIF('SEE Question Paper Mapping'!C:C,A25,'SEE Question Paper Mapping'!G:G),"") -> 0 | F25: =IF($H$8=0,"",E25/$H$8) -> 0
A26: CO8 | E26: =IFERROR(SUMIF('SEE Question Paper Mapping'!C:C,A26,'SEE Question Paper Mapping'!G:G),"") -> 0 | F26: =IF($H$8=0,"",E26/$H$8) -> 0
A27: CO9 | E27: =IFERROR(SUMIF('SEE Question Paper Mapping'!C:C,A27,'SEE Question Paper Mapping'!G:G),"") -> 0 | F27: =IF($H$8=0,"",E27/$H$8) -> 0
A28: CO10 | E28: =IFERROR(SUMIF('SEE Question Paper Mapping'!C:C,A28,'SEE Question Paper Mapping'!G:G),"") -> 0 | F28: =IF($H$8=0,"",E28/$H$8) -> 0

Sheet SEE CO Attainment
A1: SEE CO Attainment (Derived from SEE Question Paper Mapping + Question-wise Class Averages)
A3: Section A — Question-wise Class Averages (enter Class Avg % as decimal, e.g., 0.72 = 72%)
A4: Q. No | B4: CO Mapped | C4: Max Marks | D4: Class Avg % (Manual) | E4: Attainment Level (0–3 Auto)
A5: ='SEE Question Paper Mapping'!A2 -> 1(a) | B5: ='SEE Question Paper Mapping'!C2 -> CO1 | C5: ='SEE Question Paper Mapping'!G2 -> 4 | E5: =IF(D5="","",IF(D5>=0.7,3,IF(D5>=0.6,2,IF(D5>=0.5,1,0))))
A6: ='SEE Question Paper Mapping'!A3 -> 1(b) | B6: ='SEE Question Paper Mapping'!C3 -> CO2 | C6: ='SEE Question Paper Mapping'!G3 -> 6 | E6: =IF(D6="","",IF(D6>=0.7,3,IF(D6>=0.6,2,IF(D6>=0.5,1,0))))
A7: ='SEE Question Paper Mapping'!A4 -> 2 | B7: ='SEE Question Paper Mapping'!C4 -> CO3 | C7: ='SEE Question Paper Mapping'!G4 -> 10 | E7: =IF(D7="","",IF(D7>=0.7,3,IF(D7>=0.6,2,IF(D7>=0.5,1,0))))
A8: ='SEE Question Paper Mapping'!A5 -> 3 | B8: ='SEE Question Paper Mapping'!C5 -> CO4 | C8: ='SEE Question Paper Mapping'!G5 -> 15 | E8: =IF(D8="","",IF(D8>=0.7,3,IF(D8>=0.6,2,IF(D8>=0.5,1,0))))
A9: ='SEE Question Paper Mapping'!A6 -> 0 | B9: ='SEE Question Paper Mapping'!C6 -> 0 | C9: ='SEE Question Paper Mapping'!G6 -> 0 | E9: =IF(D9="","",IF(D9>=0.7,3,IF(D9>=0.6,2,IF(D9>=0.5,1,0))))
A10: ='SEE Question Paper Mapping'!A7 -> 0 | B10: ='SEE Question Paper Mapping'!C7 -> 0 | C10: ='SEE Question Paper Mapping'!G7 -> 0 | E10: =IF(D10="","",IF(D10>=0.7,3,IF(D10>=0.6,2,IF(D10>=0.5,1,0))))
A11: ='SEE Question Paper Mapping'!A8 -> 0 | B11: ='SEE Question Paper Mapping'!C8 -> 0 | C11: ='SEE Question Paper Mapping'!G8 -> 0 | E11: =IF(D11="","",IF(D11>=0.7,3,IF(D11>=0.6,2,IF(D11>=0.5,1,0))))
A12: ='SEE Question Paper Mapping'!A9 -> 0 | B12: ='SEE Question Paper Mapping'!C9 -> 0 | C12: ='SEE Question Paper Mapping'!G9 -> 0 | E12: =IF(D12="","",IF(D12>=0.7,3,IF(D12>=0.6,2,IF(D12>=0.5,1,0))))
A13: ='SEE Question Paper Mapping'!A10 -> 0 | B13: ='SEE Question Paper Mapping'!C10 -> 0 | C13: ='SEE Question Paper Mapping'!G10 -> 0 | E13: =IF(D13="","",IF(D13>=0.7,3,IF(D13>=0.6,2,IF(D13>=0.5,1,0))))
A14: ='SEE Question Paper Mapping'!A11 -> 0 | B14: ='SEE Question Paper Mapping'!C11 -> 0 | C14: ='SEE Question Paper Mapping'!G11 -> 0 | E14: =IF(D14="","",IF(D14>=0.7,3,IF(D14>=0.6,2,IF(D14>=0.5,1,0))))
A15: ='SEE Question Paper Mapping'!A12 -> 0 | B15: ='SEE Question Paper Mapping'!C12 -> 0 | C15: ='SEE Question Paper Mapping'!G12 -> 0 | E15: =IF(D15="","",IF(D15>=0.7,3,IF(D15>=0.6,2,IF(D15>=0.5,1,0))))
A16: ='SEE Question Paper Mapping'!A13 -> 0 | B16: ='SEE Question Paper Mapping'!C13 -> 0 | C16: ='SEE Question Paper Mapping'!G13 -> 0 | E16: =IF(D16="","",IF(D16>=0.7,3,IF(D16>=0.6,2,IF(D16>=0.5,1,0))))
... A104: ='SEE Question Paper Mapping'!A101 -> 0 | B104: ='SEE Question Paper Mapping'!C101 -> 0 | C104: ='SEE Question Paper Mapping'!G101 -> 0 | E104: =IF(D104="","",IF(D104>=0.7,3,IF(D104>=0.6,2,IF(D104>=0.5,1,0))))
A110: Section B — CO-wise Aggregation from SEE
A111: CO | B111: Questions Mapped | C111: Total Marks (SEE) | D111: Weighted Avg % (Auto) | E111: Attainment Level (0–3 Auto)
A112: CO1 | C112: =IFERROR(SUMIF('SEE Question Paper Mapping'!C:C,A112,'SEE Question Paper Mapping'!G:G),"") -> 4 | D112: =IF(SUMIF(B$5:B$104,A112,C$5:C$104)=0,"",SUMPRODUCT((B$5:B$104=A112)*(D$5:D$104)*(C$5:C$104))/SUMIF(B$5:B$104,A112,C$5:C$104)) -> 0 | E112: =IF(D112="","",IF(D112>=0.7,3,IF(D112>=0.6,2,IF(D112>=0.5,1,0)))) -> 0
A113: CO2 | C113: =IFERROR(SUMIF('SEE Question Paper Mapping'!C:C,A113,'SEE Question Paper Mapping'!G:G),"") -> 6 | D113: =IF(SUMIF(B$5:B$104,A113,C$5:C$104)=0,"",SUMPRODUCT((B$5:B$104=A113)*(D$5:D$104)*(C$5:C$104))/SUMIF(B$5:B$104,A113,C$5:C$104)) -> 0 | E113: =IF(D113="","",IF(D113>=0.7,3,IF(D113>=0.6,2,IF(D113>=0.5,1,0)))) -> 0
A114: CO3 | C114: =IFERROR(SUMIF('SEE Question Paper Mapping'!C:C,A114,'SEE Question Paper Mapping'!G:G),"") -> 10 | D114: =IF(SUMIF(B$5:B$104,A114,C$5:C$104)=0,"",SUMPRODUCT((B$5:B$104=A114)*(D$5:D$104)*(C$5:C$104))/SUMIF(B$5:B$104,A114,C$5:C$104)) -> 0 | E114: =IF(D114="","",IF(D114>=0.7,3,IF(D114>=0.6,2,IF(D114>=0.5,1,0)))) -> 0
A115: CO4 | C115: =IFERROR(SUMIF('SEE Question Paper Mapping'!C:C,A115,'SEE Question Paper Mapping'!G:G),"") -> 15 | D115: =IF(SUMIF(B$5:B$104,A115,C$5:C$104)=0,"",SUMPRODUCT((B$5:B$104=A115)*(D$5:D$104)*(C$5:C$104))/SUMIF(B$5:B$104,A115,C$5:C$104)) -> 0 | E115: =IF(D115="","",IF(D115>=0.7,3,IF(D115>=0.6,2,IF(D115>=0.5,1,0)))) -> 0
A116: CO5 | C116: =IFERROR(SUMIF('SEE Question Paper Mapping'!C:C,A116,'SEE Question Paper Mapping'!G:G),"") -> 0 | D116: =IF(SUMIF(B$5:B$104,A116,C$5:C$104)=0,"",SUMPRODUCT((B$5:B$104=A116)*(D$5:D$104)*(C$5:C$104))/SUMIF(B$5:B$104,A116,C$5:C$104)) | E116: =IF(D116="","",IF(D116>=0.7,3,IF(D116>=0.6,2,IF(D116>=0.5,1,0))))
A117: CO6 | C117: =IFERROR(SUMIF('SEE Question Paper Mapping'!C:C,A117,'SEE Question Paper Mapping'!G:G),"") -> 0 | D117: =IF(SUMIF(B$5:B$104,A117,C$5:C$104)=0,"",SUMPRODUCT((B$5:B$104=A117)*(D$5:D$104)*(C$5:C$104))/SUMIF(B$5:B$104,A117,C$5:C$104)) | E117: =IF(D117="","",IF(D117>=0.7,3,IF(D117>=0.6,2,IF(D117>=0.5,1,0))))
A118: CO7 | C118: =IFERROR(SUMIF('SEE Question Paper Mapping'!C:C,A118,'SEE Question Paper Mapping'!G:G),"") -> 0 | D118: =IF(SUMIF(B$5:B$104,A118,C$5:C$104)=0,"",SUMPRODUCT((B$5:B$104=A118)*(D$5:D$104)*(C$5:C$104))/SUMIF(B$5:B$104,A118,C$5:C$104)) | E118: =IF(D118="","",IF(D118>=0.7,3,IF(D118>=0.6,2,IF(D118>=0.5,1,0))))
A119: CO8 | C119: =IFERROR(SUMIF('SEE Question Paper Mapping'!C:C,A119,'SEE Question Paper Mapping'!G:G),"") -> 0 | D119: =IF(SUMIF(B$5:B$104,A119,C$5:C$104)=0,"",SUMPRODUCT((B$5:B$104=A119)*(D$5:D$104)*(C$5:C$104))/SUMIF(B$5:B$104,A119,C$5:C$104)) | E119: =IF(D119="","",IF(D119>=0.7,3,IF(D119>=0.6,2,IF(D119>=0.5,1,0))))
A120: CO9 | C120: =IFERROR(SUMIF('SEE Question Paper Mapping'!C:C,A120,'SEE Question Paper Mapping'!G:G),"") -> 0 | D120: =IF(SUMIF(B$5:B$104,A120,C$5:C$104)=0,"",SUMPRODUCT((B$5:B$104=A120)*(D$5:D$104)*(C$5:C$104))/SUMIF(B$5:B$104,A120,C$5:C$104)) | E120: =IF(D120="","",IF(D120>=0.7,3,IF(D120>=0.6,2,IF(D120>=0.5,1,0))))
A121: CO10 | C121: =IFERROR(SUMIF('SEE Question Paper Mapping'!C:C,A121,'SEE Question Paper Mapping'!G:G),"") -> 0 | D121: =IF(SUMIF(B$5:B$104,A121,C$5:C$104)=0,"",SUMPRODUCT((B$5:B$104=A121)*(D$5:D$104)*(C$5:C$104))/SUMIF(B$5:B$104,A121,C$5:C$104)) | E121: =IF(D121="","",IF(D121>=0.7,3,IF(D121>=0.6,2,IF(D121>=0.5,1,0))))

Sheet SEE Mapping Sheet
A1: Simplified SEE Mapping Sheet (Question → CO → PO/PSO → Marks)
A3: Q. No | B3: Question Description | C3: CO Mapped | D3: PO(s) Mapped | E3: PSO(s) Mapped | F3: Max Marks
A4: ='SEE Question Paper Mapping'!A2 -> 1(a) | B4: ='SEE Question Paper Mapping'!B2 -> Define Data Mining concepts | C4: ='SEE Question Paper Mapping'!C2 -> CO1 | D4: ='SEE Question Paper Mapping'!D2 -> PO1 | E4: ='SEE Question Paper Mapping'!E2 -> PSO1 | F4: ='SEE Question Paper Mapping'!G2 -> 4
A5: ='SEE Question Paper Mapping'!A3 -> 1(b) | B5: ='SEE Question Paper Mapping'!B3 -> Differentiate Classification vs Clustering | C5: ='SEE Question Paper Mapping'!C3 -> CO2 | D5: ='SEE Question Paper Mapping'!D3 -> PO2, PO3 | E5: ='SEE Question Paper Mapping'!E3 -> PSO2 | F5: ='SEE Question Paper Mapping'!G3 -> 6
A6: ='SEE Question Paper Mapping'!A4 -> 2 | B6: ='SEE Question Paper Mapping'!B4 -> Apply Apriori algorithm on dataset | C6: ='SEE Question Paper Mapping'!C4 -> CO3 | D6: ='SEE Question Paper Mapping'!D4 -> PO4 | E6: ='SEE Question Paper Mapping'!E4 -> PSO2 | F6: ='SEE Question Paper Mapping'!G4 -> 10
A7: ='SEE Question Paper Mapping'!A5 -> 3 | B7: ='SEE Question Paper Mapping'!B5 -> Design a neural network model for classification | C7: ='SEE Question Paper Mapping'!C5 -> CO4 | D7: ='SEE Question Paper Mapping'!D5 -> PO5 | E7: ='SEE Question Paper Mapping'!E5 -> PSO3 | F7: ='SEE Question Paper Mapping'!G5 -> 15
A8: ='SEE Question Paper Mapping'!A6 -> 0 | B8: ='SEE Question Paper Mapping'!B6 -> 0 | C8: ='SEE Question Paper Mapping'!C6 -> 0 | D8: ='SEE Question Paper Mapping'!D6 -> 0 | E8: ='SEE Question Paper Mapping'!E6 -> 0 | F8: ='SEE Question Paper Mapping'!G6 -> 0
A9: ='SEE Question Paper Mapping'!A7 -> 0 | B9: ='SEE Question Paper Mapping'!B7 -> 0 | C9: ='SEE Question Paper Mapping'!C7 -> 0 | D9: ='SEE Question Paper Mapping'!D7 -> 0 | E9: ='SEE Question Paper Mapping'!E7 -> 0 | F9: ='SEE Question Paper Mapping'!G7 -> 0
A10: ='SEE Question Paper Mapping'!A8 -> 0 | B10: ='SEE Question Paper Mapping'!B8 -> 0 | C10: ='SEE Question Paper Mapping'!C8 -> 0 | D10: ='SEE Question Paper Mapping'!D8 -> 0 | E10: ='SEE Question Paper Mapping'!E8 -> 0 | F10: ='SEE Question Paper Mapping'!G8 -> 0
A11: ='SEE Question Paper Mapping'!A9 -> 0 | B11: ='SEE Question Paper Mapping'!B9 -> 0 | C11: ='SEE Question Paper Mapping'!C9 -> 0 | D11: ='SEE Question Paper Mapping'!D9 -> 0 | E11: ='SEE Question Paper Mapping'!E9 -> 0 | F11: ='SEE Question Paper Mapping'!G9 -> 0
A12: ='SEE Question Paper Mapping'!A10 -> 0 | B12: ='SEE Question Paper Mapping'!B10 -> 0 | C12: ='SEE Question Paper Mapping'!C10 -> 0 | D12: ='SEE Question Paper Mapping'!D10 -> 0 | E12: ='SEE Question Paper Mapping'!E10 -> 0 | F12: ='SEE Question Paper Mapping'!G10 -> 0
A13: ='SEE Question Paper Mapping'!A11 -> 0 | B13: ='SEE Question Paper Mapping'!B11 -> 0 | C13: ='SEE Question Paper Mapping'!C11 -> 0 | D13: ='SEE Question Paper Mapping'!D11 -> 0 | E13: ='SEE Question Paper Mapping'!E11 -> 0 | F13: ='SEE Question Paper Mapping'!G11 -> 0
A14: ='SEE Question Paper Mapping'!A12 -> 0 | B14: ='SEE Question Paper Mapping'!B12 -> 0 | C14: ='SEE Question Paper Mapping'!C12 -> 0 | D14: ='SEE Question Paper Mapping'!D12 -> 0 | E14: ='SEE Question Paper Mapping'!E12 -> 0 | F14: ='SEE Question Paper Mapping'!G12 -> 0
A15: ='SEE Question Paper Mapping'!A13 -> 0 | B15: ='SEE Question Paper Mapping'!B13 -> 0 | C15: ='SEE Question Paper Mapping'!C13 -> 0 | D15: ='SEE Question Paper Mapping'!D13 -> 0 | E15: ='SEE Question Paper Mapping'!E13 -> 0 | F15: ='SEE Question Paper Mapping'!G13 -> 0
... A19: ='SEE Question Paper Mapping'!A17 -> 0 | B19: ='SEE Question Paper Mapping'!B17 -> 0 | C19: ='SEE Question Paper Mapping'!C17 -> 0 | D19: ='SEE Question Paper Mapping'!D17 -> 0 | E19: ='SEE Question Paper Mapping'!E17 -> 0 | F19: ='SEE Question Paper Mapping'!G17 -> 0

Sheet SEE Answer Scripts Log
A1: SEE Answer Scripts Log (High / Medium / Low Achievers)
A3: Course Code | B3: Course Name | C3: Assessment (SEE) | D3: Script Type (High/Medium/Low) | E3: COs Covered | F3: Evidence File (Scanned PDF/Folder Link) | G3: Remarks
A4: CSE301 | B4: Data Mining | C4: SEE | D4: High Achiever | E4: CO1, CO3, CO4 | F4: SEE_CSE301_High.pdf | G4: Strong conceptual + applied answers
A5: CSE301 | B5: Data Mining | C5: SEE | D5: Medium Achiever | E5: CO2, CO3 | F5: SEE_CSE301_Medium.pdf | G5: Average performance with partial accuracy
A6: CSE301 | B6: Data Mining | C6: SEE | D6: Low Achiever | E6: CO1, CO2 | F6: SEE_CSE301_Low.pdf | G6: Weak answers, below 40%
