Workbook

Sheet Labs
A1: Lab Name
A2: Programming Lab
A3: Electronics Lab
A4: Mechanical Workshop
A5: AI & Data Science Lab
A6: Chemistry Lab

Sheet Raw_Feedback
A1: Timestamp | B1: Lab Name | C1: Fire Safety (1–5) | D1: Electrical Safety (1–5) | E1: PPE/Equipment Safety (1–5) | F1: Chemical Safety (1–5) | G1: Emergency Preparedness (1–5) | H1: Training & Awareness (1–5) | I1: Overall Safety (1–5) | J1: Suggestions / Comments
A2: 2025-08-20 10:05 | B2: Programming Lab | C2: 4 | D2: 5 | E2: 4 | G2: 4 | H2: 4 | I2: 4 | J2: Need more safety posters
A3: 2025-08-20 10:12 | B3: Electronics Lab | C3: 3 | D3: 4 | E3: 3 | G3: 3 | H3: 3 | I3: 3 | J3: Replace old insulated mats
A4: 2025-08-20 10:18 | B4: Mechanical Workshop | C4: 5 | D4: 4 | E4: 5 | G4: 5 | H4: 4 | I4: 5 | J4: Refresher PPE training annually
A5: 2025-08-20 10:25 | B5: Chemistry Lab | C5: 4 | D5: 3 | E5: 4 | F5: 4 | G5: 4 | H5: 3 | I5: 4 | J5: Improve fume hood ventilation

Sheet Analysis
A1: Lab Name | B1: Responses Count | C1: Avg Fire | D1: Avg Electrical | E1: Avg PPE/Equip | F1: Avg Chemical | G1: Avg Emergency | H1: Avg Training | I1: Avg Overall (Direct) | J1: Overall Safety Score (Aspect Means)
A2: Programming Lab | B2: =COUNTIF(Raw_Feedback!$B:$B,A2) | C2: =IF(B2>0,AVERAGEIF(Raw_Feedback!$B:$B,A2,Raw_Feedback!$C:$C),"") | D2: =IF(B2>0,AVERAGEIF(Raw_Feedback!$B:$B,A2,Raw_Feedback!$D:$D),"") | E2: =IF(B2>0,AVERAGEIF(Raw_Feedback!$B:$B,A2,Raw_Feedback!$E:$E),"") | F2: =IF(B2>0,AVERAGEIF(Raw_Feedback!$B:$B,A2,Raw_Feedback!$F:$F),"") | G2: =IF(B2>0,AVERAGEIF(Raw_Feedback!$B:$B,A2,Raw_Feedback!$G:$G),"") | H2: =IF(B2>0,AVERAGEIF(Raw_Feedback!$B:$B,A2,Raw_Feedback!$H:$H),"") | I2: =IF(B2>0,AVERAGEIF(Raw_Feedback!$B:$B,A2,Raw_Feedback!$I:$I),"") | J2: =IF(B2>0,AVERAGE(C2:H2),"")
A3: Electronics Lab | B3: =COUNTIF(Raw_Feedback!$B:$B,A3) | C3: =IF(B3>0,AVERAGEIF(Raw_Feedback!$B:$B,A3,Raw_Feedback!$C:$C),"") | D3: =IF(B3>0,AVERAGEIF(Raw_Feedback!$B:$B,A3,Raw_Feedback!$D:$D),"") | E3: =IF(B3>0,AVERAGEIF(Raw_Feedback!$B:$B,A3,Raw_Feedback!$E:$E),"") | F3: =IF(B3>0,AVERAGEIF(Raw_Feedback!$B:$B,A3,Raw_Feedback!$F:$F),"") | G3: =IF(B3>0,AVERAGEIF(Raw_Feedback!$B:$B,A3,Raw_Feedback!$G:$G),"") | H3: =IF(B3>0,AVERAGEIF(Raw_Feedback!$B:$B,A3,Raw_Feedback!$H:$H),"") | I3: =IF(B3>0,AVERAGEIF(Raw_Feedback!$B:$B,A3,Raw_Feedback!$I:$I),"") | J3: =IF(B3>0,AVERAGE(C3:H3),"")
A4: Mechanical Workshop | B4: =COUNTIF(Raw_Feedback!$B:$B,A4) | C4: =IF(B4>0,AVERAGEIF(Raw_Feedback!$B:$B,A4,Raw_Feedback!$C:$C),"") | D4: =IF(B4>0,AVERAGEIF(Raw_Feedback!$B:$B,A4,Raw_Feedback!$D:$D),"") | E4: =IF(B4>0,AVERAGEIF(Raw_Feedback!$B:$B,A4,Raw_Feedback!$E:$E),"") | F4: =IF(B4>0,AVERAGEIF(Raw_Feedback!$B:$B,A4,Raw_Feedback!$F:$F),"") | G4: =IF(B4>0,AVERAGEIF(Raw_Feedback!$B:$B,A4,Raw_Feedback!$G:$G),"") | H4: =IF(B4>0,AVERAGEIF(Raw_Feedback!$B:$B,A4,Raw_Feedback!$H:$H),"") | I4: =IF(B4>0,AVERAGEIF(Raw_Feedback!$B:$B,A4,Raw_Feedback!$I:$I),"") | J4: =IF(B4>0,AVERAGE(C4:H4),"")
A5: AI & Data Science Lab | B5: =COUNTIF(Raw_Feedback!$B:$B,A5) | C5: =IF(B5>0,AVERAGEIF(Raw_Feedback!$B:$B,A5,Raw_Feedback!$C:$C),"") | D5: =IF(B5>0,AVERAGEIF(Raw_Feedback!$B:$B,A5,Raw_Feedback!$D:$D),"") | E5: =IF(B5>0,AVERAGEIF(Raw_Feedback!$B:$B,A5,Raw_Feedback!$E:$E),"") | F5: =IF(B5>0,AVERAGEIF(Raw_Feedback!$B:$B,A5,Raw_Feedback!$F:$F),"") | G5: =IF(B5>0,AVERAGEIF(Raw_Feedback!$B:$B,A5,Raw_Feedback!$G:$G),"") | H5: =IF(B5>0,AVERAGEIF(Raw_Feedback!$B:$B,A5,Raw_Feedback!$H:$H),"") | I5: =IF(B5>0,AVERAGEIF(Raw_Feedback!$B:$B,A5,Raw_Feedback!$I:$I),"") | J5: =IF(B5>0,AVERAGE(C5:H5),"")
A6: Chemistry Lab | B6: =COUNTIF(Raw_Feedback!$B:$B,A6) | C6: =IF(B6>0,AVERAGEIF(Raw_Feedback!$B:$B,A6,Raw_Feedback!$C:$C),"") | D6: =IF(B6>0,AVERAGEIF(Raw_Feedback!$B:$B,A6,Raw_Feedback!$D:$D),"") | E6: =IF(B6>0,AVERAGEIF(Raw_Feedback!$B:$B,A6,Raw_Feedback!$E:$E),"") | F6: =IF(B6>0,AVERAGEIF(Raw_Feedback!$B:$B,A6,Raw_Feedback!$F:$F),"") | G6: =IF(B6>0,AVERAGEIF(Raw_Feedback!$B:$B,A6,Raw_Feedback!$G:$G),"") | H6: =IF(B6>0,AVERAGEIF(Raw_Feedback!$B:$B,A6,Raw_Feedback!$H:$H),"") | I6: =IF(B6>0,AVERAGEIF(Raw_Feedback!$B:$B,A6,Raw_Feedback!$I:$I),"") | J6: =IF(B6>0,AVERAGE(C6:H6),"")

Sheet Dashboard
A1: KPI | B1: Value / Formula
A2: Overall Safety (Direct) - All Labs | B2: =AVERAGE(Analysis!I2:I6)
A3: Overall Safety (Aspect Means) - All Labs | B3: =AVERAGE(Analysis!J2:J6)
A4: Total Responses | B4: =COUNTA(Raw_Feedback!B2:B1000)
A5: # Labs below 3.5 (Aspect Means) | B5: =COUNTIF(Analysis!J2:J6,"<3.5")
