Workbook

Sheet Labs
A1: Lab Name
A2: Programming Lab
A3: Electronics Lab
A4: AI & Data Science Lab
A5: Mechanical Workshop
A6: Communication Systems Lab

Sheet Raw_Feedback
A1: Timestamp | B1: Lab Name | C1: Cleanliness (1-5) | D1: Lighting & Ventilation (1-5) | E1: Seating Comfort (1-5) | F1: ICT Facilities (1-5) | G1: Equipment Availability (1-5) | H1: Safety (1-5) | I1: Accessibility (1-5) | J1: Extended Hours (1-5) | K1: Overall Ambiance (1-5) | L1: Student Suggestions
A2: 2025-08-20 10:05 | B2: Programming Lab | C2: 5 | D2: 4 | E2: 4 | F2: 4 | G2: 4 | H2: 5 | I2: 4 | J2: 3 | K2: 4 | L2: Need more bandwidth during peak hours
A3: 2025-08-20 10:07 | B3: Electronics Lab | C3: 4 | D3: 4 | E3: 4 | F3: 3 | G3: 3 | H3: 4 | I3: 3 | J3: 3 | K3: 4 | L3: Regular calibration requested
A4: 2025-08-20 10:12 | B4: Mechanical Workshop | C4: 4 | D4: 3 | E4: 3 | F4: 3 | G4: 4 | H4: 4 | I4: 3 | J4: 2 | K4: 3 | L4: More ventilation in summer
A5: 2025-08-20 10:18 | B5: AI & Data Science Lab | C5: 5 | D5: 5 | E5: 4 | F5: 5 | G5: 5 | H5: 5 | I5: 4 | J5: 4 | K5: 5 | L5: Add one more GPU node

Sheet Analysis
A1: Lab Name | B1: Responses Count | C1: Avg Cleanliness | D1: Avg Lighting & Ventilation | E1: Avg Seating Comfort | F1: Avg ICT Facilities | G1: Avg Equipment Availability | H1: Avg Safety | I1: Avg Accessibility | J1: Avg Extended Hours | K1: Avg Overall (Direct) | L1: Overall (Aspect Means)
A2: Programming Lab | B2: =COUNTIF(Raw_Feedback!$B:$B,A2) | C2: =IF(B2>0,AVERAGEIF(Raw_Feedback!$B:$B,A2,Raw_Feedback!$C:$C),"") | D2: =IF(B2>0,AVERAGEIF(Raw_Feedback!$B:$B,A2,Raw_Feedback!$D:$D),"") | E2: =IF(B2>0,AVERAGEIF(Raw_Feedback!$B:$B,A2,Raw_Feedback!$E:$E),"") | F2: =IF(B2>0,AVERAGEIF(Raw_Feedback!$B:$B,A2,Raw_Feedback!$F:$F),"") | G2: =IF(B2>0,AVERAGEIF(Raw_Feedback!$B:$B,A2,Raw_Feedback!$G:$G),"") | H2: =IF(B2>0,AVERAGEIF(Raw_Feedback!$B:$B,A2,Raw_Feedback!$H:$H),"") | I2: =IF(B2>0,AVERAGEIF(Raw_Feedback!$B:$B,A2,Raw_Feedback!$I:$I),"") | J2: =IF(B2>0,AVERAGEIF(Raw_Feedback!$B:$B,A2,Raw_Feedback!$J:$J),"") | K2: =IF(B2>0,AVERAGEIF(Raw_Feedback!$B:$B,A2,Raw_Feedback!$K:$K),"") | L2: =IF(B2>0,AVERAGE(C2:J2),"")
A3: Electronics Lab | B3: =COUNTIF(Raw_Feedback!$B:$B,A3) | C3: =IF(B3>0,AVERAGEIF(Raw_Feedback!$B:$B,A3,Raw_Feedback!$C:$C),"") | D3: =IF(B3>0,AVERAGEIF(Raw_Feedback!$B:$B,A3,Raw_Feedback!$D:$D),"") | E3: =IF(B3>0,AVERAGEIF(Raw_Feedback!$B:$B,A3,Raw_Feedback!$E:$E),"") | F3: =IF(B3>0,AVERAGEIF(Raw_Feedback!$B:$B,A3,Raw_Feedback!$F:$F),"") | G3: =IF(B3>0,AVERAGEIF(Raw_Feedback!$B:$B,A3,Raw_Feedback!$G:$G),"") | H3: =IF(B3>0,AVERAGEIF(Raw_Feedback!$B:$B,A3,Raw_Feedback!$H:$H),"") | I3: =IF(B3>0,AVERAGEIF(Raw_Feedback!$B:$B,A3,Raw_Feedback!$I:$I),"") | J3: =IF(B3>0,AVERAGEIF(Raw_Feedback!$B:$B,A3,Raw_Feedback!$J:$J),"") | K3: =IF(B3>0,AVERAGEIF(Raw_Feedback!$B:$B,A3,Raw_Feedback!$K:$K),"") | L3: =IF(B3>0,AVERAGE(C3:J3),"")
A4: AI & Data Science Lab | B4: =COUNTIF(Raw_Feedback!$B:$B,A4) | C4: =IF(B4>0,AVERAGEIF(Raw_Feedback!$B:$B,A4,Raw_Feedback!$C:$C),"") | D4: =IF(B4>0,AVERAGEIF(Raw_Feedback!$B:$B,A4,Raw_Feedback!$D:$D),"") | E4: =IF(B4>0,AVERAGEIF(Raw_Feedback!$B:$B,A4,Raw_Feedback!$E:$E),"") | F4: =IF(B4>0,AVERAGEIF(Raw_Feedback!$B:$B,A4,Raw_Feedback!$F:$F),"") | G4: =IF(B4>0,AVERAGEIF(Raw_Feedback!$B:$B,A4,Raw_Feedback!$G:$G),"") | H4: =IF(B4>0,AVERAGEIF(Raw_Feedback!$B:$B,A4,Raw_Feedback!$H:$H),"") | I4: =IF(B4>0,AVERAGEIF(Raw_Feedback!$B:$B,A4,Raw_Feedback!$I:$I),"") | J4: =IF(B4>0,AVERAGEIF(Raw_Feedback!$B:$B,A4,Raw_Feedback!$J:$J),"") | K4: =IF(B4>0,AVERAGEIF(Raw_Feedback!$B:$B,A4,Raw_Feedback!$K:$K),"") | L4: =IF(B4>0,AVERAGE(C4:J4),"")
A5: Mechanical Workshop | B5: =COUNTIF(Raw_Feedback!$B:$B,A5) | C5: =IF(B5>0,AVERAGEIF(Raw_Feedback!$B:$B,A5,Raw_Feedback!$C:$C),"") | D5: =IF(B5>0,AVERAGEIF(Raw_Feedback!$B:$B,A5,Raw_Feedback!$D:$D),"") | E5: =IF(B5>0,AVERAGEIF(Raw_Feedback!$B:$B,A5,Raw_Feedback!$E:$E),"") | F5: =IF(B5>0,AVERAGEIF(Raw_Feedback!$B:$B,A5,Raw_Feedback!$F:$F),"") | G5: =IF(B5>0,AVERAGEIF(Raw_Feedback!$B:$B,A5,Raw_Feedback!$G:$G),"") | H5: =IF(B5>0,AVERAGEIF(Raw_Feedback!$B:$B,A5,Raw_Feedback!$H:$H),"") | I5: =IF(B5>0,AVERAGEIF(Raw_Feedback!$B:$B,A5,Raw_Feedback!$I:$I),"") | J5: =IF(B5>0,AVERAGEIF(Raw_Feedback!$B:$B,A5,Raw_Feedback!$J:$J),"") | K5: =IF(B5>0,AVERAGEIF(Raw_Feedback!$B:$B,A5,Raw_Feedback!$K:$K),"") | L5: =IF(B5>0,AVERAGE(C5:J5),"")
A6: Communication Systems Lab | B6: =COUNTIF(Raw_Feedback!$B:$B,A6) | C6: =IF(B6>0,AVERAGEIF(Raw_Feedback!$B:$B,A6,Raw_Feedback!$C:$C),"") | D6: =IF(B6>0,AVERAGEIF(Raw_Feedback!$B:$B,A6,Raw_Feedback!$D:$D),"") | E6: =IF(B6>0,AVERAGEIF(Raw_Feedback!$B:$B,A6,Raw_Feedback!$E:$E),"") | F6: =IF(B6>0,AVERAGEIF(Raw_Feedback!$B:$B,A6,Raw_Feedback!$F:$F),"") | G6: =IF(B6>0,AVERAGEIF(Raw_Feedback!$B:$B,A6,Raw_Feedback!$G:$G),"") | H6: =IF(B6>0,AVERAGEIF(Raw_Feedback!$B:$B,A6,Raw_Feedback!$H:$H),"") | I6: =IF(B6>0,AVERAGEIF(Raw_Feedback!$B:$B,A6,Raw_Feedback!$I:$I),"") | J6: =IF(B6>0,AVERAGEIF(Raw_Feedback!$B:$B,A6,Raw_Feedback!$J:$J),"") | K6: =IF(B6>0,AVERAGEIF(Raw_Feedback!$B:$B,A6,Raw_Feedback!$K:$K),"") | L6: =IF(B6>0,AVERAGE(C6:J6),"")

Sheet Dashboard
A1: KPI | B1: Value / Formula
A2: Overall Ambiance (Direct) - All Labs | B2: =AVERAGE(Analysis!K2:K6)
A3: Overall (Aspect Means) - All Labs | B3: =AVERAGE(Analysis!L2:L6)
A4: Total Responses | B4: =COUNTA(Raw_Feedback!B2:B1000)
A5: # Labs below 3.5 (Direct) | B5: =COUNTIF(Analysis!K2:K6,"<3.5")
