Workbook

Sheet Instructions
A1: Workload Allocation Tracker — Identify 100% First-Year Load (FF) for NBA SFR
A3: - Use 'Faculty_Master' to list all faculty (Emp_ID, Name, Dept, Employment Type, Active).
A4: - Enter teaching assignments in 'Faculty_Load' per course with weekly L/T/P hours and year label (CAY, CAYm1, CAYm2).
A5: - The tracker auto-computes Total Hours per assignment and flags First-Year hours when Level='FY'.
A6: - 'Summary' aggregates hours by faculty & year; flags **FF** when 100% of a faculty's load is first-year.
A7: - Use FF counts (FF1, FF2, FF3) directly in your SFR denominator: Effective Faculty = F − FF.

Sheet Faculty_Master
A1: Emp_ID | B1: Faculty_Name | C1: Dept/Cluster | D1: Employment_Type (Regular/Contractual_FT) | E1: Active (Yes/No) | F1: Remarks
A2: EMP001 | B2: Dr. A.B. XYZ | C2: CSE | D2: Regular | E2: Yes
A3: EMP002 | B3: Ms. C.D. PQR | C3: CSE-AI | D3: Regular | E3: Yes
A4: EMP003 | B4: Mr. E.F. LMN | C4: IT (Allied) | D4: Contractual_FT | E4: Yes
A5: EMP004 | B5: Ms. G.H. UVW | C5: Applied Science (First Year) | D5: Regular | E5: Yes

Sheet Faculty_Load
A1: Year_Label (CAY/CAYm1/CAYm2) | B1: Emp_ID | C1: Faculty_Name | D1: Dept/Cluster | E1: Course_Code | F1: Course_Title | G1: Level (FY/UG2/UG3/UG4/PG1/PG2) | H1: L (hrs/wk) | I1: T (hrs/wk) | J1: P (hrs/wk) | K1: Total_Hours | L1: Is_FirstYear_Course | M1: FirstYear_Hours
A2: CAY | B2: EMP001 | C2: Dr. A.B. XYZ | D2: CSE | E2: CS201 | F2: Data Structures | G2: UG2 | H2: 3 | I2: 1 | J2: 2 | K2: =SUM(H2:J2) | L2: =IF(G2="FY","Yes","No") | M2: =IF(L2="Yes",K2,0)
A3: CAY | B3: EMP002 | C3: Ms. C.D. PQR | D3: CSE-AI | E3: CS101 | F3: Programming in C | G3: FY | H3: 4 | I3: 2 | J3: 0 | K3: =SUM(H3:J3) | L3: =IF(G3="FY","Yes","No") | M3: =IF(L3="Yes",K3,0)
A4: CAY | B4: EMP003 | C4: Mr. E.F. LMN | D4: IT (Allied) | E4: CS305 | F4: Operating Systems | G4: UG3 | H4: 3 | I4: 1 | J4: 2 | K4: =SUM(H4:J4) | L4: =IF(G4="FY","Yes","No") | M4: =IF(L4="Yes",K4,0)
A5: CAY | B5: EMP004 | C5: Ms. G.H. UVW | D5: Applied Science | E5: MA101 | F5: Engineering Maths | G5: FY | H5: 4 | I5: 2 | J5: 0 | K5: =SUM(H5:J5) | L5: =IF(G5="FY","Yes","No") | M5: =IF(L5="Yes",K5,0)
A6: CAYm1 | B6: EMP001 | C6: Dr. A.B. XYZ | D6: CSE | E6: CS306 | F6: DBMS | G6: UG3 | H6: 3 | I6: 1 | J6: 2 | K6: =SUM(H6:J6) | L6: =IF(G6="FY","Yes","No") | M6: =IF(L6="Yes",K6,0)
A7: CAYm1 | B7: EMP002 | C7: Ms. C.D. PQR | D7: CSE-AI | E7: CS102 | F7: Advanced C | G7: FY | H7: 4 | I7: 2 | J7: 0 | K7: =SUM(H7:J7) | L7: =IF(G7="FY","Yes","No") | M7: =IF(L7="Yes",K7,0)

Sheet Summary
A1: Metric | B1: CAY | C1: CAYm1 | D1: CAYm2
A2: Total Faculty (Active in Master) | B2: =COUNTIF(Faculty_Master!E:E,"Yes") | C2: =COUNTIF(Faculty_Master!E:E,"Yes") | D2: =COUNTIF(Faculty_Master!E:E,"Yes")
A3: FF Count (100% First-Year Load) | B3: =COUNTIF(F5:F8,"FF") | C3: =COUNTIF(J5:J8,"FF") | D3: =COUNTIF(N5:N8,"FF")
A4: Emp_ID | B4: Faculty_Name | C4: Tot_Hrs_CAY | D4: FY_Hrs_CAY | E4: %FY_CAY | F4: FF_Flag_CAY | G4: Tot_Hrs_CAYm1 | H4: FY_Hrs_CAYm1 | I4: %FY_CAYm1 | J4: FF_Flag_CAYm1 | K4: Tot_Hrs_CAYm2 | L4: FY_Hrs_CAYm2 | M4: %FY_CAYm2 | N4: FF_Flag_CAYm2
A5: EMP001 | B5: Dr. A.B. XYZ | C5: =SUMIFS(Faculty_Load!K:K, Faculty_Load!A:A,"CAY", Faculty_Load!B:B,$A5) | D5: =SUMIFS(Faculty_Load!M:M, Faculty_Load!A:A,"CAY", Faculty_Load!B:B,$A5) | E5: =IF(C5>0, D5/C5, "") | F5: =IF(C5>0, IF(D5=C5, "FF", "Counted"), "") | G5: =SUMIFS(Faculty_Load!K:K, Faculty_Load!A:A,"CAYm1", Faculty_Load!B:B,$A5) | H5: =SUMIFS(Faculty_Load!M:M, Faculty_Load!A:A,"CAYm1", Faculty_Load!B:B,$A5) | I5: =IF(G5>0, H5/G5, "") | J5: =IF(G5>0, IF(H5=G5, "FF", "Counted"), "") | K5: =SUMIFS(Faculty_Load!K:K, Faculty_Load!A:A,"CAYm2", Faculty_Load!B:B,$A5) | L5: =SUMIFS(Faculty_Load!M:M, Faculty_Load!A:A,"CAYm2", Faculty_Load!B:B,$A5) | M5: =IF(K5>0, L5/K5, "") | N5: =IF(K5>0, IF(L5=K5, "FF", "Counted"), "")
A6: EMP002 | B6: Ms. C.D. PQR | C6: =SUMIFS(Faculty_Load!K:K, Faculty_Load!A:A,"CAY", Faculty_Load!B:B,$A6) | D6: =SUMIFS(Faculty_Load!M:M, Faculty_Load!A:A,"CAY", Faculty_Load!B:B,$A6) | E6: =IF(C6>0, D6/C6, "") | F6: =IF(C6>0, IF(D6=C6, "FF", "Counted"), "") | G6: =SUMIFS(Faculty_Load!K:K, Faculty_Load!A:A,"CAYm1", Faculty_Load!B:B,$A6) | H6: =SUMIFS(Faculty_Load!M:M, Faculty_Load!A:A,"CAYm1", Faculty_Load!B:B,$A6) | I6: =IF(G6>0, H6/G6, "") | J6: =IF(G6>0, IF(H6=G6, "FF", "Counted"), "") | K6: =SUMIFS(Faculty_Load!K:K, Faculty_Load!A:A,"CAYm2", Faculty_Load!B:B,$A6) | L6: =SUMIFS(Faculty_Load!M:M, Faculty_Load!A:A,"CAYm2", Faculty_Load!B:B,$A6) | M6: =IF(K6>0, L6/K6, "") | N6: =IF(K6>0, IF(L6=K6, "FF", "Counted"), "")
A7: EMP003 | B7: Mr. E.F. LMN | C7: =SUMIFS(Faculty_Load!K:K, Faculty_Load!A:A,"CAY", Faculty_Load!B:B,$A7) | D7: =SUMIFS(Faculty_Load!M:M, Faculty_Load!A:A,"CAY", Faculty_Load!B:B,$A7) | E7: =IF(C7>0, D7/C7, "") | F7: =IF(C7>0, IF(D7=C7, "FF", "Counted"), "") | G7: =SUMIFS(Faculty_Load!K:K, Faculty_Load!A:A,"CAYm1", Faculty_Load!B:B,$A7) | H7: =SUMIFS(Faculty_Load!M:M, Faculty_Load!A:A,"CAYm1", Faculty_Load!B:B,$A7) | I7: =IF(G7>0, H7/G7, "") | J7: =IF(G7>0, IF(H7=G7, "FF", "Counted"), "") | K7: =SUMIFS(Faculty_Load!K:K, Faculty_Load!A:A,"CAYm2", Faculty_Load!B:B,$A7) | L7: =SUMIFS(Faculty_Load!M:M, Faculty_Load!A:A,"CAYm2", Faculty_Load!B:B,$A7) | M7: =IF(K7>0, L7/K7, "") | N7: =IF(K7>0, IF(L7=K7, "FF", "Counted"), "")
A8: EMP004 | B8: Ms. G.H. UVW | C8: =SUMIFS(Faculty_Load!K:K, Faculty_Load!A:A,"CAY", Faculty_Load!B:B,$A8) | D8: =SUMIFS(Faculty_Load!M:M, Faculty_Load!A:A,"CAY", Faculty_Load!B:B,$A8) | E8: =IF(C8>0, D8/C8, "") | F8: =IF(C8>0, IF(D8=C8, "FF", "Counted"), "") | G8: =SUMIFS(Faculty_Load!K:K, Faculty_Load!A:A,"CAYm1", Faculty_Load!B:B,$A8) | H8: =SUMIFS(Faculty_Load!M:M, Faculty_Load!A:A,"CAYm1", Faculty_Load!B:B,$A8) | I8: =IF(G8>0, H8/G8, "") | J8: =IF(G8>0, IF(H8=G8, "FF", "Counted"), "") | K8: =SUMIFS(Faculty_Load!K:K, Faculty_Load!A:A,"CAYm2", Faculty_Load!B:B,$A8) | L8: =SUMIFS(Faculty_Load!M:M, Faculty_Load!A:A,"CAYm2", Faculty_Load!B:B,$A8) | M8: =IF(K8>0, L8/K8, "") | N8: =IF(K8>0, IF(L8=K8, "FF", "Counted"), "")
